;SO150105;SO150108;SO150115;SO150122;SO150129;SO150204;SO150209;SO150216;SO150223;SO150304;SO150311;SO150316;SO150319;SO150323;SO150329;SO150420;SO150427;SO150504;SO150527;SO150601;SO150615;SO150622;SO150629;SO150715;SO150720;SO150817;SO150824;SO150831;SO150907;SO151012;SO151019;SO151026;SO151102;SO151109;SO151116;SO151130;SO151203;SO151214;SO151221;SO160107;SO160111;SO160114;SO160118;SO160121;SO160128;SO160215;SO160218;SO160222;SO160225;SO160307;SO160309;SO160314;SO160317;SO160321;SO160325;SO160331;SO160404;SO160411;SO160414;SO160418;SO160421;SO160425;SO160517;SO160523;SO160606;SO160613;SO160620;SO160627;SO160718;SO160802;SO160913;SO160920;SO161011;SO161019;SO161102;SO161109;SO161122;SO161201;SO161206;SO161209;SO161213;SO161219;SO170105;SO170109;SO170119;SO170124;SO170126;SO170131;SO170202;SO170207;SO170209;SO170215;SO170217;SO170221;SO170223;SO170302;SO170306;SO170309;SO170314;SO170316;SO170321;SO170328;SO170330
SO150105;0.000000;0.373303;0.489793;0.522055;0.473221;0.506997;0.568450;0.612839;0.605040;0.595036;0.620457;0.634486;0.658487;0.743349;0.727128;0.745254;0.781461;0.863522;0.842778;0.816126;0.909705;0.879038;0.869071;0.840745;0.835774;0.811927;0.782216;0.780673;0.814723;0.756356;0.741620;0.700729;0.708688;0.718911;0.751226;0.642099;0.657263;0.572751;0.604403;0.657897;0.596695;0.586149;0.616062;0.636270;0.513874;0.571633;0.605837;0.564823;0.621102;0.661491;0.625328;0.685565;0.716003;0.684346;0.904391;0.826822;0.734166;0.785584;0.793198;0.789471;0.752666;0.800364;0.870370;0.837190;0.790792;0.817412;0.836771;0.828188;0.870647;0.819844;0.775106;0.802837;0.786976;0.761474;0.678765;0.639241;0.591174;0.681490;0.633866;0.710507;0.652730;0.628285;0.527695;0.542269;0.524025;0.619072;0.665059;0.581016;0.675401;0.742545;0.645465;0.702535;0.707384;0.907466;0.846429;0.696938;0.657300;0.710367;0.728947;0.717962;0.778535;0.736452;0.823557
SO150108;0.373303;0.000000;0.430374;0.471391;0.424630;0.462270;0.510081;0.556822;0.567185;0.554733;0.590259;0.597071;0.615326;0.727307;0.704611;0.721874;0.764945;0.853318;0.836185;0.810517;0.908486;0.880282;0.873131;0.845244;0.840456;0.817927;0.781431;0.774552;0.812406;0.751740;0.732143;0.708240;0.703610;0.703817;0.754586;0.649269;0.655177;0.567705;0.588953;0.640081;0.577400;0.569081;0.599033;0.613853;0.486680;0.549869;0.577049;0.516035;0.585110;0.631368;0.585670;0.653859;0.684893;0.650460;0.892502;0.812826;0.711984;0.767848;0.775615;0.771852;0.741899;0.788265;0.860757;0.829634;0.787346;0.816820;0.842708;0.826571;0.870995;0.810577;0.770057;0.802969;0.788239;0.762794;0.676599;0.633253;0.581632;0.670099;0.620380;0.694744;0.633447;0.615878;0.498660;0.510654;0.475203;0.585924;0.624502;0.572454;0.659113;0.710753;0.618618;0.680031;0.679914;0.881406;0.819463;0.656153;0.617883;0.677129;0.705170;0.692818;0.754541;0.711533;0.803076
SO150115;0.489793;0.430374;0.000000;0.374009;0.468420;0.459449;0.493380;0.567763;0.498907;0.494506;0.614610;0.575673;0.561671;0.678160;0.683998;0.723344;0.777396;0.834062;0.830257;0.821885;0.893771;0.885399;0.893966;0.865561;0.858297;0.842803;0.797988;0.774700;0.822730;0.750545;0.736371;0.729710;0.702256;0.708964;0.752702;0.688292;0.681535;0.593362;0.577819;0.577321;0.543876;0.543197;0.573883;0.585176;0.550829;0.508185;0.516786;0.527465;0.499921;0.560300;0.517024;0.584503;0.601264;0.593091;0.853655;0.762615;0.675732;0.732597;0.753098;0.745056;0.743942;0.771061;0.829140;0.823115;0.810140;0.833263;0.860329;0.830265;0.878096;0.812457;0.785682;0.823555;0.804785;0.763001;0.661988;0.637111;0.628147;0.611067;0.555728;0.643535;0.617779;0.578617;0.461942;0.465183;0.491245;0.560585;0.601313;0.550248;0.611867;0.632234;0.532904;0.603544;0.638078;0.839002;0.771494;0.584066;0.570555;0.609697;0.642626;0.649692;0.705518;0.695715;0.761170
SO150122;0.522055;0.471391;0.374009;0.000000;0.405433;0.375597;0.398749;0.478986;0.404516;0.460466;0.547631;0.512282;0.526836;0.651827;0.640665;0.687041;0.741047;0.825457;0.811311;0.801744;0.890998;0.880313;0.884731;0.859579;0.853029;0.835007;0.789920;0.763828;0.817474;0.750017;0.734996;0.729458;0.704835;0.693548;0.745306;0.706174;0.705136;0.622570;0.599114;0.560848;0.575728;0.564744;0.601514;0.616078;0.567236;0.489984;0.501446;0.486712;0.485166;0.509548;0.470383;0.537525;0.568535;0.553776;0.842480;0.745516;0.648795;0.704908;0.730782;0.720182;0.715638;0.740585;0.811701;0.809113;0.790089;0.821815;0.851014;0.817201;0.873040;0.795615;0.777387;0.820261;0.802129;0.767280;0.666533;0.644758;0.653486;0.609052;0.569917;0.626229;0.584250;0.561300;0.496562;0.502158;0.529710;0.598720;0.617683;0.566544;0.631088;0.634615;0.544469;0.608185;0.618891;0.841165;0.771123;0.570246;0.561495;0.611929;0.626137;0.615234;0.684041;0.662397;0.742913
SO150129;0.473221;0.424630;0.468420;0.405433;0.000000;0.333716;0.362734;0.406772;0.446456;0.522752;0.497912;0.527531;0.587961;0.711419;0.654905;0.710386;0.751157;0.860205;0.827352;0.807893;0.918084;0.895481;0.882457;0.867122;0.864271;0.843511;0.810883;0.796687;0.836010;0.781722;0.767203;0.756849;0.739879;0.701511;0.778284;0.720733;0.726842;0.652993;0.647709;0.635765;0.635767;0.619738;0.653813;0.660714;0.524570;0.534918;0.551837;0.465433;0.576230;0.582652;0.539307;0.612789;0.660610;0.613314;0.880535;0.800239;0.698180;0.747408;0.764977;0.760112;0.736738;0.774706;0.852047;0.830444;0.796546;0.832731;0.861988;0.836224;0.882809;0.815435;0.788303;0.831907;0.817622;0.795742;0.691506;0.656889;0.660407;0.677136;0.650396;0.691232;0.614714;0.626470;0.550661;0.564128;0.547735;0.635608;0.662168;0.589683;0.668445;0.717768;0.637455;0.697247;0.668986;0.874579;0.811517;0.644896;0.608266;0.678282;0.684056;0.662415;0.739648;0.688914;0.794151
SO150204;0.506997;0.462270;0.459449;0.375597;0.333716;0.000000;0.326928;0.399501;0.392353;0.483073;0.493690;0.499438;0.552712;0.676742;0.634280;0.695232;0.743275;0.847783;0.821259;0.806336;0.909415;0.890363;0.886674;0.869896;0.866108;0.846711;0.808320;0.789501;0.834974;0.781279;0.767606;0.758109;0.739900;0.711483;0.775024;0.730273;0.734276;0.658787;0.647819;0.621128;0.624418;0.612368;0.647318;0.657535;0.552046;0.515279;0.532170;0.464595;0.535865;0.538956;0.497909;0.567593;0.616266;0.574001;0.866379;0.775596;0.668976;0.722957;0.745936;0.738397;0.724428;0.756288;0.837750;0.824154;0.794718;0.830737;0.861394;0.832829;0.882399;0.807464;0.792628;0.835925;0.821752;0.797655;0.694800;0.670921;0.678570;0.663878;0.634614;0.679118;0.615913;0.615544;0.542845;0.554146;0.554251;0.631649;0.662158;0.577085;0.652420;0.697158;0.604706;0.665281;0.651870;0.871789;0.802883;0.620421;0.590861;0.654514;0.657361;0.633956;0.716991;0.673471;0.773752
SO150209;0.568450;0.510081;0.493380;0.398749;0.362734;0.326928;0.000000;0.317309;0.395919;0.499390;0.498764;0.494798;0.541131;0.684589;0.631750;0.687562;0.737366;0.851049;0.823897;0.808297;0.918520;0.899025;0.893911;0.877995;0.874768;0.857325;0.818870;0.798688;0.840814;0.790952;0.775842;0.770890;0.750659;0.704073;0.781136;0.744964;0.751713;0.679429;0.667053;0.626548;0.643348;0.629022;0.671009;0.683895;0.590443;0.550790;0.567809;0.479905;0.556086;0.532235;0.493957;0.555993;0.604259;0.567458;0.866871;0.769318;0.656337;0.707951;0.736464;0.726297;0.725907;0.745138;0.840411;0.830113;0.798932;0.836200;0.872457;0.839024;0.885509;0.806217;0.797471;0.843024;0.831023;0.807046;0.712771;0.682503;0.692863;0.668871;0.645098;0.674554;0.607035;0.622303;0.579733;0.575938;0.584659;0.667931;0.681330;0.630568;0.691348;0.708334;0.625723;0.688225;0.665205;0.878504;0.803632;0.626381;0.617788;0.679235;0.673282;0.638711;0.722713;0.674843;0.778604
SO150216;0.612839;0.556822;0.567763;0.478986;0.406772;0.399501;0.317309;0.000000;0.445819;0.569595;0.482925;0.506935;0.583913;0.704459;0.602038;0.676348;0.715604;0.859958;0.815818;0.801902;0.920889;0.901240;0.888354;0.880159;0.878653;0.857762;0.830839;0.813524;0.845750;0.810895;0.791980;0.795725;0.777503;0.702530;0.799965;0.782210;0.783772;0.724092;0.700921;0.661334;0.711130;0.690867;0.719246;0.718777;0.616007;0.615635;0.611445;0.504899;0.629755;0.580610;0.547461;0.593675;0.644877;0.592897;0.860489;0.789464;0.683425;0.723166;0.750113;0.739453;0.731597;0.754236;0.836406;0.829213;0.799535;0.838840;0.875757;0.842581;0.887899;0.814671;0.803109;0.849402;0.841552;0.829032;0.728047;0.702148;0.729079;0.691209;0.683179;0.677257;0.597133;0.647554;0.625437;0.635818;0.627736;0.691326;0.695099;0.657460;0.702022;0.715619;0.690692;0.729945;0.666201;0.849655;0.781655;0.635464;0.622245;0.696719;0.695710;0.656453;0.744910;0.679518;0.782406
SO150223;0.605040;0.567185;0.498907;0.404516;0.446456;0.392353;0.395919;0.445819;0.000000;0.414986;0.470257;0.438600;0.487547;0.593481;0.567793;0.647863;0.708168;0.815920;0.796980;0.794769;0.892010;0.884451;0.889971;0.875592;0.870802;0.854645;0.806001;0.776371;0.831991;0.779620;0.766892;0.766928;0.740035;0.712395;0.766754;0.760820;0.759905;0.692623;0.655407;0.600665;0.642789;0.624376;0.652134;0.657448;0.616103;0.523058;0.524047;0.493248;0.503340;0.475933;0.456002;0.494867;0.536855;0.503301;0.822433;0.711551;0.607039;0.664155;0.699089;0.685478;0.690327;0.709017;0.791228;0.798254;0.787957;0.827748;0.862457;0.816034;0.879681;0.789098;0.793031;0.840253;0.826647;0.798961;0.710136;0.702984;0.722707;0.651512;0.629044;0.648119;0.612206;0.600454;0.558219;0.566951;0.597384;0.646114;0.661345;0.566702;0.616455;0.642401;0.556559;0.614815;0.612526;0.849565;0.762618;0.556423;0.547070;0.605115;0.590121;0.564848;0.664592;0.637551;0.722560
SO150304;0.595036;0.554733;0.494506;0.460466;0.522752;0.483073;0.499390;0.569595;0.414986;0.000000;0.506087;0.444767;0.454315;0.577749;0.595995;0.636918;0.711574;0.812306;0.805096;0.794084;0.893657;0.879147;0.889416;0.869558;0.863344;0.848009;0.793900;0.767630;0.825413;0.773047;0.755885;0.744108;0.726302;0.735229;0.769434;0.730575;0.729531;0.663821;0.641067;0.602040;0.588696;0.586573;0.611891;0.625214;0.603385;0.517294;0.527257;0.505726;0.477823;0.480579;0.457409;0.494083;0.528234;0.506498;0.829832;0.700845;0.580921;0.659771;0.682046;0.673864;0.669393;0.712538;0.801062;0.791591;0.777116;0.819006;0.854196;0.820727;0.880171;0.783903;0.788261;0.832615;0.819838;0.790443;0.730272;0.720227;0.703925;0.680267;0.639838;0.681314;0.654948;0.619581;0.548874;0.537894;0.563935;0.620120;0.638068;0.555522;0.620337;0.643708;0.519871;0.582479;0.617799;0.862075;0.779649;0.556664;0.547600;0.582612;0.587984;0.573445;0.662563;0.633944;0.726202
SO150311;0.620457;0.590259;0.614610;0.547631;0.497912;0.493690;0.498764;0.482925;0.470257;0.506087;0.000000;0.376949;0.506052;0.640448;0.538763;0.582020;0.636993;0.842272;0.794242;0.762663;0.912796;0.883855;0.864414;0.864537;0.865542;0.840753;0.810334;0.792918;0.827831;0.803850;0.781804;0.774652;0.767689;0.709598;0.785136;0.776777;0.782832;0.723399;0.702647;0.676452;0.713405;0.687938;0.711717;0.714288;0.624337;0.601454;0.607730;0.501582;0.611623;0.560112;0.546620;0.568606;0.627810;0.567265;0.854901;0.754918;0.614175;0.669628;0.692838;0.681698;0.657639;0.714029;0.823332;0.802104;0.747724;0.800292;0.855179;0.823874;0.874564;0.782154;0.777731;0.833015;0.827345;0.824972;0.741586;0.726282;0.742764;0.727688;0.714628;0.713186;0.647411;0.662254;0.632869;0.644992;0.639793;0.694727;0.701443;0.623244;0.686020;0.726520;0.665565;0.710693;0.670943;0.884807;0.808135;0.637802;0.605272;0.679896;0.652787;0.604687;0.710359;0.628160;0.762467
SO150316;0.634486;0.597071;0.575673;0.512282;0.527531;0.499438;0.494798;0.506935;0.438600;0.444767;0.376949;0.000000;0.397772;0.561025;0.484140;0.523258;0.601514;0.805016;0.770584;0.744393;0.892628;0.863767;0.863300;0.851140;0.849692;0.826930;0.783264;0.758032;0.802209;0.777121;0.748205;0.744692;0.734924;0.690194;0.758239;0.756708;0.761686;0.692424;0.666650;0.624556;0.672446;0.648874;0.677836;0.686840;0.633652;0.569016;0.573728;0.503719;0.548718;0.493125;0.486778;0.494246;0.548295;0.504358;0.829025;0.704005;0.537535;0.605956;0.635300;0.616452;0.612037;0.666859;0.790394;0.778737;0.726592;0.779055;0.839647;0.802552;0.859134;0.750909;0.760626;0.814589;0.810337;0.801596;0.732482;0.716842;0.726429;0.693827;0.673640;0.676781;0.624776;0.625819;0.603633;0.605682;0.624879;0.675467;0.676004;0.606266;0.661288;0.681247;0.607811;0.655500;0.637495;0.867908;0.782426;0.582557;0.571604;0.632690;0.601688;0.540552;0.657081;0.578054;0.716545
SO150319;0.658487;0.615326;0.561671;0.526836;0.587961;0.552712;0.541131;0.583913;0.487547;0.454315;0.506052;0.397772;0.000000;0.477750;0.480205;0.513344;0.607112;0.754278;0.746424;0.730499;0.867670;0.858916;0.871434;0.849915;0.844922;0.827657;0.758556;0.710600;0.787050;0.740377;0.714960;0.722549;0.695528;0.682199;0.733135;0.729411;0.732193;0.661385;0.630271;0.573234;0.638966;0.603039;0.635344;0.645587;0.634825;0.561615;0.556832;0.542138;0.518382;0.463881;0.463406;0.455160;0.483210;0.473126;0.775416;0.632621;0.466768;0.532663;0.558974;0.544644;0.579284;0.622171;0.739541;0.738484;0.718553;0.771126;0.832312;0.783295;0.853331;0.730144;0.740082;0.806209;0.790567;0.768881;0.715875;0.697408;0.707035;0.659091;0.628606;0.654723;0.622624;0.603416;0.574623;0.568597;0.616413;0.654777;0.646044;0.598920;0.633473;0.636965;0.573464;0.620861;0.640841;0.831293;0.749847;0.525055;0.551763;0.583991;0.545091;0.476529;0.569481;0.520169;0.642276
SO150323;0.743349;0.727307;0.678160;0.651827;0.711419;0.676742;0.684589;0.704459;0.593481;0.577749;0.640448;0.561025;0.477750;0.000000;0.524184;0.570048;0.654623;0.737383;0.745490;0.758555;0.835043;0.855367;0.882864;0.868010;0.861599;0.848767;0.781402;0.729236;0.809167;0.762955;0.751303;0.765942;0.731189;0.726917;0.750869;0.786098;0.783947;0.737159;0.683279;0.627926;0.722291;0.688986;0.697801;0.696742;0.733418;0.658867;0.646005;0.669509;0.621899;0.567634;0.584831;0.564763;0.564571;0.571227;0.737103;0.619111;0.552906;0.575491;0.602673;0.586998;0.617965;0.630998;0.701903;0.735971;0.752292;0.796930;0.837478;0.791474;0.863829;0.751905;0.772939;0.832868;0.813263;0.792954;0.747024;0.746369;0.774829;0.671181;0.661768;0.669618;0.684873;0.657503;0.659050;0.662728;0.707272;0.702992;0.703385;0.628631;0.632210;0.632852;0.632110;0.633349;0.660268;0.816026;0.745004;0.587390;0.618431;0.617401;0.560709;0.515127;0.569431;0.581900;0.597223
SO150329;0.727128;0.704611;0.683998;0.640665;0.654905;0.634280;0.631750;0.602038;0.567793;0.595995;0.538763;0.484140;0.480205;0.524184;0.000000;0.446093;0.521702;0.741221;0.692450;0.696055;0.858774;0.854188;0.860185;0.858852;0.857146;0.836639;0.785533;0.733373;0.797995;0.758386;0.739818;0.767518;0.737540;0.676894;0.755970;0.796848;0.797043;0.749588;0.714724;0.633436;0.760726;0.718350;0.736271;0.727387;0.712184;0.681831;0.666985;0.616036;0.661715;0.551272;0.570907;0.546141;0.573229;0.531335;0.718934;0.661266;0.524016;0.520227;0.551364;0.527875;0.571939;0.602791;0.687619;0.710044;0.713113;0.771249;0.833069;0.784393;0.849561;0.732131;0.741297;0.820233;0.803196;0.791099;0.724688;0.717524;0.772669;0.673413;0.686516;0.641406;0.605628;0.645447;0.665961;0.680970;0.706628;0.718918;0.704014;0.660276;0.666851;0.660296;0.691392;0.703125;0.658226;0.796551;0.735047;0.594493;0.615719;0.651239;0.599295;0.522653;0.590762;0.509869;0.595392
SO150420;0.745254;0.721874;0.723344;0.687041;0.710386;0.695232;0.687562;0.676348;0.647863;0.636918;0.582020;0.523258;0.513344;0.570048;0.446093;0.000000;0.413428;0.699016;0.685026;0.672567;0.853265;0.832483;0.837757;0.834578;0.834271;0.809982;0.760379;0.708659;0.771173;0.763539;0.725943;0.740937;0.734188;0.692854;0.747024;0.789273;0.793599;0.757402;0.727436;0.656350;0.763503;0.732100;0.748082;0.746600;0.737741;0.718924;0.712439;0.650082;0.694280;0.591990;0.618099;0.580518;0.603088;0.580280;0.750363;0.657561;0.514285;0.518030;0.525173;0.493657;0.517297;0.589988;0.677993;0.682666;0.669237;0.731716;0.807391;0.767268;0.837339;0.701891;0.720793;0.796543;0.789706;0.795978;0.759997;0.751167;0.770301;0.717353;0.717025;0.686431;0.663238;0.665343;0.695018;0.706244;0.712792;0.732109;0.699771;0.696099;0.717459;0.700588;0.716603;0.719913;0.700662;0.827184;0.767107;0.644752;0.669296;0.691008;0.639781;0.555544;0.608181;0.529956;0.615509
SO150427;0.781461;0.764945;0.777396;0.741047;0.751157;0.743275;0.737366;0.715604;0.708168;0.711574;0.636993;0.601514;0.607112;0.654623;0.521702;0.413428;0.000000;0.609006;0.620198;0.586264;0.806024;0.784049;0.758389;0.795667;0.796097;0.767499;0.735767;0.693778;0.724353;0.756479;0.720398;0.754294;0.743833;0.673016;0.734680;0.816696;0.822806;0.796485;0.773631;0.683647;0.812730;0.778658;0.795065;0.792626;0.781544;0.779895;0.775122;0.711641;0.767276;0.669082;0.693932;0.658523;0.683453;0.662985;0.801286;0.718498;0.592462;0.582400;0.594992;0.555888;0.568839;0.593802;0.692199;0.681693;0.594472;0.658791;0.759515;0.717316;0.771950;0.641715;0.708986;0.768616;0.767848;0.793396;0.761218;0.758139;0.797174;0.745568;0.760594;0.718103;0.682166;0.697709;0.750196;0.763117;0.767613;0.783037;0.755548;0.759092;0.784987;0.773484;0.791807;0.795909;0.761032;0.872083;0.824878;0.732904;0.752376;0.769572;0.722757;0.639470;0.680299;0.590982;0.683537
SO150504;0.863522;0.853318;0.834062;0.825457;0.860205;0.847783;0.851049;0.859958;0.815920;0.812306;0.842272;0.805016;0.754278;0.737383;0.741221;0.699016;0.609006;0.000000;0.644706;0.669613;0.709846;0.735520;0.787463;0.789721;0.783969;0.781450;0.730654;0.682924;0.715321;0.751850;0.736135;0.789387;0.760148;0.763526;0.739554;0.840950;0.836446;0.828642;0.799716;0.720285;0.838485;0.808006;0.815113;0.805068;0.845587;0.835042;0.824559;0.829624;0.818434;0.783157;0.795301;0.780621;0.777162;0.779975;0.791439;0.747591;0.738008;0.714908;0.706944;0.692754;0.712099;0.701596;0.677514;0.673331;0.700293;0.707705;0.743997;0.716658;0.776837;0.691899;0.746673;0.772355;0.764617;0.790089;0.792325;0.800668;0.839845;0.770167;0.785590;0.769323;0.776110;0.762314;0.799829;0.808837;0.830073;0.823982;0.804837;0.814897;0.816614;0.804598;0.833520;0.829159;0.828651;0.877474;0.852379;0.789387;0.814027;0.803804;0.767137;0.735538;0.729687;0.734164;0.722979
SO150527;0.842778;0.836185;0.830257;0.811311;0.827352;0.821259;0.823897;0.815818;0.796980;0.805096;0.794242;0.770584;0.746424;0.745490;0.692450;0.685026;0.620198;0.644706;0.000000;0.369305;0.644066;0.629448;0.635703;0.726670;0.733751;0.722611;0.682670;0.627742;0.642425;0.711707;0.693094;0.767214;0.732866;0.670818;0.717308;0.829800;0.828855;0.825107;0.800241;0.706535;0.843063;0.806368;0.815603;0.807521;0.827335;0.834038;0.824416;0.803146;0.823472;0.772734;0.786973;0.774158;0.784362;0.773749;0.810724;0.758566;0.724642;0.676792;0.671236;0.651684;0.677045;0.660992;0.632585;0.574185;0.578872;0.601864;0.661672;0.589064;0.670820;0.571007;0.669881;0.715571;0.696402;0.764850;0.749757;0.757675;0.824870;0.750013;0.781192;0.742798;0.714239;0.742679;0.799400;0.809103;0.824494;0.820634;0.803910;0.807460;0.818277;0.816553;0.839218;0.835514;0.815058;0.884983;0.850837;0.787717;0.807376;0.814260;0.769710;0.724578;0.729858;0.697356;0.725088
SO150601;0.816126;0.810517;0.821885;0.801744;0.807893;0.806336;0.808297;0.801902;0.794769;0.794084;0.762663;0.744393;0.730499;0.758555;0.696055;0.672567;0.586264;0.669613;0.369305;0.000000;0.638027;0.588291;0.540818;0.654280;0.662151;0.645680;0.615723;0.577734;0.579207;0.671598;0.649825;0.720900;0.707534;0.627421;0.686454;0.795261;0.800132;0.793497;0.782861;0.707017;0.827415;0.789207;0.804578;0.803586;0.804309;0.822363;0.823624;0.789721;0.821558;0.775005;0.789412;0.781059;0.799189;0.786054;0.858768;0.792084;0.726684;0.693830;0.679670;0.660467;0.656330;0.661052;0.685100;0.591061;0.465940;0.492695;0.605493;0.536416;0.587998;0.497398;0.610115;0.649012;0.638202;0.733880;0.738734;0.741375;0.796230;0.757113;0.788679;0.754527;0.712978;0.744667;0.795191;0.802993;0.813949;0.826334;0.808506;0.813897;0.835609;0.840834;0.841931;0.849340;0.830424;0.912088;0.876841;0.802270;0.816524;0.831373;0.788573;0.732731;0.747245;0.696838;0.753259
SO150615;0.909705;0.908486;0.893771;0.890998;0.918084;0.909415;0.918520;0.920889;0.892010;0.893657;0.912796;0.892628;0.867670;0.835043;0.858774;0.853265;0.806024;0.709846;0.644066;0.638027;0.000000;0.486957;0.661422;0.693092;0.701880;0.715854;0.677248;0.643911;0.638068;0.713543;0.715163;0.808888;0.770591;0.768948;0.728380;0.865605;0.857389;0.870349;0.848379;0.791987;0.890391;0.865517;0.862891;0.855847;0.896803;0.902292;0.894391;0.910534;0.895977;0.884610;0.892593;0.886353;0.884010;0.886306;0.882943;0.853687;0.858602;0.831265;0.824633;0.812658;0.833446;0.799734;0.757052;0.705419;0.689422;0.654428;0.630597;0.620553;0.666853;0.650661;0.712365;0.708364;0.679664;0.773072;0.790338;0.807739;0.868507;0.792001;0.822873;0.812164;0.816066;0.815093;0.864029;0.875103;0.892750;0.880247;0.876891;0.876048;0.875394;0.877444;0.895772;0.883065;0.886664;0.929276;0.905630;0.870863;0.887289;0.883243;0.856420;0.843452;0.835537;0.852080;0.834088
SO150622;0.879038;0.880282;0.885399;0.880313;0.895481;0.890363;0.899025;0.901240;0.884451;0.879147;0.883855;0.863767;0.858916;0.855367;0.854188;0.832483;0.784049;0.735520;0.629448;0.588291;0.486957;0.000000;0.510614;0.583132;0.585071;0.615783;0.602702;0.612843;0.554159;0.684086;0.671602;0.746626;0.740868;0.725830;0.692349;0.829606;0.831947;0.839491;0.835733;0.796041;0.880696;0.857892;0.860916;0.859602;0.879250;0.895834;0.899596;0.891337;0.898118;0.883498;0.893036;0.884183;0.893615;0.889706;0.922677;0.886606;0.858218;0.843825;0.835528;0.820623;0.817642;0.809703;0.813962;0.736807;0.629483;0.573579;0.573020;0.587328;0.585725;0.565264;0.652035;0.624982;0.626693;0.737691;0.779949;0.798927;0.847249;0.810464;0.839328;0.822925;0.807390;0.815853;0.862451;0.872284;0.880486;0.881889;0.875245;0.878642;0.896715;0.902048;0.900723;0.895056;0.895297;0.949701;0.930294;0.893914;0.901757;0.903434;0.883720;0.858505;0.865296;0.853264;0.870181
SO150629;0.869071;0.873131;0.893966;0.884731;0.882457;0.886674;0.893911;0.888354;0.889971;0.889416;0.864414;0.863300;0.871434;0.882864;0.860185;0.837757;0.758389;0.787463;0.635703;0.540818;0.661422;0.510614;0.000000;0.507038;0.521838;0.537907;0.573354;0.628001;0.548872;0.697040;0.690012;0.749043;0.761731;0.698531;0.708436;0.830673;0.838237;0.845302;0.846773;0.817915;0.893885;0.869174;0.877329;0.876059;0.874578;0.902429;0.908409;0.884203;0.910982;0.893539;0.900596;0.896594;0.910303;0.899760;0.944220;0.911280;0.876753;0.866433;0.859982;0.846005;0.823506;0.823755;0.850564;0.761086;0.568746;0.500906;0.551558;0.553435;0.480889;0.539379;0.612846;0.588912;0.618616;0.752319;0.781102;0.791984;0.843982;0.834870;0.862096;0.842368;0.806439;0.828887;0.874839;0.883657;0.885508;0.896717;0.886661;0.894287;0.914485;0.921262;0.917457;0.919792;0.910826;0.961940;0.945142;0.908375;0.912748;0.920613;0.902612;0.874508;0.885569;0.859560;0.893081
SO150715;0.840745;0.845244;0.865561;0.859579;0.867122;0.869896;0.877995;0.880159;0.875592;0.869558;0.864537;0.851140;0.849915;0.868010;0.858852;0.834578;0.795667;0.789721;0.726670;0.654280;0.693092;0.583132;0.507038;0.000000;0.298577;0.380627;0.463971;0.553885;0.474589;0.627811;0.614543;0.655249;0.701973;0.690415;0.633040;0.768491;0.789436;0.792201;0.803565;0.774585;0.858445;0.829987;0.844376;0.852715;0.853821;0.872513;0.882686;0.865488;0.883167;0.868736;0.877118;0.874229;0.888789;0.882611;0.943042;0.900276;0.855715;0.850025;0.843516;0.824936;0.796844;0.801166;0.847161;0.774129;0.605274;0.509967;0.478304;0.529834;0.506309;0.555510;0.541827;0.477211;0.553122;0.663247;0.738506;0.748968;0.798013;0.803431;0.819174;0.812033;0.780589;0.792860;0.843163;0.851628;0.862221;0.878232;0.871624;0.875884;0.899781;0.907900;0.894259;0.902175;0.900782;0.958749;0.940236;0.892334;0.895275;0.905146;0.888717;0.859831;0.872731;0.852794;0.884265
SO150720;0.835774;0.840456;0.858297;0.853029;0.864271;0.866108;0.874768;0.878653;0.870802;0.863344;0.865542;0.849692;0.844922;0.861599;0.857146;0.834271;0.796097;0.783969;0.733751;0.662151;0.701880;0.585071;0.521838;0.298577;0.000000;0.362274;0.421572;0.531691;0.463311;0.612819;0.603331;0.636314;0.686657;0.684281;0.626232;0.756098;0.779311;0.780653;0.794945;0.767087;0.847509;0.821018;0.836254;0.846032;0.852467;0.867679;0.879413;0.865125;0.876772;0.866106;0.873956;0.870017;0.884501;0.878326;0.941839;0.896865;0.850167;0.847994;0.840248;0.822835;0.797242;0.804976;0.849081;0.780457;0.600904;0.513458;0.506863;0.544286;0.484135;0.542449;0.544320;0.461494;0.547219;0.639692;0.738479;0.750543;0.789307;0.794829;0.810250;0.807778;0.780041;0.786432;0.835148;0.844705;0.855787;0.871961;0.866769;0.870558;0.896077;0.903793;0.887730;0.895340;0.897634;0.958775;0.939291;0.888562;0.892741;0.900630;0.884178;0.855082;0.867748;0.848808;0.880815
SO150817;0.811927;0.817927;0.842803;0.835007;0.843511;0.846711;0.857325;0.857762;0.854645;0.848009;0.840753;0.826930;0.827657;0.848767;0.836639;0.809982;0.767499;0.781450;0.722611;0.645680;0.715854;0.615783;0.537907;0.380627;0.362274;0.000000;0.360485;0.488320;0.428195;0.577420;0.560534;0.610103;0.656063;0.629828;0.596013;0.738120;0.757933;0.761428;0.773382;0.742513;0.832471;0.801741;0.816866;0.824587;0.826210;0.848739;0.861409;0.840804;0.861375;0.847350;0.854983;0.852164;0.867636;0.860137;0.932532;0.880993;0.829171;0.830122;0.823004;0.805112;0.772228;0.786138;0.838340;0.762577;0.579889;0.512888;0.527271;0.546275;0.469077;0.550816;0.488595;0.417976;0.504378;0.625248;0.707185;0.719707;0.765614;0.770315;0.790653;0.781972;0.742798;0.757301;0.814012;0.825296;0.835537;0.854148;0.845596;0.853592;0.882404;0.890755;0.876575;0.885175;0.881804;0.951518;0.928463;0.872484;0.875728;0.887945;0.870034;0.838039;0.852495;0.828825;0.866873
SO150824;0.782216;0.781431;0.797988;0.789920;0.810883;0.808320;0.818870;0.830839;0.806001;0.793900;0.810334;0.783264;0.758556;0.781402;0.785533;0.760379;0.735767;0.730654;0.682670;0.615723;0.677248;0.602702;0.573354;0.463971;0.421572;0.360485;0.000000;0.405880;0.414567;0.527229;0.519539;0.579732;0.608457;0.611658;0.572493;0.698234;0.714422;0.710426;0.720063;0.680190;0.779807;0.736475;0.752999;0.762951;0.778525;0.792234;0.803659;0.794833;0.800341;0.785449;0.794484;0.788360;0.802078;0.798037;0.886757;0.812161;0.753874;0.756937;0.748152;0.730183;0.710653;0.722130;0.775579;0.698998;0.550863;0.510694;0.535814;0.526140;0.499943;0.521174;0.474997;0.444393;0.479633;0.595533;0.675953;0.683827;0.728396;0.716738;0.738603;0.738118;0.705372;0.708948;0.762861;0.771371;0.789705;0.810777;0.803118;0.806132;0.834173;0.844885;0.824226;0.838187;0.843118;0.927726;0.895352;0.814616;0.820840;0.833208;0.806200;0.770133;0.784474;0.767781;0.805744
SO150831;0.780673;0.774552;0.774700;0.763828;0.796687;0.789501;0.798688;0.813524;0.776371;0.767630;0.792918;0.758032;0.710600;0.729236;0.733373;0.708659;0.693778;0.682924;0.627742;0.577734;0.643911;0.612843;0.628001;0.553885;0.531691;0.488320;0.405880;0.000000;0.420379;0.489604;0.482186;0.575999;0.564771;0.590817;0.559683;0.701792;0.710282;0.704273;0.696852;0.635083;0.762789;0.713443;0.732444;0.736740;0.765699;0.768383;0.769983;0.770550;0.767572;0.736855;0.750005;0.741375;0.750753;0.750325;0.830528;0.743905;0.695267;0.679772;0.668000;0.650197;0.651903;0.664610;0.688328;0.622624;0.534604;0.522199;0.549697;0.515767;0.569364;0.506154;0.460849;0.483889;0.478254;0.582741;0.648779;0.655173;0.718506;0.680368;0.707741;0.699563;0.679186;0.674970;0.730599;0.741982;0.768403;0.784776;0.771232;0.776761;0.799839;0.802670;0.797492;0.809205;0.815167;0.898979;0.861552;0.767309;0.782330;0.792360;0.751948;0.708917;0.712591;0.704598;0.733257
SO150907;0.814723;0.812406;0.822730;0.817474;0.836010;0.834974;0.840814;0.845750;0.831991;0.825413;0.827831;0.802209;0.787050;0.809167;0.797995;0.771173;0.724353;0.715321;0.642425;0.579207;0.638068;0.554159;0.548872;0.474589;0.463311;0.428195;0.414567;0.420379;0.000000;0.530913;0.504490;0.595577;0.613115;0.589855;0.564043;0.731147;0.746903;0.748423;0.752375;0.695897;0.815333;0.775512;0.792305;0.798050;0.812604;0.826846;0.834289;0.821957;0.833578;0.812407;0.822323;0.816062;0.828840;0.824724;0.899240;0.838512;0.782434;0.779293;0.771263;0.751821;0.733247;0.738235;0.774544;0.694354;0.544029;0.472498;0.501743;0.499402;0.494964;0.479821;0.487481;0.445397;0.485928;0.610897;0.677219;0.688644;0.754620;0.731936;0.761304;0.744992;0.715313;0.724295;0.788181;0.797143;0.817950;0.834327;0.823982;0.833271;0.855730;0.860117;0.851211;0.861423;0.862608;0.930273;0.903745;0.839363;0.849589;0.858748;0.834933;0.797387;0.809981;0.789740;0.823971
SO151012;0.756356;0.751740;0.750545;0.750017;0.781722;0.781279;0.790952;0.810895;0.779620;0.773047;0.803850;0.777121;0.740377;0.762955;0.758386;0.763539;0.756479;0.751850;0.711707;0.671598;0.713543;0.684086;0.697040;0.627811;0.612819;0.577420;0.527229;0.489604;0.530913;0.000000;0.370053;0.476068;0.452893;0.530554;0.521497;0.621385;0.632158;0.635945;0.643625;0.628834;0.738425;0.684764;0.701958;0.700734;0.738171;0.757658;0.763468;0.767470;0.768368;0.753046;0.759214;0.771998;0.781526;0.778588;0.860214;0.791290;0.742688;0.736070;0.732015;0.726787;0.721651;0.739180;0.765786;0.705508;0.642588;0.621046;0.627456;0.613423;0.660605;0.627797;0.513379;0.534867;0.478285;0.481081;0.584683;0.577049;0.652289;0.640657;0.668483;0.680974;0.656034;0.658165;0.704714;0.713861;0.746883;0.762364;0.755655;0.767302;0.787883;0.789367;0.781617;0.798035;0.810030;0.892566;0.862069;0.768331;0.777674;0.784201;0.764302;0.741769;0.749223;0.739763;0.775466
SO151019;0.741620;0.732143;0.736371;0.734996;0.767203;0.767606;0.775842;0.791980;0.766892;0.755885;0.781804;0.748205;0.714960;0.751303;0.739818;0.725943;0.720398;0.736135;0.693094;0.649825;0.715163;0.671602;0.690012;0.614543;0.603331;0.560534;0.519539;0.482186;0.504490;0.370053;0.000000;0.450246;0.441549;0.502381;0.503083;0.612460;0.617636;0.624417;0.633895;0.612864;0.726631;0.669742;0.686004;0.688199;0.720101;0.751422;0.756379;0.748486;0.758067;0.739889;0.745716;0.755571;0.765656;0.763729;0.852997;0.783206;0.722229;0.723616;0.718008;0.709046;0.695148;0.727426;0.761483;0.695656;0.615008;0.595896;0.615088;0.602838;0.651792;0.606208;0.496741;0.509492;0.470607;0.506846;0.596396;0.583076;0.630422;0.635297;0.655120;0.666228;0.637835;0.639528;0.686553;0.695792;0.726111;0.746440;0.731550;0.755514;0.780518;0.779110;0.772642;0.786231;0.797226;0.885387;0.853965;0.754133;0.769091;0.774934;0.755277;0.725219;0.734743;0.716541;0.760645
SO151026;0.700729;0.708240;0.729710;0.729458;0.756849;0.758109;0.770890;0.795725;0.766928;0.744108;0.774652;0.744692;0.722549;0.765942;0.767518;0.740937;0.754294;0.789387;0.767214;0.720900;0.808888;0.746626;0.749043;0.655249;0.636314;0.610103;0.579732;0.575999;0.595577;0.476068;0.450246;0.000000;0.448337;0.587440;0.544871;0.535062;0.574677;0.568361;0.612962;0.632220;0.686220;0.644851;0.670582;0.693978;0.707246;0.730992;0.752562;0.742022;0.746938;0.739122;0.745060;0.755908;0.771799;0.768844;0.888358;0.806491;0.731196;0.750691;0.744928;0.735765;0.698633;0.752417;0.820446;0.764020;0.654996;0.644032;0.667056;0.676390;0.718229;0.674999;0.586266;0.574229;0.567116;0.540537;0.630942;0.618451;0.604754;0.671571;0.670748;0.707012;0.676770;0.657140;0.683067;0.690026;0.712771;0.751555;0.750112;0.752829;0.796110;0.805622;0.764154;0.788172;0.809465;0.921067;0.883747;0.778983;0.779765;0.792898;0.779992;0.752350;0.774679;0.745725;0.806090
SO151102;0.708688;0.703610;0.702256;0.704835;0.739879;0.739900;0.750659;0.777503;0.740035;0.726302;0.767689;0.734924;0.695528;0.731189;0.737540;0.734188;0.743833;0.760148;0.732866;0.707534;0.770591;0.740868;0.761731;0.701973;0.686657;0.656063;0.608457;0.564771;0.613115;0.452893;0.441549;0.448337;0.000000;0.508158;0.515431;0.570050;0.581424;0.576576;0.591184;0.593662;0.677751;0.629078;0.648043;0.654929;0.690075;0.718627;0.725777;0.724876;0.726539;0.714225;0.714971;0.727810;0.736319;0.734595;0.848929;0.769446;0.706191;0.718134;0.717210;0.711143;0.704030;0.737207;0.773275;0.727346;0.672366;0.676200;0.693016;0.676172;0.728667;0.670631;0.580329;0.605351;0.570376;0.547851;0.575008;0.562892;0.595430;0.604088;0.611639;0.653990;0.631282;0.615089;0.644999;0.654215;0.692069;0.719952;0.718723;0.725768;0.759171;0.764680;0.743355;0.762330;0.784579;0.890821;0.850098;0.736226;0.747409;0.756311;0.736430;0.712929;0.730668;0.712342;0.762197
SO151109;0.718911;0.703817;0.708964;0.693548;0.701511;0.711483;0.704073;0.702530;0.712395;0.735229;0.709598;0.690194;0.682199;0.726917;0.676894;0.692854;0.673016;0.763526;0.670818;0.627421;0.768948;0.725830;0.698531;0.690415;0.684281;0.629828;0.611658;0.590817;0.589855;0.530554;0.502381;0.587440;0.508158;0.000000;0.501655;0.664572;0.676539;0.660989;0.650271;0.568082;0.746943;0.688347;0.717328;0.719042;0.703149;0.739363;0.732619;0.708309;0.745400;0.692482;0.696245;0.702472;0.718652;0.706570;0.829364;0.762501;0.695076;0.688136;0.709677;0.691690;0.694121;0.686191;0.747376;0.728149;0.624754;0.628456;0.693494;0.642363;0.669930;0.605447;0.560657;0.610104;0.580232;0.600893;0.524050;0.516667;0.643499;0.548141;0.600919;0.572872;0.513753;0.574901;0.665017;0.680247;0.720616;0.751279;0.736612;0.733294;0.753538;0.751849;0.763763;0.783510;0.757894;0.869893;0.820321;0.719098;0.740014;0.764829;0.733093;0.691527;0.728618;0.692602;0.751324
SO151116;0.751226;0.754586;0.752702;0.745306;0.778284;0.775024;0.781136;0.799965;0.766754;0.769434;0.785136;0.758239;0.733135;0.750869;0.755970;0.747024;0.734680;0.739554;0.717308;0.686454;0.728380;0.692349;0.708436;0.633040;0.626232;0.596013;0.572493;0.559683;0.564043;0.521497;0.503083;0.544871;0.515431;0.501655;0.000000;0.671426;0.689811;0.680504;0.659657;0.586781;0.749311;0.702025;0.726193;0.737399;0.759857;0.758143;0.763403;0.770469;0.767508;0.730625;0.746413;0.740092;0.751956;0.751448;0.848032;0.765804;0.714633;0.713211;0.723669;0.701509;0.699997;0.687164;0.766113;0.738826;0.650040;0.618048;0.616321;0.612947;0.673469;0.627904;0.566313;0.579281;0.546058;0.595646;0.568048;0.593576;0.695414;0.602091;0.633503;0.616131;0.605483;0.591057;0.696985;0.717506;0.754928;0.775449;0.769058;0.760073;0.785285;0.786141;0.778797;0.794990;0.798474;0.902853;0.857422;0.775542;0.789261;0.802083;0.772892;0.737078;0.764759;0.747571;0.780162
SO151130;0.642099;0.649269;0.688292;0.706174;0.720733;0.730273;0.744964;0.782210;0.760820;0.730575;0.776777;0.756708;0.729411;0.786098;0.796848;0.789273;0.816696;0.840950;0.829800;0.795261;0.865605;0.829606;0.830673;0.768491;0.756098;0.738120;0.698234;0.701792;0.731147;0.621385;0.612460;0.535062;0.570050;0.664572;0.671426;0.000000;0.449993;0.450164;0.553809;0.646791;0.607009;0.568057;0.594860;0.631622;0.626636;0.688513;0.715165;0.712374;0.715813;0.742286;0.726014;0.760326;0.777189;0.768583;0.905097;0.836423;0.762224;0.791646;0.781549;0.786314;0.755126;0.801005;0.866357;0.811372;0.750081;0.753010;0.770389;0.777891;0.811638;0.777399;0.709934;0.702588;0.683260;0.627743;0.681248;0.622307;0.510714;0.676360;0.641872;0.735094;0.691204;0.671961;0.634303;0.623391;0.652797;0.714175;0.731240;0.730131;0.779382;0.802226;0.737764;0.779451;0.809632;0.916087;0.882899;0.767492;0.755333;0.777955;0.782281;0.767374;0.791141;0.765931;0.830243
SO151203;0.657263;0.655177;0.681535;0.705136;0.726842;0.734276;0.751713;0.783772;0.759905;0.729531;0.782832;0.761686;0.732193;0.783947;0.797043;0.793599;0.822806;0.836446;0.828855;0.800132;0.857389;0.831947;0.838237;0.789436;0.779311;0.757933;0.714422;0.710282;0.746903;0.632158;0.617636;0.574677;0.581424;0.676539;0.689811;0.449993;0.000000;0.464382;0.537333;0.654768;0.609168;0.575853;0.585281;0.593857;0.625595;0.694050;0.713112;0.714540;0.714435;0.747730;0.728322;0.763041;0.773422;0.765998;0.892717;0.819777;0.768056;0.794589;0.783824;0.790828;0.766091;0.808470;0.858243;0.803031;0.764440;0.771518;0.785149;0.787294;0.823157;0.791718;0.719514;0.720709;0.692624;0.651525;0.693301;0.635529;0.511991;0.673032;0.638325;0.735059;0.696351;0.673878;0.626706;0.617204;0.640961;0.688552;0.699372;0.717522;0.760896;0.779991;0.731302;0.765753;0.796435;0.894962;0.867285;0.751595;0.742288;0.757353;0.767584;0.762009;0.778257;0.761368;0.819609
SO151214;0.572751;0.567705;0.593362;0.622570;0.652993;0.658787;0.679429;0.724092;0.692623;0.663821;0.723399;0.692424;0.661385;0.737159;0.749588;0.757402;0.796485;0.828642;0.825107;0.793497;0.870349;0.839491;0.845302;0.792201;0.780653;0.761428;0.710426;0.704273;0.748423;0.635945;0.624417;0.568361;0.576576;0.660989;0.680504;0.450164;0.464382;0.000000;0.454148;0.602079;0.544673;0.505675;0.532584;0.564968;0.541355;0.592745;0.621051;0.635498;0.622535;0.675091;0.646363;0.699251;0.716005;0.704928;0.886714;0.797967;0.717998;0.758872;0.756260;0.757359;0.729979;0.777529;0.847869;0.799332;0.750852;0.762195;0.787012;0.779588;0.824354;0.775715;0.710109;0.726642;0.704927;0.656725;0.652945;0.592755;0.495715;0.636872;0.583460;0.695055;0.652616;0.623233;0.546897;0.542191;0.571602;0.638914;0.669447;0.657021;0.707055;0.733360;0.652217;0.710040;0.750520;0.884719;0.837771;0.696165;0.672716;0.705697;0.723609;0.713153;0.747963;0.727642;0.799210
SO151221;0.604403;0.588953;0.577819;0.599114;0.647709;0.647819;0.667053;0.700921;0.655407;0.641067;0.702647;0.666650;0.630271;0.683279;0.714724;0.727436;0.773631;0.799716;0.800241;0.782861;0.848379;0.835733;0.846773;0.803565;0.794945;0.773382;0.720063;0.696852;0.752375;0.643625;0.633895;0.612962;0.591184;0.650271;0.659657;0.553809;0.537333;0.454148;0.000000;0.556709;0.558883;0.518861;0.531606;0.540858;0.554348;0.574142;0.574318;0.614710;0.589343;0.634653;0.610728;0.656817;0.665570;0.661341;0.827216;0.733968;0.683291;0.718188;0.726406;0.721187;0.709056;0.736018;0.794754;0.769369;0.751699;0.768628;0.789061;0.766686;0.827930;0.771429;0.712944;0.743458;0.714278;0.682804;0.650359;0.604509;0.562749;0.592544;0.543226;0.639012;0.620475;0.576930;0.527083;0.535071;0.572340;0.607974;0.633604;0.606064;0.644551;0.658451;0.610804;0.649991;0.691791;0.831546;0.771505;0.622811;0.608607;0.646174;0.659038;0.661294;0.702607;0.696153;0.747482
SO160107;0.657897;0.640081;0.577321;0.560848;0.635765;0.621128;0.626548;0.661334;0.600665;0.602040;0.676452;0.624556;0.573234;0.627926;0.633436;0.656350;0.683647;0.720285;0.706535;0.707017;0.791987;0.796041;0.817915;0.774585;0.767087;0.742513;0.680190;0.635083;0.695897;0.628834;0.612864;0.632220;0.593662;0.568082;0.586781;0.646791;0.654768;0.602079;0.556709;0.000000;0.581764;0.524389;0.575037;0.593308;0.625823;0.550889;0.534693;0.588087;0.542830;0.519081;0.519091;0.527149;0.538768;0.552706;0.747310;0.632389;0.559704;0.577637;0.614817;0.597960;0.618237;0.602567;0.687029;0.704897;0.683405;0.712936;0.742857;0.702741;0.778660;0.670940;0.675007;0.723554;0.695870;0.671653;0.595354;0.591304;0.654460;0.519901;0.513602;0.530768;0.515811;0.484499;0.542079;0.551372;0.627991;0.659368;0.663113;0.624144;0.649731;0.641021;0.610545;0.646054;0.672215;0.828081;0.760874;0.599423;0.620538;0.643165;0.623237;0.597928;0.642717;0.636061;0.675379
SO160111;0.596695;0.577400;0.543876;0.575728;0.635767;0.624418;0.643348;0.711130;0.642789;0.588696;0.713405;0.672446;0.638966;0.722291;0.760726;0.763503;0.812730;0.838485;0.843063;0.827415;0.890391;0.880696;0.893885;0.858445;0.847509;0.832471;0.779807;0.762789;0.815333;0.738425;0.726631;0.686220;0.677751;0.746943;0.749311;0.607009;0.609168;0.544673;0.558883;0.581764;0.000000;0.463607;0.495121;0.533845;0.572841;0.535612;0.563867;0.606743;0.527353;0.618756;0.578587;0.637298;0.647156;0.647030;0.861875;0.754498;0.684278;0.741809;0.748745;0.750242;0.738765;0.779098;0.833978;0.814536;0.796828;0.821132;0.844266;0.823722;0.870638;0.804029;0.793371;0.812692;0.798356;0.742461;0.724285;0.696758;0.613734;0.672945;0.596175;0.714865;0.698122;0.631332;0.532174;0.512336;0.551377;0.614833;0.664263;0.614582;0.678374;0.708892;0.583767;0.645919;0.724574;0.893624;0.836570;0.667074;0.650883;0.662922;0.689894;0.702106;0.741054;0.736260;0.793575
SO160114;0.586149;0.569081;0.543197;0.564744;0.619738;0.612368;0.629022;0.690867;0.624376;0.586573;0.687938;0.648874;0.603039;0.688986;0.718350;0.732100;0.778658;0.808006;0.806368;0.789207;0.865517;0.857892;0.869174;0.829987;0.821018;0.801741;0.736475;0.713443;0.775512;0.684764;0.669742;0.644851;0.629078;0.688347;0.702025;0.568057;0.575853;0.505675;0.518861;0.524389;0.463607;0.000000;0.461209;0.505599;0.534721;0.517757;0.535834;0.582031;0.522504;0.585334;0.553422;0.603611;0.618310;0.616997;0.838314;0.727700;0.646703;0.700298;0.708136;0.711053;0.698761;0.736588;0.801213;0.779914;0.761273;0.787329;0.814799;0.787079;0.840850;0.764661;0.736931;0.771249;0.749565;0.706230;0.670705;0.638171;0.586475;0.625505;0.561801;0.670198;0.645148;0.588826;0.512052;0.494009;0.554877;0.613517;0.652844;0.604250;0.660558;0.694658;0.586342;0.651165;0.708986;0.877923;0.819386;0.637980;0.624801;0.648445;0.659392;0.660083;0.699480;0.692847;0.755337
SO160118;0.616062;0.599033;0.573883;0.601514;0.653813;0.647318;0.671009;0.719246;0.652134;0.611891;0.711717;0.677836;0.635344;0.697801;0.736271;0.748082;0.795065;0.815113;0.815603;0.804578;0.862891;0.860916;0.877329;0.844376;0.836254;0.816866;0.752999;0.732444;0.792305;0.701958;0.686004;0.670582;0.648043;0.717328;0.726193;0.594860;0.585281;0.532584;0.531606;0.575037;0.495121;0.461209;0.000000;0.479106;0.553863;0.556440;0.561838;0.611383;0.557732;0.624485;0.594932;0.639022;0.645154;0.645261;0.827559;0.733475;0.674035;0.725225;0.727373;0.734642;0.722191;0.763159;0.805415;0.779972;0.778803;0.804933;0.824463;0.801137;0.854434;0.789161;0.755377;0.787655;0.764980;0.728917;0.702635;0.672994;0.606106;0.647557;0.582651;0.693446;0.679817;0.621000;0.534946;0.516884;0.564990;0.596874;0.634541;0.602585;0.650366;0.685915;0.598168;0.641299;0.708929;0.862860;0.813200;0.644428;0.630952;0.638534;0.656704;0.671337;0.702496;0.702779;0.756252
SO160121;0.636270;0.613853;0.585176;0.616078;0.660714;0.657535;0.683895;0.718777;0.657448;0.625214;0.714288;0.686840;0.645587;0.696742;0.727387;0.746600;0.792626;0.805068;0.807521;0.803586;0.855847;0.859602;0.876059;0.852715;0.846032;0.824587;0.762951;0.736740;0.798050;0.700734;0.688199;0.693978;0.654929;0.719042;0.737399;0.631622;0.593857;0.564968;0.540858;0.593308;0.533845;0.505599;0.479106;0.000000;0.563226;0.579755;0.570282;0.608484;0.571357;0.638106;0.605209;0.651808;0.655257;0.647200;0.796448;0.717778;0.683263;0.727820;0.729263;0.737902;0.729973;0.768164;0.791980;0.768069;0.785262;0.813259;0.830965;0.802869;0.860892;0.797563;0.756442;0.795983;0.768275;0.742693;0.703836;0.675027;0.619862;0.652201;0.593777;0.695498;0.684270;0.629993;0.538549;0.529216;0.560510;0.561076;0.585771;0.589498;0.624842;0.659446;0.608830;0.635919;0.687156;0.822000;0.791633;0.632130;0.617555;0.605684;0.641449;0.667448;0.690199;0.688966;0.733652
SO160128;0.513874;0.486680;0.550829;0.567236;0.524570;0.552046;0.590443;0.616007;0.616103;0.603385;0.624337;0.633652;0.634825;0.733418;0.712184;0.737741;0.781544;0.845587;0.827335;0.804309;0.896803;0.879250;0.874578;0.853821;0.852467;0.826210;0.778525;0.765699;0.812604;0.738171;0.720101;0.707246;0.690075;0.703149;0.759857;0.626636;0.625595;0.541355;0.554348;0.625823;0.572841;0.534721;0.553863;0.563226;0.000000;0.525859;0.538099;0.508672;0.573814;0.629400;0.575939;0.650612;0.679219;0.644972;0.865346;0.788437;0.701104;0.755227;0.759099;0.762385;0.730757;0.776359;0.840233;0.798597;0.780281;0.813718;0.838075;0.816476;0.869602;0.807774;0.745459;0.798776;0.778648;0.768384;0.690139;0.638291;0.592750;0.681505;0.632652;0.706504;0.646204;0.633305;0.526127;0.533976;0.523546;0.607565;0.632585;0.586186;0.658526;0.719901;0.643242;0.702997;0.702114;0.872263;0.816032;0.648136;0.604950;0.669551;0.692914;0.689000;0.738119;0.702513;0.789078
SO160215;0.571633;0.549869;0.508185;0.489984;0.534918;0.515279;0.550790;0.615635;0.523058;0.517294;0.601454;0.569016;0.561615;0.658867;0.681831;0.718924;0.779895;0.835042;0.834038;0.822363;0.902292;0.895834;0.902429;0.872513;0.867679;0.848739;0.792234;0.768383;0.826846;0.757658;0.751422;0.730992;0.718627;0.739363;0.758143;0.688513;0.694050;0.592745;0.574142;0.550889;0.535612;0.517757;0.556440;0.579755;0.525859;0.000000;0.380548;0.466172;0.384087;0.495044;0.450549;0.524143;0.552414;0.548154;0.834921;0.707453;0.612931;0.688665;0.713005;0.704228;0.694475;0.725133;0.813680;0.804157;0.796264;0.827963;0.854832;0.823853;0.880300;0.798613;0.785782;0.830324;0.815310;0.782606;0.698451;0.679986;0.672905;0.663241;0.607170;0.684117;0.659946;0.614466;0.523553;0.525795;0.564986;0.626776;0.670873;0.555437;0.613352;0.663888;0.529004;0.609090;0.664905;0.878158;0.799022;0.594723;0.553570;0.608938;0.618480;0.627755;0.693924;0.688481;0.757800
SO160218;0.605837;0.577049;0.516786;0.501446;0.551837;0.532170;0.567809;0.611445;0.524047;0.527257;0.607730;0.573728;0.556832;0.646005;0.666985;0.712439;0.775122;0.824559;0.824416;0.823624;0.894391;0.899596;0.908409;0.882686;0.879413;0.861409;0.803659;0.769983;0.834289;0.763468;0.756379;0.752562;0.725777;0.732619;0.763403;0.715165;0.713112;0.621051;0.574318;0.534693;0.563867;0.535834;0.561838;0.570282;0.538099;0.380548;0.000000;0.467832;0.393040;0.490301;0.442857;0.512860;0.534171;0.532364;0.794305;0.681340;0.610097;0.675673;0.706194;0.698575;0.699587;0.714975;0.783632;0.792940;0.807504;0.837991;0.861668;0.823194;0.884606;0.803826;0.791888;0.842653;0.823910;0.791606;0.695380;0.679448;0.693672;0.642403;0.589958;0.660284;0.642557;0.600048;0.518186;0.525366;0.572700;0.613772;0.649327;0.544774;0.585070;0.624729;0.527276;0.594367;0.643000;0.837352;0.761120;0.556326;0.519615;0.575843;0.590895;0.608703;0.672488;0.677514;0.728594
SO160222;0.564823;0.516035;0.527465;0.486712;0.465433;0.464595;0.479905;0.504899;0.493248;0.505726;0.501582;0.503719;0.542138;0.669509;0.616036;0.650082;0.711641;0.829624;0.803146;0.789721;0.910534;0.891337;0.884203;0.865488;0.865125;0.840804;0.794833;0.770550;0.821957;0.767470;0.748486;0.742022;0.724876;0.708309;0.770469;0.712374;0.714540;0.635498;0.614710;0.588087;0.606743;0.582031;0.611383;0.608484;0.508672;0.466172;0.467832;0.000000;0.467663;0.484768;0.434590;0.513727;0.561273;0.515358;0.817120;0.715243;0.599676;0.665913;0.686004;0.680542;0.656752;0.706025;0.798205;0.778805;0.764703;0.811277;0.844749;0.815717;0.878910;0.783723;0.763476;0.823370;0.811096;0.793204;0.698025;0.671180;0.670997;0.682094;0.643027;0.680457;0.618661;0.613624;0.537757;0.541881;0.529739;0.605414;0.618753;0.570738;0.636761;0.665101;0.598078;0.656136;0.639243;0.843682;0.776382;0.587968;0.546740;0.617608;0.624043;0.602621;0.684679;0.629884;0.736779
SO160225;0.621102;0.585110;0.499921;0.485166;0.576230;0.535865;0.556086;0.629755;0.503340;0.477823;0.611623;0.548718;0.518382;0.621899;0.661715;0.694280;0.767276;0.818434;0.823472;0.821558;0.895977;0.898118;0.910982;0.883167;0.876772;0.861375;0.800341;0.767572;0.833578;0.768368;0.758067;0.746938;0.726539;0.745400;0.767508;0.715813;0.714435;0.622535;0.589343;0.542830;0.527353;0.522504;0.557732;0.571357;0.573814;0.384087;0.393040;0.467663;0.000000;0.442489;0.401331;0.466885;0.485187;0.492047;0.798323;0.651681;0.570006;0.650554;0.680741;0.671404;0.681795;0.707078;0.785048;0.791016;0.798803;0.833650;0.862705;0.824772;0.886053;0.792624;0.795588;0.842766;0.828764;0.792707;0.715852;0.704736;0.694047;0.660178;0.598860;0.673241;0.663316;0.605944;0.517279;0.512549;0.558728;0.606922;0.643268;0.548214;0.594245;0.616568;0.483900;0.558542;0.634864;0.850219;0.769659;0.548327;0.527174;0.561986;0.578619;0.594579;0.659108;0.665020;0.720814
SO160307;0.661491;0.631368;0.560300;0.509548;0.582652;0.538956;0.532235;0.580610;0.475933;0.480579;0.560112;0.493125;0.463881;0.567634;0.551272;0.591990;0.669082;0.783157;0.772734;0.775005;0.884610;0.883498;0.893539;0.868736;0.866106;0.847350;0.785449;0.736855;0.812407;0.753046;0.739889;0.739122;0.714225;0.692482;0.730625;0.742286;0.747730;0.675091;0.634653;0.519081;0.618756;0.585334;0.624485;0.638106;0.629400;0.495044;0.490301;0.484768;0.442489;0.000000;0.321380;0.333679;0.375680;0.372356;0.744970;0.578111;0.441244;0.518522;0.573821;0.554173;0.585728;0.602638;0.720872;0.747444;0.756530;0.802520;0.841482;0.794922;0.868096;0.743715;0.764556;0.828781;0.812626;0.783325;0.696225;0.690150;0.722949;0.633230;0.606774;0.622363;0.603386;0.576993;0.559583;0.561700;0.614844;0.658771;0.666327;0.580898;0.617810;0.618298;0.538615;0.597611;0.618326;0.843563;0.754101;0.549298;0.556077;0.597881;0.564720;0.520638;0.613606;0.579532;0.666253
SO160309;0.625328;0.585670;0.517024;0.470383;0.539307;0.497909;0.493957;0.547461;0.456002;0.457409;0.546620;0.486778;0.463406;0.584831;0.570907;0.618099;0.693932;0.795301;0.786973;0.789412;0.892593;0.893036;0.900596;0.877118;0.873956;0.854983;0.794484;0.750005;0.822323;0.759214;0.745716;0.745060;0.714971;0.696245;0.746413;0.726014;0.728322;0.646363;0.610728;0.519091;0.578587;0.553422;0.594932;0.605209;0.575939;0.450549;0.442857;0.434590;0.401331;0.321380;0.000000;0.352530;0.388119;0.378235;0.749195;0.607071;0.486882;0.565171;0.612582;0.598948;0.623360;0.639858;0.738653;0.759923;0.772451;0.817194;0.853664;0.807376;0.875274;0.763146;0.772367;0.835164;0.818188;0.786991;0.690813;0.676204;0.697745;0.628687;0.589535;0.627092;0.600484;0.570864;0.523629;0.523460;0.569809;0.623039;0.635784;0.559523;0.604746;0.608544;0.523634;0.590532;0.611332;0.832649;0.746499;0.528322;0.522310;0.573545;0.562311;0.533639;0.622011;0.593386;0.675339
SO160314;0.685565;0.653859;0.584503;0.537525;0.612789;0.567593;0.555993;0.593675;0.494867;0.494083;0.568606;0.494246;0.455160;0.564763;0.546141;0.580518;0.658523;0.780621;0.774158;0.781059;0.886353;0.884183;0.896594;0.874229;0.870017;0.852164;0.788360;0.741375;0.816062;0.771998;0.755571;0.755908;0.727810;0.702472;0.740092;0.760326;0.763041;0.699251;0.656817;0.527149;0.637298;0.603611;0.639022;0.651808;0.650612;0.524143;0.512860;0.513727;0.466885;0.333679;0.352530;0.000000;0.302102;0.311731;0.721526;0.561222;0.419501;0.507569;0.564552;0.546188;0.593077;0.604374;0.716327;0.752990;0.765646;0.812488;0.848255;0.804435;0.870867;0.745511;0.776415;0.836115;0.822462;0.800297;0.713120;0.713668;0.742308;0.643304;0.614983;0.619374;0.606009;0.580367;0.579540;0.584962;0.638406;0.676262;0.674244;0.608655;0.635350;0.629719;0.575407;0.615551;0.635879;0.842152;0.751577;0.553956;0.573898;0.606883;0.576446;0.529490;0.616075;0.580371;0.665396
SO160317;0.716003;0.684893;0.601264;0.568535;0.660610;0.616266;0.604259;0.644877;0.536855;0.528234;0.627810;0.548295;0.483210;0.564571;0.573229;0.603088;0.683453;0.777162;0.784362;0.799189;0.884010;0.893615;0.910303;0.888789;0.884501;0.867636;0.802078;0.750753;0.828840;0.781526;0.765656;0.771799;0.736319;0.718652;0.751956;0.777189;0.773422;0.716005;0.665570;0.538768;0.647156;0.618310;0.645154;0.655257;0.679219;0.552414;0.534171;0.561273;0.485187;0.375680;0.388119;0.302102;0.000000;0.329255;0.691933;0.533980;0.435190;0.519011;0.578230;0.559484;0.619867;0.619671;0.707445;0.758569;0.788290;0.831830;0.862955;0.817083;0.881108;0.760270;0.791266;0.849936;0.835816;0.812212;0.723659;0.726574;0.756977;0.644546;0.613405;0.622297;0.630619;0.589453;0.585109;0.591501;0.651994;0.679243;0.675056;0.619547;0.634340;0.612100;0.577834;0.608570;0.647788;0.826441;0.739595;0.553624;0.585739;0.605270;0.578332;0.547534;0.611492;0.600444;0.652409
SO160321;0.684346;0.650460;0.593091;0.553776;0.613314;0.574001;0.567458;0.592897;0.503301;0.506498;0.567265;0.504358;0.473126;0.571227;0.531335;0.580280;0.662985;0.779975;0.773749;0.786054;0.886306;0.889706;0.899760;0.882611;0.878326;0.860137;0.798037;0.750325;0.824724;0.778588;0.763729;0.768844;0.734595;0.706570;0.751448;0.768583;0.765998;0.704928;0.661341;0.552706;0.647030;0.616997;0.645261;0.647200;0.644972;0.548154;0.532364;0.515358;0.492047;0.372356;0.378235;0.311731;0.329255;0.000000;0.699002;0.559760;0.434315;0.516840;0.570881;0.553738;0.601183;0.613024;0.714186;0.751400;0.773070;0.822216;0.857610;0.813433;0.876408;0.754359;0.778680;0.843161;0.828521;0.808611;0.712996;0.712941;0.742142;0.647957;0.622255;0.622190;0.610119;0.586893;0.574198;0.585401;0.627148;0.659478;0.658153;0.600450;0.621901;0.617974;0.586687;0.625001;0.629515;0.823539;0.734868;0.545271;0.559871;0.595503;0.576658;0.536960;0.615816;0.580778;0.654244
SO160325;0.904391;0.892502;0.853655;0.842480;0.880535;0.866379;0.866871;0.860489;0.822433;0.829832;0.854901;0.829025;0.775416;0.737103;0.718934;0.750363;0.801286;0.791439;0.810724;0.858768;0.882943;0.922677;0.944220;0.943042;0.941839;0.932532;0.886757;0.830528;0.899240;0.860214;0.852997;0.888358;0.848929;0.829364;0.848032;0.905097;0.892717;0.886714;0.827216;0.747310;0.861875;0.838314;0.827559;0.796448;0.865346;0.834921;0.794305;0.817120;0.798323;0.744970;0.749195;0.721526;0.691933;0.699002;0.000000;0.572229;0.692073;0.666247;0.691005;0.697710;0.762653;0.722696;0.648306;0.770831;0.874988;0.901551;0.906963;0.859588;0.927300;0.862479;0.856597;0.919949;0.899537;0.895833;0.839155;0.848379;0.891194;0.779761;0.777380;0.749303;0.775562;0.770307;0.802583;0.815253;0.841798;0.800111;0.765415;0.790936;0.748329;0.710155;0.814292;0.779686;0.774185;0.751596;0.756199;0.724503;0.757905;0.722016;0.700741;0.712610;0.683877;0.726841;0.625045
SO160331;0.826822;0.812826;0.762615;0.745516;0.800239;0.775596;0.769318;0.789464;0.711551;0.700845;0.754918;0.704005;0.632621;0.619111;0.661266;0.657561;0.718498;0.747591;0.758566;0.792084;0.853687;0.886606;0.911280;0.900276;0.896865;0.880993;0.812161;0.743905;0.838512;0.791290;0.783206;0.806491;0.769446;0.762501;0.765804;0.836423;0.819777;0.797967;0.733968;0.632389;0.754498;0.727700;0.733475;0.717778;0.788437;0.707453;0.681340;0.715243;0.651681;0.578111;0.607071;0.561222;0.533980;0.559760;0.572229;0.000000;0.473946;0.490537;0.539696;0.536743;0.615623;0.608612;0.613213;0.704638;0.785043;0.832642;0.857116;0.802339;0.884799;0.763983;0.796589;0.866884;0.843854;0.831211;0.780398;0.789568;0.826747;0.712502;0.701754;0.689364;0.717759;0.683336;0.710445;0.719218;0.757548;0.743401;0.731351;0.704516;0.691552;0.666698;0.700939;0.695254;0.727661;0.820409;0.764200;0.655224;0.687999;0.673986;0.628790;0.614379;0.628801;0.653909;0.638831
SO160404;0.734166;0.711984;0.675732;0.648795;0.698180;0.668976;0.656337;0.683425;0.607039;0.580921;0.614175;0.537535;0.466768;0.552906;0.524016;0.514285;0.592462;0.738008;0.724642;0.726684;0.858602;0.858218;0.876753;0.855715;0.850167;0.829171;0.753874;0.695267;0.782434;0.742688;0.722229;0.731196;0.706191;0.695076;0.714633;0.762224;0.768056;0.717998;0.683291;0.559704;0.684278;0.646703;0.674035;0.683263;0.701104;0.612931;0.610097;0.599676;0.570006;0.441244;0.486882;0.419501;0.435190;0.434315;0.692073;0.473946;0.000000;0.348131;0.407601;0.394111;0.478809;0.524753;0.658834;0.688730;0.704580;0.764826;0.816771;0.765850;0.845893;0.690225;0.737649;0.808870;0.791571;0.774542;0.728505;0.726684;0.755357;0.675067;0.658221;0.655971;0.647198;0.620564;0.634635;0.637250;0.680013;0.704162;0.695668;0.652067;0.676836;0.669296;0.639082;0.668508;0.693750;0.855541;0.777445;0.610051;0.635973;0.648178;0.593882;0.526283;0.597001;0.545113;0.639195
SO160411;0.785584;0.767848;0.732597;0.704908;0.747408;0.722957;0.707951;0.723166;0.664155;0.659771;0.669628;0.605956;0.532663;0.575491;0.520227;0.518030;0.582400;0.714908;0.676792;0.693830;0.831265;0.843825;0.866433;0.850025;0.847994;0.830122;0.756937;0.679772;0.779293;0.736070;0.723616;0.750691;0.718134;0.688136;0.713211;0.791646;0.794589;0.758872;0.718188;0.577637;0.741809;0.700298;0.725225;0.727820;0.755227;0.688665;0.675673;0.665913;0.650554;0.518522;0.565171;0.507569;0.519011;0.516840;0.666247;0.490537;0.348131;0.000000;0.328553;0.306756;0.444849;0.459944;0.576569;0.640165;0.688929;0.751987;0.805947;0.745938;0.836798;0.677630;0.722112;0.807546;0.784366;0.769310;0.730450;0.731004;0.787888;0.678460;0.684378;0.657250;0.654285;0.647306;0.686500;0.692686;0.737140;0.745292;0.727775;0.698019;0.703967;0.690754;0.700095;0.717151;0.722629;0.836271;0.773156;0.646694;0.678985;0.688562;0.622745;0.551110;0.595516;0.555473;0.607348
SO160414;0.793198;0.775615;0.753098;0.730782;0.764977;0.745936;0.736464;0.750113;0.699089;0.682046;0.692838;0.635300;0.558974;0.602673;0.551364;0.525173;0.594992;0.706944;0.671236;0.679670;0.824633;0.835528;0.859982;0.843516;0.840248;0.823004;0.748152;0.668000;0.771263;0.732015;0.718008;0.744928;0.717210;0.709677;0.723669;0.781549;0.783824;0.756260;0.726406;0.614817;0.748745;0.708136;0.727373;0.729263;0.759099;0.713005;0.706194;0.686004;0.680741;0.573821;0.612582;0.564552;0.578230;0.570881;0.691005;0.539696;0.407601;0.328553;0.000000;0.307608;0.422809;0.498199;0.581186;0.587694;0.670226;0.742291;0.799826;0.746015;0.833047;0.678324;0.717342;0.799767;0.775909;0.764245;0.745265;0.743224;0.779991;0.706410;0.710983;0.694172;0.688220;0.677341;0.705309;0.710641;0.741421;0.746967;0.727081;0.717207;0.729113;0.721339;0.728752;0.741912;0.747025;0.840341;0.790803;0.672700;0.700575;0.709496;0.629189;0.546104;0.544830;0.505112;0.552687
SO160418;0.789471;0.771852;0.745056;0.720182;0.760112;0.738397;0.726297;0.739453;0.685478;0.673864;0.681698;0.616452;0.544644;0.586998;0.527875;0.493657;0.555888;0.692754;0.651684;0.660467;0.812658;0.820623;0.846005;0.824936;0.822835;0.805112;0.730183;0.650197;0.751821;0.726787;0.709046;0.735765;0.711143;0.691690;0.701509;0.786314;0.790828;0.757359;0.721187;0.597960;0.750242;0.711053;0.734642;0.737902;0.762385;0.704228;0.698575;0.680542;0.671404;0.554173;0.598948;0.546188;0.559484;0.553738;0.697710;0.536743;0.394111;0.306756;0.307608;0.000000;0.392693;0.437422;0.561721;0.601149;0.653111;0.719928;0.780016;0.725699;0.817126;0.651596;0.703901;0.781939;0.762199;0.759022;0.733275;0.733767;0.782871;0.690992;0.698099;0.675133;0.670894;0.663032;0.699839;0.708024;0.742275;0.751791;0.731425;0.711806;0.722699;0.709114;0.716299;0.733645;0.737477;0.840367;0.782897;0.665269;0.696602;0.708902;0.634989;0.555017;0.581460;0.533277;0.587046
SO160421;0.752666;0.741899;0.743942;0.715638;0.736738;0.724428;0.725907;0.731597;0.690327;0.669393;0.657639;0.612037;0.579284;0.617965;0.571939;0.517297;0.568839;0.712099;0.677045;0.656330;0.833446;0.817642;0.823506;0.796844;0.797242;0.772228;0.710653;0.651903;0.733247;0.721651;0.695148;0.698633;0.704030;0.694121;0.699997;0.755126;0.766091;0.729979;0.709056;0.618237;0.738765;0.698761;0.722191;0.729973;0.730757;0.694475;0.699587;0.656752;0.681795;0.585728;0.623360;0.593077;0.619867;0.601183;0.762653;0.615623;0.478809;0.444849;0.422809;0.392693;0.000000;0.453956;0.635894;0.623735;0.615910;0.686813;0.750349;0.712051;0.806438;0.650440;0.676851;0.755114;0.744199;0.752827;0.735268;0.728053;0.757542;0.718417;0.718142;0.703308;0.678816;0.664999;0.698527;0.707969;0.722068;0.743708;0.729899;0.708157;0.740102;0.741357;0.724739;0.741634;0.742971;0.869067;0.811448;0.687430;0.697831;0.717413;0.649181;0.572918;0.608308;0.535403;0.627249
SO160425;0.800364;0.788265;0.771061;0.740585;0.774706;0.756288;0.745138;0.754236;0.709017;0.712538;0.714029;0.666859;0.622171;0.630998;0.602791;0.589988;0.593802;0.701596;0.660992;0.661052;0.799734;0.809703;0.823755;0.801166;0.804976;0.786138;0.722130;0.664610;0.738235;0.739180;0.727426;0.752417;0.737207;0.686191;0.687164;0.801005;0.808470;0.777529;0.736018;0.602567;0.779098;0.736588;0.763159;0.768164;0.776359;0.725133;0.714975;0.706025;0.707078;0.602638;0.639858;0.604374;0.619671;0.613024;0.722696;0.608612;0.524753;0.459944;0.498199;0.437422;0.453956;0.000000;0.558074;0.634101;0.652020;0.698816;0.742916;0.682265;0.792808;0.655750;0.703026;0.775262;0.753718;0.775665;0.730666;0.729166;0.801811;0.694981;0.711526;0.659362;0.646222;0.655974;0.726068;0.735501;0.769599;0.782946;0.763653;0.736293;0.732669;0.723596;0.745362;0.756501;0.727073;0.834055;0.768710;0.682642;0.714909;0.734718;0.680278;0.614630;0.657504;0.616834;0.652430
SO160517;0.870370;0.860757;0.829140;0.811701;0.852047;0.837750;0.840411;0.836406;0.791228;0.801062;0.823332;0.790394;0.739541;0.701903;0.687619;0.677993;0.692199;0.677514;0.632585;0.685100;0.757052;0.813962;0.850564;0.847161;0.849081;0.838340;0.775579;0.688328;0.774544;0.765786;0.761483;0.820446;0.773275;0.747376;0.766113;0.866357;0.858243;0.847869;0.794754;0.687029;0.833978;0.801213;0.805415;0.791980;0.840233;0.813680;0.783632;0.798205;0.785048;0.720872;0.738653;0.716327;0.707445;0.714186;0.648306;0.613213;0.658834;0.576569;0.581186;0.561721;0.635894;0.558074;0.000000;0.533540;0.701695;0.754865;0.783010;0.715006;0.822839;0.717199;0.748875;0.821215;0.793345;0.811539;0.781135;0.789040;0.853075;0.735796;0.751603;0.706902;0.725971;0.728772;0.777068;0.790337;0.818023;0.797251;0.775501;0.778860;0.752740;0.730392;0.802619;0.786843;0.766603;0.804896;0.767399;0.712392;0.751447;0.746167;0.692926;0.672920;0.658806;0.679985;0.625958
SO160523;0.837190;0.829634;0.823115;0.809113;0.830444;0.824154;0.830113;0.829213;0.798254;0.791591;0.802104;0.778737;0.738484;0.735971;0.710044;0.682666;0.681693;0.673331;0.574185;0.591061;0.705419;0.736807;0.761086;0.774129;0.780457;0.762577;0.698998;0.622624;0.694354;0.705508;0.695656;0.764020;0.727346;0.728149;0.738826;0.811372;0.803031;0.799332;0.769369;0.704897;0.814536;0.779914;0.779972;0.768069;0.798597;0.804157;0.792940;0.778805;0.791016;0.747444;0.759923;0.752990;0.758569;0.751400;0.770831;0.704638;0.688730;0.640165;0.587694;0.601149;0.623735;0.634101;0.533540;0.000000;0.586102;0.648094;0.693642;0.642856;0.745183;0.655072;0.674360;0.739937;0.713160;0.776113;0.769939;0.766497;0.802922;0.754459;0.772577;0.750881;0.735861;0.738230;0.777372;0.787368;0.797807;0.789522;0.770746;0.785228;0.796605;0.797031;0.817991;0.811205;0.806968;0.874561;0.838584;0.760846;0.776075;0.781867;0.724325;0.688718;0.671524;0.656232;0.670127
SO160606;0.790792;0.787346;0.810140;0.790089;0.796546;0.794718;0.798932;0.799535;0.787957;0.777116;0.747724;0.726592;0.718553;0.752292;0.713113;0.669237;0.594472;0.700293;0.578872;0.465940;0.689422;0.629483;0.568746;0.605274;0.600904;0.579889;0.550863;0.534604;0.544029;0.642588;0.615008;0.654996;0.672366;0.624754;0.650040;0.750081;0.764440;0.750852;0.751699;0.683405;0.796828;0.761273;0.778803;0.785262;0.780281;0.796264;0.807504;0.764703;0.798803;0.756530;0.772451;0.765646;0.788290;0.773070;0.874988;0.785043;0.704580;0.688929;0.670226;0.653111;0.615910;0.652020;0.701695;0.586102;0.000000;0.348991;0.521290;0.493812;0.548619;0.459892;0.562668;0.591643;0.605226;0.695900;0.728903;0.729231;0.762188;0.748928;0.774120;0.745328;0.701237;0.719976;0.773502;0.782406;0.788417;0.809420;0.793870;0.796524;0.832120;0.842793;0.825781;0.834135;0.822025;0.924183;0.888551;0.801845;0.812426;0.827550;0.785455;0.728159;0.752160;0.697050;0.767472
SO160613;0.817412;0.816820;0.833263;0.821815;0.832731;0.830737;0.836200;0.838840;0.827748;0.819006;0.800292;0.779055;0.771126;0.796930;0.771249;0.731716;0.658791;0.707705;0.601864;0.492695;0.654428;0.573579;0.500906;0.509967;0.513458;0.512888;0.510694;0.522199;0.472498;0.621046;0.595896;0.644032;0.676200;0.628456;0.618048;0.753010;0.771518;0.762195;0.768628;0.712936;0.821132;0.787329;0.804933;0.813259;0.813718;0.827963;0.837991;0.811277;0.833650;0.802520;0.817194;0.812488;0.831830;0.822216;0.901551;0.832642;0.764826;0.751987;0.742291;0.719928;0.686813;0.698816;0.754865;0.648094;0.348991;0.000000;0.396707;0.423620;0.461824;0.433248;0.542612;0.533712;0.564148;0.669805;0.721184;0.728352;0.774944;0.759257;0.786400;0.761869;0.727506;0.742922;0.798629;0.808308;0.818653;0.838629;0.826606;0.830696;0.859306;0.865727;0.850070;0.860333;0.854112;0.938822;0.909128;0.839579;0.848935;0.860904;0.830925;0.782535;0.801829;0.763280;0.811966
SO160620;0.836771;0.842708;0.860329;0.851014;0.861988;0.861394;0.872457;0.875757;0.862457;0.854196;0.855179;0.839647;0.832312;0.837478;0.833069;0.807391;0.759515;0.743997;0.661672;0.605493;0.630597;0.573020;0.551558;0.478304;0.506863;0.527271;0.535814;0.549697;0.501743;0.627456;0.615088;0.667056;0.693016;0.693494;0.616321;0.770389;0.785149;0.787012;0.789061;0.742857;0.844266;0.814799;0.824463;0.830965;0.838075;0.854832;0.861668;0.844749;0.862705;0.841482;0.853664;0.848255;0.862955;0.857610;0.906963;0.857116;0.816771;0.805947;0.799826;0.780016;0.750349;0.742916;0.783010;0.693642;0.521290;0.396707;0.000000;0.384612;0.515283;0.531996;0.561966;0.535845;0.567397;0.674914;0.725510;0.736823;0.791490;0.780087;0.802885;0.788005;0.757185;0.760114;0.823169;0.835676;0.842392;0.851561;0.844802;0.849421;0.877142;0.885941;0.875943;0.875406;0.874068;0.947406;0.923259;0.867796;0.872291;0.883271;0.859309;0.828972;0.841120;0.816861;0.848418
SO160627;0.828188;0.826571;0.830265;0.817201;0.836224;0.832829;0.839024;0.842581;0.816034;0.820727;0.823874;0.802552;0.783295;0.791474;0.784393;0.767268;0.717316;0.716658;0.589064;0.536416;0.620553;0.587328;0.553435;0.529834;0.544286;0.546275;0.526140;0.515767;0.499402;0.613423;0.602838;0.676390;0.676172;0.642363;0.612947;0.777891;0.787294;0.779588;0.766686;0.702741;0.823722;0.787079;0.801137;0.802869;0.816476;0.823853;0.823194;0.815717;0.824772;0.794922;0.807376;0.804435;0.817083;0.813433;0.859588;0.802339;0.765850;0.745938;0.746015;0.725699;0.712051;0.682265;0.715006;0.642856;0.493812;0.423620;0.384612;0.000000;0.486451;0.485729;0.542043;0.552871;0.551720;0.675201;0.699574;0.709395;0.785566;0.741187;0.770150;0.750707;0.715965;0.730815;0.792827;0.803807;0.820555;0.829809;0.822816;0.822294;0.837386;0.843702;0.841296;0.849193;0.845550;0.922511;0.885611;0.812712;0.826445;0.836287;0.795823;0.762419;0.776190;0.769278;0.793115
SO160718;0.870647;0.870995;0.878096;0.873040;0.882809;0.882399;0.885509;0.887899;0.879681;0.880171;0.874564;0.859134;0.853331;0.863829;0.849561;0.837339;0.771950;0.776837;0.670820;0.587998;0.666853;0.585725;0.480889;0.506309;0.484135;0.469077;0.499943;0.569364;0.494964;0.660605;0.651792;0.718229;0.728667;0.669930;0.673469;0.811638;0.823157;0.824354;0.827930;0.778660;0.870638;0.840850;0.854434;0.860892;0.869602;0.880300;0.884606;0.878910;0.886053;0.868096;0.875274;0.870867;0.881108;0.876408;0.927300;0.884799;0.845893;0.836798;0.833047;0.817126;0.806438;0.792808;0.822839;0.745183;0.548619;0.461824;0.515283;0.486451;0.000000;0.464385;0.573282;0.516187;0.573940;0.694302;0.751275;0.764713;0.821790;0.797764;0.825185;0.813540;0.784814;0.800712;0.851236;0.859321;0.875360;0.886014;0.882577;0.881495;0.895007;0.904650;0.897228;0.905129;0.901865;0.957573;0.933611;0.887586;0.896859;0.904603;0.882646;0.852139;0.863609;0.850041;0.874265
SO160802;0.819844;0.810577;0.812457;0.795615;0.815435;0.807464;0.806217;0.814671;0.789098;0.783903;0.782154;0.750909;0.730144;0.751905;0.732131;0.701891;0.641715;0.691899;0.571007;0.497398;0.650661;0.565264;0.539379;0.555510;0.542449;0.550816;0.521174;0.506154;0.479821;0.627797;0.606208;0.674999;0.670631;0.605447;0.627904;0.777399;0.791718;0.775715;0.771429;0.670940;0.804029;0.764661;0.789161;0.797563;0.807774;0.798613;0.803826;0.783723;0.792624;0.743715;0.763146;0.745511;0.760270;0.754359;0.862479;0.763983;0.690225;0.677630;0.678324;0.651596;0.650440;0.655750;0.717199;0.655072;0.459892;0.433248;0.531996;0.485729;0.464385;0.000000;0.541201;0.545407;0.576926;0.672846;0.702873;0.717117;0.785351;0.730888;0.756942;0.732706;0.702186;0.714976;0.772472;0.781031;0.804030;0.821451;0.810718;0.809771;0.834112;0.838128;0.824809;0.836046;0.833904;0.924707;0.888586;0.805055;0.819886;0.828950;0.788239;0.736276;0.757368;0.726705;0.771671
SO160913;0.775106;0.770057;0.785682;0.777387;0.788303;0.792628;0.797471;0.803109;0.793031;0.788261;0.777731;0.760626;0.740082;0.772939;0.741297;0.720793;0.708986;0.746673;0.669881;0.610115;0.712365;0.652035;0.612846;0.541827;0.544320;0.488595;0.474997;0.460849;0.487481;0.513379;0.496741;0.586266;0.580329;0.560657;0.566313;0.709934;0.719514;0.710109;0.712944;0.675007;0.793371;0.736931;0.755377;0.756442;0.745459;0.785782;0.791888;0.763476;0.795588;0.764556;0.772367;0.776415;0.791266;0.778680;0.856597;0.796589;0.737649;0.722112;0.717342;0.703901;0.676851;0.703026;0.748875;0.674360;0.562668;0.542612;0.561966;0.542043;0.573282;0.541201;0.000000;0.410366;0.436583;0.592586;0.617730;0.617717;0.705745;0.685956;0.714215;0.696820;0.652574;0.671532;0.735245;0.750875;0.763012;0.785584;0.763979;0.785457;0.807596;0.811241;0.814626;0.826243;0.815395;0.895587;0.862246;0.779947;0.788052;0.804460;0.772931;0.735133;0.749202;0.718171;0.764386
SO160920;0.802837;0.802969;0.823555;0.820261;0.831907;0.835925;0.843024;0.849402;0.840253;0.832615;0.833015;0.814589;0.806209;0.832868;0.820233;0.796543;0.768616;0.772355;0.715571;0.649012;0.708364;0.624982;0.588912;0.477211;0.461494;0.417976;0.444393;0.483889;0.445397;0.534867;0.509492;0.574229;0.605351;0.610104;0.579281;0.702588;0.720709;0.726642;0.743458;0.723554;0.812692;0.771249;0.787655;0.795983;0.798776;0.830324;0.842653;0.823370;0.842766;0.828781;0.835164;0.836115;0.849936;0.843161;0.919949;0.866884;0.808870;0.807546;0.799767;0.781939;0.755114;0.775262;0.821215;0.739937;0.591643;0.533712;0.535845;0.552871;0.516187;0.545407;0.410366;0.000000;0.422769;0.577374;0.671246;0.675796;0.715395;0.742328;0.762956;0.758335;0.721501;0.730847;0.781111;0.792977;0.804448;0.829154;0.819468;0.834280;0.862410;0.869368;0.854621;0.866592;0.866558;0.939304;0.913828;0.846731;0.852079;0.864329;0.846141;0.812512;0.825960;0.799855;0.842061
SO161011;0.786976;0.788239;0.804785;0.802129;0.817622;0.821752;0.831023;0.841552;0.826647;0.819838;0.827345;0.810337;0.790567;0.813263;0.803196;0.789706;0.767848;0.764617;0.696402;0.638202;0.679664;0.626693;0.618616;0.553122;0.547219;0.504378;0.479633;0.478254;0.485928;0.478285;0.470607;0.567116;0.570376;0.580232;0.546058;0.683260;0.692624;0.704927;0.714278;0.695870;0.798356;0.749565;0.764980;0.768275;0.778648;0.815310;0.823910;0.811096;0.828764;0.812626;0.818188;0.822462;0.835816;0.828521;0.899537;0.843854;0.791571;0.784366;0.775909;0.762199;0.744199;0.753718;0.793345;0.713160;0.605226;0.564148;0.567397;0.551720;0.573940;0.576926;0.436583;0.422769;0.000000;0.535536;0.613270;0.616732;0.684902;0.692002;0.723903;0.717716;0.680361;0.691113;0.754503;0.768241;0.782546;0.805037;0.793273;0.809531;0.837214;0.842705;0.834974;0.845625;0.844613;0.921023;0.893446;0.822363;0.828817;0.841192;0.821373;0.788319;0.799474;0.775403;0.814938
SO161019;0.761474;0.762794;0.763001;0.767280;0.795742;0.797655;0.807046;0.829032;0.798961;0.790443;0.824972;0.801596;0.768881;0.792954;0.791099;0.795978;0.793396;0.790089;0.764850;0.733880;0.773072;0.737691;0.752319;0.663247;0.639692;0.625248;0.595533;0.582741;0.610897;0.481081;0.506846;0.540537;0.547851;0.600893;0.595646;0.627743;0.651525;0.656725;0.682804;0.671653;0.742461;0.706230;0.728917;0.742693;0.768384;0.782606;0.791606;0.793204;0.792707;0.783325;0.786991;0.800297;0.812212;0.808611;0.895833;0.831211;0.774542;0.769310;0.764245;0.759022;0.752827;0.775665;0.811539;0.776113;0.695900;0.669805;0.674914;0.675201;0.694302;0.672846;0.592586;0.577374;0.535536;0.000000;0.610724;0.604571;0.637286;0.650317;0.666641;0.704520;0.683934;0.673825;0.710512;0.715728;0.750082;0.771559;0.773110;0.778174;0.805569;0.811340;0.788713;0.807927;0.823267;0.912622;0.882216;0.794408;0.801501;0.806165;0.790893;0.769320;0.783020;0.769284;0.810351
SO161102;0.678765;0.676599;0.661988;0.666533;0.691506;0.694800;0.712771;0.728047;0.710136;0.730272;0.741586;0.732482;0.715875;0.747024;0.724688;0.759997;0.761218;0.792325;0.749757;0.738734;0.790338;0.779949;0.781102;0.738506;0.738479;0.707185;0.675953;0.648779;0.677219;0.584683;0.596396;0.630942;0.575008;0.524050;0.568048;0.681248;0.693301;0.652945;0.650359;0.595354;0.724285;0.670705;0.702635;0.703836;0.690139;0.698451;0.695380;0.698025;0.715852;0.696225;0.690813;0.713120;0.723659;0.712996;0.839155;0.780398;0.728505;0.730450;0.745265;0.733275;0.735268;0.730666;0.781135;0.769939;0.728903;0.721184;0.725510;0.699574;0.751275;0.702873;0.617730;0.671246;0.613270;0.610724;0.000000;0.397305;0.624309;0.517220;0.554456;0.558187;0.535690;0.551938;0.609201;0.634854;0.678166;0.708152;0.715359;0.698257;0.724891;0.738047;0.734183;0.763696;0.753949;0.868697;0.825548;0.719897;0.722019;0.752150;0.734494;0.715583;0.742565;0.724109;0.765111
SO161109;0.639241;0.633253;0.637111;0.644758;0.656889;0.670921;0.682503;0.702148;0.702984;0.720227;0.726282;0.716842;0.697408;0.746369;0.717524;0.751167;0.758139;0.800668;0.757675;0.741375;0.807739;0.798927;0.791984;0.748968;0.750543;0.719707;0.683827;0.655173;0.688644;0.577049;0.583076;0.618451;0.562892;0.516667;0.593576;0.622307;0.635529;0.592755;0.604509;0.591304;0.696758;0.638171;0.672994;0.675027;0.638291;0.679986;0.679448;0.671180;0.704736;0.690150;0.676204;0.713668;0.726574;0.712941;0.848379;0.789568;0.726684;0.731004;0.743224;0.733767;0.728053;0.729166;0.789040;0.766497;0.729231;0.728352;0.736823;0.709395;0.764713;0.717117;0.617717;0.675796;0.616732;0.604571;0.397305;0.000000;0.524612;0.508617;0.531415;0.574171;0.520053;0.542893;0.578996;0.598679;0.640716;0.686528;0.690944;0.690039;0.718855;0.728254;0.722197;0.758869;0.746184;0.859044;0.818462;0.699104;0.697583;0.738181;0.723912;0.702260;0.733100;0.706420;0.764074
SO161122;0.591174;0.581632;0.628147;0.653486;0.660407;0.678570;0.692863;0.729079;0.722707;0.703925;0.742764;0.726429;0.707035;0.774829;0.772669;0.770301;0.797174;0.839845;0.824870;0.796230;0.868507;0.847249;0.843982;0.798013;0.789307;0.765614;0.728396;0.718506;0.754620;0.652289;0.630422;0.604754;0.595430;0.643499;0.695414;0.510714;0.511991;0.495715;0.562749;0.654460;0.613734;0.586475;0.606106;0.619862;0.592750;0.672905;0.693672;0.670997;0.694047;0.722949;0.697745;0.742308;0.756977;0.742142;0.891194;0.826747;0.755357;0.787888;0.779991;0.782871;0.757542;0.801811;0.853075;0.802922;0.762188;0.774944;0.791490;0.785566;0.821790;0.785351;0.705745;0.715395;0.684902;0.637286;0.624309;0.524612;0.000000;0.619994;0.577752;0.689240;0.631337;0.612646;0.559302;0.563217;0.569804;0.644111;0.657528;0.675282;0.733659;0.754562;0.700947;0.740574;0.759340;0.888179;0.846649;0.718542;0.707318;0.731489;0.741966;0.730296;0.758984;0.728781;0.803561
SO161201;0.681490;0.670099;0.611067;0.609052;0.677136;0.663878;0.668871;0.691209;0.651512;0.680267;0.727688;0.693827;0.659091;0.671181;0.673413;0.717353;0.745568;0.770167;0.750013;0.757113;0.792001;0.810464;0.834870;0.803431;0.794829;0.770315;0.716738;0.680368;0.731936;0.640657;0.635297;0.671571;0.604088;0.548141;0.602091;0.676360;0.673032;0.636872;0.592544;0.519901;0.672945;0.625505;0.647557;0.652201;0.681505;0.663241;0.642403;0.682094;0.660178;0.633230;0.628687;0.643304;0.644546;0.647957;0.779761;0.712502;0.675067;0.678460;0.706410;0.690992;0.718417;0.694981;0.735796;0.754459;0.748928;0.759257;0.780087;0.741187;0.797764;0.730888;0.685956;0.742328;0.692002;0.650317;0.517220;0.508617;0.619994;0.000000;0.406952;0.447731;0.463117;0.461560;0.541892;0.568641;0.637094;0.656982;0.655796;0.631332;0.631523;0.626365;0.649946;0.663629;0.672177;0.799785;0.743259;0.621883;0.648989;0.666708;0.653312;0.638232;0.675860;0.680481;0.694613
SO161206;0.633866;0.620380;0.555728;0.569917;0.650396;0.634614;0.645098;0.683179;0.629044;0.639838;0.714628;0.673640;0.628606;0.661768;0.686516;0.717025;0.760594;0.785590;0.781192;0.788679;0.822873;0.839328;0.862096;0.819174;0.810250;0.790653;0.738603;0.707741;0.761304;0.668483;0.655120;0.670748;0.611639;0.600919;0.633503;0.641872;0.638325;0.583460;0.543226;0.513602;0.596175;0.561801;0.582651;0.593777;0.632652;0.607170;0.589958;0.643027;0.598860;0.606774;0.589535;0.614983;0.613405;0.622255;0.777380;0.701754;0.658221;0.684378;0.710983;0.698099;0.718142;0.711526;0.751603;0.772577;0.774120;0.786400;0.802885;0.770150;0.825185;0.756942;0.714215;0.762956;0.723903;0.666641;0.554456;0.531415;0.577752;0.406952;0.000000;0.480764;0.499738;0.444619;0.476806;0.495998;0.576302;0.602951;0.624482;0.591753;0.606674;0.610942;0.592017;0.615553;0.661834;0.808438;0.747080;0.594551;0.612953;0.627611;0.629715;0.630239;0.673004;0.678669;0.699207
SO161209;0.710507;0.694744;0.643535;0.626229;0.691232;0.679118;0.674554;0.677257;0.648119;0.681314;0.713186;0.676781;0.654723;0.669618;0.641406;0.686431;0.718103;0.769323;0.742798;0.754527;0.812164;0.822925;0.842368;0.812033;0.807778;0.781972;0.738118;0.699563;0.744992;0.680974;0.666228;0.707012;0.653990;0.572872;0.616131;0.735094;0.735059;0.695055;0.639012;0.530768;0.714865;0.670198;0.693446;0.695498;0.706504;0.684117;0.660284;0.680457;0.673241;0.622363;0.627092;0.619374;0.622297;0.622190;0.749303;0.689364;0.655971;0.657250;0.694172;0.675133;0.703308;0.659362;0.706902;0.750881;0.745328;0.761869;0.788005;0.750707;0.813540;0.732706;0.696820;0.758335;0.717716;0.704520;0.558187;0.574171;0.689240;0.447731;0.480764;0.000000;0.382213;0.433859;0.578630;0.609970;0.663899;0.687685;0.671918;0.653066;0.624816;0.592496;0.670923;0.675384;0.609564;0.755624;0.680379;0.594222;0.642443;0.674354;0.661951;0.637778;0.684773;0.677899;0.674819
SO161213;0.652730;0.633447;0.617779;0.584250;0.614714;0.615913;0.607035;0.597133;0.612206;0.654948;0.647411;0.624776;0.622624;0.684873;0.605628;0.663238;0.682166;0.776110;0.714239;0.712978;0.816066;0.807390;0.806439;0.780589;0.780041;0.742798;0.705372;0.679186;0.715313;0.656034;0.637835;0.676770;0.631282;0.513753;0.605483;0.691204;0.696351;0.652616;0.620475;0.515811;0.698122;0.645148;0.679817;0.684270;0.646204;0.659946;0.642557;0.618661;0.663316;0.603386;0.600484;0.606009;0.630619;0.610119;0.775562;0.717759;0.647198;0.654285;0.688220;0.670894;0.678816;0.646222;0.725971;0.735861;0.701237;0.727506;0.757185;0.715965;0.784814;0.702186;0.652574;0.721501;0.680361;0.683934;0.535690;0.520053;0.631337;0.463117;0.499738;0.382213;0.000000;0.422739;0.564513;0.589969;0.631390;0.678234;0.661402;0.649580;0.653063;0.638920;0.682460;0.701528;0.623491;0.792889;0.716118;0.599858;0.634174;0.687221;0.670370;0.626276;0.687941;0.645194;0.694183
SO161219;0.628285;0.615878;0.578617;0.561300;0.626470;0.615544;0.622303;0.647554;0.600454;0.619581;0.662254;0.625819;0.603416;0.657503;0.645447;0.665343;0.697709;0.762314;0.742679;0.744667;0.815093;0.815853;0.828887;0.792860;0.786432;0.757301;0.708948;0.674970;0.724295;0.658165;0.639528;0.657140;0.615089;0.574901;0.591057;0.671961;0.673878;0.623233;0.576930;0.484499;0.631332;0.588826;0.621000;0.629993;0.633305;0.614466;0.600048;0.613624;0.605944;0.576993;0.570864;0.580367;0.589453;0.586893;0.770307;0.683336;0.620564;0.647306;0.677341;0.663032;0.664999;0.655974;0.728772;0.738230;0.719976;0.742922;0.760114;0.730815;0.800712;0.714976;0.671532;0.730847;0.691113;0.673825;0.551938;0.542893;0.612646;0.461560;0.444619;0.433859;0.422739;0.000000;0.490173;0.526736;0.580215;0.624029;0.619537;0.596603;0.630635;0.627039;0.617869;0.641677;0.642932;0.820291;0.747543;0.594618;0.611999;0.644398;0.631843;0.608758;0.663407;0.638549;0.690127
SO170105;0.527695;0.498660;0.461942;0.496562;0.550661;0.542845;0.579733;0.625437;0.558219;0.548874;0.632869;0.603633;0.574623;0.659050;0.665961;0.695018;0.750196;0.799829;0.799400;0.795191;0.864029;0.862451;0.874839;0.843163;0.835148;0.814012;0.762861;0.730599;0.788181;0.704714;0.686553;0.683067;0.644999;0.665017;0.696985;0.634303;0.626706;0.546897;0.527083;0.542079;0.532174;0.512052;0.534946;0.538549;0.526127;0.523553;0.518186;0.537757;0.517279;0.559583;0.523629;0.579540;0.585109;0.574198;0.802583;0.710445;0.634635;0.686500;0.705309;0.699839;0.698527;0.726068;0.777068;0.777372;0.773502;0.798629;0.823169;0.792827;0.851236;0.772472;0.735245;0.781111;0.754503;0.710512;0.609201;0.578996;0.559302;0.541892;0.476806;0.578630;0.564513;0.490173;0.000000;0.387599;0.432851;0.499168;0.537844;0.494002;0.554688;0.597523;0.526191;0.584563;0.622193;0.817870;0.746686;0.557809;0.545792;0.578450;0.601520;0.606146;0.654715;0.642307;0.703791
SO170109;0.542269;0.510654;0.465183;0.502158;0.564128;0.554146;0.575938;0.635818;0.566951;0.537894;0.644992;0.605682;0.568597;0.662728;0.680970;0.706244;0.763117;0.808837;0.809103;0.802993;0.875103;0.872284;0.883657;0.851628;0.844705;0.825296;0.771371;0.741982;0.797143;0.713861;0.695792;0.690026;0.654215;0.680247;0.717506;0.623391;0.617204;0.542191;0.535071;0.551372;0.512336;0.494009;0.516884;0.529216;0.533976;0.525795;0.525366;0.541881;0.512549;0.561700;0.523460;0.584962;0.591501;0.585401;0.815253;0.719218;0.637250;0.692686;0.710641;0.708024;0.707969;0.735501;0.790337;0.787368;0.782406;0.808308;0.835676;0.803807;0.859321;0.781031;0.750875;0.792977;0.768241;0.715728;0.634854;0.598679;0.563217;0.568641;0.495998;0.609970;0.589969;0.526736;0.387599;0.000000;0.443690;0.511147;0.555685;0.512990;0.578274;0.613391;0.515601;0.586394;0.635676;0.831675;0.764759;0.566621;0.556909;0.583210;0.604513;0.610489;0.658852;0.651799;0.715443
SO170119;0.524025;0.475203;0.491245;0.529710;0.547735;0.554251;0.584659;0.627736;0.597384;0.563935;0.639793;0.624879;0.616413;0.707272;0.706628;0.712792;0.767613;0.830073;0.824494;0.813949;0.892750;0.880486;0.885508;0.862221;0.855787;0.835537;0.789705;0.768403;0.817950;0.746883;0.726111;0.712771;0.692069;0.720616;0.754928;0.652797;0.640961;0.571602;0.572340;0.627991;0.551377;0.554877;0.564990;0.560510;0.523546;0.564986;0.572700;0.529739;0.558728;0.614844;0.569809;0.638406;0.651994;0.627148;0.841798;0.757548;0.680013;0.737140;0.741421;0.742275;0.722068;0.769599;0.818023;0.797807;0.788417;0.818653;0.842392;0.820555;0.875360;0.804030;0.763012;0.804448;0.782546;0.750082;0.678166;0.640716;0.569804;0.637094;0.576302;0.663899;0.631390;0.580215;0.432851;0.443690;0.000000;0.485921;0.519700;0.520673;0.597091;0.632634;0.558404;0.609001;0.635697;0.826232;0.767217;0.594538;0.568718;0.598993;0.646193;0.651179;0.695673;0.667785;0.747199
SO170124;0.619072;0.585924;0.560585;0.598720;0.635608;0.631649;0.667931;0.691326;0.646114;0.620120;0.694727;0.675467;0.654777;0.702992;0.718918;0.732109;0.783037;0.823982;0.820634;0.826334;0.880247;0.881889;0.896717;0.878232;0.871961;0.854148;0.810777;0.784776;0.834327;0.762364;0.746440;0.751555;0.719952;0.751279;0.775449;0.714175;0.688552;0.638914;0.607974;0.659368;0.614833;0.613517;0.596874;0.561076;0.607565;0.626776;0.613772;0.605414;0.606922;0.658771;0.623039;0.676262;0.679243;0.659478;0.800111;0.743401;0.704162;0.745292;0.746967;0.751791;0.743708;0.782946;0.797251;0.789522;0.809420;0.838629;0.851561;0.829809;0.886014;0.821451;0.785584;0.829154;0.805037;0.771559;0.708152;0.686528;0.644111;0.656982;0.602951;0.687685;0.678234;0.624029;0.499168;0.511147;0.485921;0.000000;0.489374;0.523860;0.574002;0.613341;0.586835;0.593156;0.625538;0.784107;0.747492;0.605629;0.589328;0.578291;0.631722;0.658266;0.685881;0.671026;0.721857
SO170126;0.665059;0.624502;0.601313;0.617683;0.662168;0.662158;0.681330;0.695099;0.661345;0.638068;0.701443;0.676004;0.646044;0.703385;0.704014;0.699771;0.755548;0.804837;0.803910;0.808506;0.876891;0.875245;0.886661;0.871624;0.866769;0.845596;0.803118;0.771232;0.823982;0.755655;0.731550;0.750112;0.718723;0.736612;0.769058;0.731240;0.699372;0.669447;0.633604;0.663113;0.664263;0.652844;0.634541;0.585771;0.632585;0.670873;0.649327;0.618753;0.643268;0.666327;0.635784;0.674244;0.675056;0.658153;0.765415;0.731351;0.695668;0.727775;0.727081;0.731425;0.729899;0.763653;0.775501;0.770746;0.793870;0.826606;0.844802;0.822816;0.882577;0.810718;0.763979;0.819468;0.793273;0.773110;0.715359;0.690944;0.657528;0.655796;0.624482;0.671918;0.661402;0.619537;0.537844;0.555685;0.519700;0.489374;0.000000;0.568273;0.595403;0.590732;0.627552;0.621845;0.616279;0.730691;0.723526;0.592508;0.594465;0.575948;0.627485;0.645553;0.663476;0.642226;0.687963
SO170131;0.581016;0.572454;0.550248;0.566544;0.589683;0.577085;0.630568;0.657460;0.566702;0.555522;0.623244;0.606266;0.598920;0.628631;0.660276;0.696099;0.759092;0.814897;0.807460;0.813897;0.876048;0.878642;0.894287;0.875884;0.870558;0.853592;0.806132;0.776761;0.833271;0.767302;0.755514;0.752829;0.725768;0.733294;0.760073;0.730131;0.717522;0.657021;0.606064;0.624144;0.614582;0.604250;0.602585;0.589498;0.586186;0.555437;0.544774;0.570738;0.548214;0.580898;0.559523;0.608655;0.619547;0.600450;0.790936;0.704516;0.652067;0.698019;0.717207;0.711806;0.708157;0.736293;0.778860;0.785228;0.796524;0.830696;0.849421;0.822294;0.881495;0.809771;0.785457;0.834280;0.809531;0.778174;0.698257;0.690039;0.675282;0.631332;0.591753;0.653066;0.649580;0.596603;0.494002;0.512990;0.520673;0.523860;0.568273;0.000000;0.486244;0.565171;0.502375;0.529709;0.564396;0.794688;0.727594;0.557433;0.533893;0.555471;0.575921;0.592062;0.653142;0.646339;0.690619
SO170202;0.675401;0.659113;0.611867;0.631088;0.668445;0.652420;0.691348;0.702022;0.616455;0.620337;0.686020;0.661288;0.633473;0.632210;0.666851;0.717459;0.784987;0.816614;0.818277;0.835609;0.875394;0.896715;0.914485;0.899781;0.896077;0.882404;0.834173;0.799839;0.855730;0.787883;0.780518;0.796110;0.759171;0.753538;0.785285;0.779382;0.760896;0.707055;0.644551;0.649731;0.678374;0.660558;0.650366;0.624842;0.658526;0.613352;0.585070;0.636761;0.594245;0.617810;0.604746;0.635350;0.634340;0.621901;0.748329;0.691552;0.676836;0.703967;0.729113;0.722699;0.740102;0.732669;0.752740;0.796605;0.832120;0.859306;0.877142;0.837386;0.895007;0.834112;0.807596;0.862410;0.837214;0.805569;0.724891;0.718855;0.733659;0.631523;0.606674;0.624816;0.653063;0.630635;0.554688;0.578274;0.597091;0.574002;0.595403;0.486244;0.000000;0.468630;0.534744;0.536196;0.521557;0.681770;0.625851;0.528591;0.539733;0.543010;0.583291;0.607301;0.653930;0.675821;0.649729
SO170207;0.742545;0.710753;0.632234;0.634615;0.717768;0.697158;0.708334;0.715619;0.642401;0.643708;0.726520;0.681247;0.636965;0.632852;0.660296;0.700588;0.773484;0.804598;0.816553;0.840834;0.877444;0.902048;0.921262;0.907900;0.903793;0.890755;0.844885;0.802670;0.860117;0.789367;0.779110;0.805622;0.764680;0.751849;0.786141;0.802226;0.779991;0.733360;0.658451;0.641021;0.708892;0.694658;0.685915;0.659446;0.719901;0.663888;0.624729;0.665101;0.616568;0.618298;0.608544;0.629719;0.612100;0.617974;0.710155;0.666698;0.669296;0.690754;0.721339;0.709114;0.741357;0.723596;0.730392;0.797031;0.842793;0.865727;0.885941;0.843702;0.904650;0.838128;0.811241;0.869368;0.842705;0.811340;0.738047;0.728254;0.754562;0.626365;0.610942;0.592496;0.638920;0.627039;0.597523;0.613391;0.632634;0.613341;0.590732;0.565171;0.468630;0.000000;0.534269;0.516428;0.497908;0.605176;0.566560;0.480188;0.528085;0.529047;0.579213;0.606390;0.637546;0.667949;0.617863
SO170209;0.645465;0.618618;0.532904;0.544469;0.637455;0.604706;0.625723;0.690692;0.556559;0.519871;0.665565;0.607811;0.573464;0.632110;0.691392;0.716603;0.791807;0.833520;0.839218;0.841931;0.895772;0.900723;0.917457;0.894259;0.887730;0.876575;0.824226;0.797492;0.851211;0.781617;0.772642;0.764154;0.743355;0.763763;0.778797;0.737764;0.731302;0.652217;0.610804;0.610545;0.583767;0.586342;0.598168;0.608830;0.643242;0.529004;0.527276;0.598078;0.483900;0.538615;0.523634;0.575407;0.577834;0.586687;0.814292;0.700939;0.639082;0.700095;0.728752;0.716299;0.724739;0.745362;0.802619;0.817991;0.825781;0.850070;0.875943;0.841296;0.897228;0.824809;0.814626;0.854621;0.834974;0.788713;0.734183;0.722197;0.700947;0.649946;0.592017;0.670923;0.682460;0.617869;0.526191;0.515601;0.558404;0.586835;0.627552;0.502375;0.534744;0.534269;0.000000;0.458017;0.583231;0.815729;0.730904;0.529976;0.521162;0.535695;0.577187;0.607024;0.667491;0.684758;0.717361
SO170215;0.702535;0.680031;0.603544;0.608185;0.697247;0.665281;0.688225;0.729945;0.614815;0.582479;0.710693;0.655500;0.620861;0.633349;0.703125;0.719913;0.795909;0.829159;0.835514;0.849340;0.883065;0.895056;0.919792;0.902175;0.895340;0.885175;0.838187;0.809205;0.861423;0.798035;0.786231;0.788172;0.762330;0.783510;0.794990;0.779451;0.765753;0.710040;0.649991;0.646054;0.645919;0.651165;0.641299;0.635919;0.702997;0.609090;0.594367;0.656136;0.558542;0.597611;0.590532;0.615551;0.608570;0.625001;0.779686;0.695254;0.668508;0.717151;0.741912;0.733645;0.741634;0.756501;0.786843;0.811205;0.834135;0.860333;0.875406;0.849193;0.905129;0.836046;0.826243;0.866592;0.845625;0.807927;0.763696;0.758869;0.740574;0.663629;0.615553;0.675384;0.701528;0.641677;0.584563;0.586394;0.609001;0.593156;0.621845;0.529709;0.536196;0.516428;0.458017;0.000000;0.562208;0.766985;0.701237;0.535954;0.541917;0.518883;0.577404;0.616870;0.668894;0.685878;0.690438
SO170217;0.707384;0.679914;0.638078;0.618891;0.668986;0.651870;0.665205;0.666201;0.612526;0.617799;0.670943;0.637495;0.640841;0.660268;0.658226;0.700662;0.761032;0.828651;0.815058;0.830424;0.886664;0.895297;0.910826;0.900782;0.897634;0.881804;0.843118;0.815167;0.862608;0.810030;0.797226;0.809465;0.784579;0.757894;0.798474;0.809632;0.796435;0.750520;0.691791;0.672215;0.724574;0.708986;0.708929;0.687156;0.702114;0.664905;0.643000;0.639243;0.634864;0.618326;0.611332;0.635879;0.647788;0.629515;0.774185;0.727661;0.693750;0.722629;0.747025;0.737477;0.742971;0.727073;0.766603;0.806968;0.822025;0.854112;0.874068;0.845550;0.901865;0.833904;0.815395;0.866558;0.844613;0.823267;0.753949;0.746184;0.759340;0.672177;0.661834;0.609564;0.623491;0.642932;0.622193;0.635676;0.635697;0.625538;0.616279;0.564396;0.521557;0.497908;0.583231;0.562208;0.000000;0.541664;0.485931;0.516253;0.551333;0.576917;0.609749;0.617676;0.679026;0.669167;0.660491
SO170221;0.907466;0.881406;0.839002;0.841165;0.874579;0.871789;0.878504;0.849655;0.849565;0.862075;0.884807;0.867908;0.831293;0.816026;0.796551;0.827184;0.872083;0.877474;0.884983;0.912088;0.929276;0.949701;0.961940;0.958749;0.958775;0.951518;0.927726;0.898979;0.930273;0.892566;0.885387;0.921067;0.890821;0.869893;0.902853;0.916087;0.894962;0.884719;0.831546;0.828081;0.893624;0.877923;0.862860;0.822000;0.872263;0.878158;0.837352;0.843682;0.850219;0.843563;0.832649;0.842152;0.826441;0.823539;0.751596;0.820409;0.855541;0.836271;0.840341;0.840367;0.869067;0.834055;0.804896;0.874561;0.924183;0.938822;0.947406;0.922511;0.957573;0.924707;0.895587;0.939304;0.921023;0.912622;0.868697;0.859044;0.888179;0.799785;0.808438;0.755624;0.792889;0.820291;0.817870;0.831675;0.826232;0.784107;0.730691;0.794688;0.681770;0.605176;0.815729;0.766985;0.541664;0.000000;0.387993;0.673860;0.726530;0.706852;0.762473;0.782664;0.776272;0.796227;0.704923
SO170223;0.846429;0.819463;0.771494;0.771123;0.811517;0.802883;0.803632;0.781655;0.762618;0.779649;0.808135;0.782426;0.749847;0.745004;0.735047;0.767107;0.824878;0.852379;0.850837;0.876841;0.905630;0.930294;0.945142;0.940236;0.939291;0.928463;0.895352;0.861552;0.903745;0.862069;0.853965;0.883747;0.850098;0.820321;0.857422;0.882899;0.867285;0.837771;0.771505;0.760874;0.836570;0.819386;0.813200;0.791633;0.816032;0.799022;0.761120;0.776382;0.769659;0.754101;0.746499;0.751577;0.739595;0.734868;0.756199;0.764200;0.777445;0.773156;0.790803;0.782897;0.811448;0.768710;0.767399;0.838584;0.888551;0.909128;0.923259;0.885611;0.933611;0.888586;0.862246;0.913828;0.893446;0.882216;0.825548;0.818462;0.846649;0.743259;0.747080;0.680379;0.716118;0.747543;0.746686;0.764759;0.767217;0.747492;0.723526;0.727594;0.625851;0.566560;0.730904;0.701237;0.485931;0.387993;0.000000;0.577219;0.646184;0.667657;0.691419;0.704042;0.729023;0.753193;0.691340
SO170302;0.696938;0.656153;0.584066;0.570246;0.644896;0.620421;0.626381;0.635464;0.556423;0.556664;0.637802;0.582557;0.525055;0.587390;0.594493;0.644752;0.732904;0.789387;0.787717;0.802270;0.870863;0.893914;0.908375;0.892334;0.888562;0.872484;0.814616;0.767309;0.839363;0.768331;0.754133;0.778983;0.736226;0.719098;0.775542;0.767492;0.751595;0.696165;0.622811;0.599423;0.667074;0.637980;0.644428;0.632130;0.648136;0.594723;0.556326;0.587968;0.548327;0.549298;0.528322;0.553956;0.553624;0.545271;0.724503;0.655224;0.610051;0.646694;0.672700;0.665269;0.687430;0.682642;0.712392;0.760846;0.801845;0.839579;0.867796;0.812712;0.887586;0.805055;0.779947;0.846731;0.822363;0.794408;0.719897;0.699104;0.718542;0.621883;0.594551;0.594222;0.599858;0.594618;0.557809;0.566621;0.594538;0.605629;0.592508;0.557433;0.528591;0.480188;0.529976;0.535954;0.516253;0.673860;0.577219;0.000000;0.408909;0.466341;0.474184;0.492447;0.561918;0.587257;0.591988
SO170306;0.657300;0.617883;0.570555;0.561495;0.608266;0.590861;0.617788;0.622245;0.547070;0.547600;0.605272;0.571604;0.551763;0.618431;0.615719;0.669296;0.752376;0.814027;0.807376;0.816524;0.887289;0.901757;0.912748;0.895275;0.892741;0.875728;0.820840;0.782330;0.849589;0.777674;0.769091;0.779765;0.747409;0.740014;0.789261;0.755333;0.742288;0.672716;0.608607;0.620538;0.650883;0.624801;0.630952;0.617555;0.604950;0.553570;0.519615;0.546740;0.527174;0.556077;0.522310;0.573898;0.585739;0.559871;0.757905;0.687999;0.635973;0.678985;0.700575;0.696602;0.697831;0.714909;0.751447;0.776075;0.812426;0.848935;0.872291;0.826445;0.896859;0.819886;0.788052;0.852079;0.828817;0.801501;0.722019;0.697583;0.707318;0.648989;0.612953;0.642443;0.634174;0.611999;0.545792;0.556909;0.568718;0.589328;0.594465;0.533893;0.539733;0.528085;0.521162;0.541917;0.551333;0.726530;0.646184;0.408909;0.000000;0.462893;0.495170;0.523415;0.605786;0.611970;0.647084
SO170309;0.710367;0.677129;0.609697;0.611929;0.678282;0.654514;0.679235;0.696719;0.605115;0.582612;0.679896;0.632690;0.583991;0.617401;0.651239;0.691008;0.769572;0.803804;0.814260;0.831373;0.883243;0.903434;0.920613;0.905146;0.900630;0.887945;0.833208;0.792360;0.858748;0.784201;0.774934;0.792898;0.756311;0.764829;0.802083;0.777955;0.757353;0.705697;0.646174;0.643165;0.662922;0.648445;0.638534;0.605684;0.669551;0.608938;0.575843;0.617608;0.561986;0.597881;0.573545;0.606883;0.605270;0.595503;0.722016;0.673986;0.648178;0.688562;0.709496;0.708902;0.717413;0.734718;0.746167;0.781867;0.827550;0.860904;0.883271;0.836287;0.904603;0.828950;0.804460;0.864329;0.841192;0.806165;0.752150;0.738181;0.731489;0.666708;0.627611;0.674354;0.687221;0.644398;0.578450;0.583210;0.598993;0.578291;0.575948;0.555471;0.543010;0.529047;0.535695;0.518883;0.576917;0.706852;0.667657;0.466341;0.462893;0.000000;0.481484;0.534775;0.594566;0.615383;0.623384
SO170314;0.728947;0.705170;0.642626;0.626137;0.684056;0.657361;0.673282;0.695710;0.590121;0.587984;0.652787;0.601688;0.545091;0.560709;0.599295;0.639781;0.722757;0.767137;0.769710;0.788573;0.856420;0.883720;0.902612;0.888717;0.884178;0.870034;0.806200;0.751948;0.834933;0.764302;0.755277;0.779992;0.736430;0.733093;0.772892;0.782281;0.767584;0.723609;0.659038;0.623237;0.689894;0.659392;0.656704;0.641449;0.692914;0.618480;0.590895;0.624043;0.578619;0.564720;0.562311;0.576446;0.578332;0.576658;0.700741;0.628790;0.593882;0.622745;0.629189;0.634989;0.649181;0.680278;0.692926;0.724325;0.785455;0.830925;0.859309;0.795823;0.882646;0.788239;0.772931;0.846141;0.821373;0.790893;0.734494;0.723912;0.741966;0.653312;0.629715;0.661951;0.670370;0.631843;0.601520;0.604513;0.646193;0.631722;0.627485;0.575921;0.583291;0.579213;0.577187;0.577404;0.609749;0.762473;0.691419;0.474184;0.495170;0.481484;0.000000;0.388811;0.462560;0.528782;0.552828
SO170316;0.717962;0.692818;0.649692;0.615234;0.662415;0.633956;0.638711;0.656453;0.564848;0.573445;0.604687;0.540552;0.476529;0.515127;0.522653;0.555544;0.639470;0.735538;0.724578;0.732731;0.843452;0.858505;0.874508;0.859831;0.855082;0.838039;0.770133;0.708917;0.797387;0.741769;0.725219;0.752350;0.712929;0.691527;0.737078;0.767374;0.762009;0.713153;0.661294;0.597928;0.702106;0.660083;0.671337;0.667448;0.689000;0.627755;0.608703;0.602621;0.594579;0.520638;0.533639;0.529490;0.547534;0.536960;0.712610;0.614379;0.526283;0.551110;0.546104;0.555017;0.572918;0.614630;0.672920;0.688718;0.728159;0.782535;0.828972;0.762419;0.852139;0.736276;0.735133;0.812512;0.788319;0.769320;0.715583;0.702260;0.730296;0.638232;0.630239;0.637778;0.626276;0.608758;0.606146;0.610489;0.651179;0.658266;0.645553;0.592062;0.607301;0.606390;0.607024;0.616870;0.617676;0.782664;0.704042;0.492447;0.523415;0.534775;0.388811;0.000000;0.409449;0.434884;0.510130
SO170321;0.000000;0.000000;0.000000;0.000000;0.000000;0.000000;0.000000;0.000000;0.000000;0.000000;0.000000;0.000000;0.000000;0.000000;0.000000;0.000000;0.000000;0.000000;0.000000;0.000000;0.000000;0.000000;0.000000;0.000000;0.000000;0.000000;0.000000;0.000000;0.000000;0.000000;0.000000;0.000000;0.000000;0.000000;0.000000;0.000000;0.000000;0.000000;0.000000;0.000000;0.000000;0.000000;0.000000;0.000000;0.000000;0.000000;0.000000;0.000000;0.000000;0.000000;0.000000;0.000000;0.000000;0.000000;0.000000;0.000000;0.000000;0.000000;0.000000;0.000000;0.000000;0.000000;0.000000;0.000000;0.000000;0.000000;0.000000;0.000000;0.000000;0.000000;0.000000;0.000000;0.000000;0.000000;0.000000;0.000000;0.000000;0.000000;0.000000;0.000000;0.000000;0.000000;0.000000;0.000000;0.000000;0.000000;0.000000;0.000000;0.000000;0.000000;0.000000;0.000000;0.000000;0.000000;0.000000;0.000000;0.000000;0.000000;0.000000;0.000000;0.000000;0.421296;0.414781
SO170328;0.000000;0.000000;0.000000;0.000000;0.000000;0.000000;0.000000;0.000000;0.000000;0.000000;0.000000;0.000000;0.000000;0.000000;0.000000;0.000000;0.000000;0.000000;0.000000;0.000000;0.000000;0.000000;0.000000;0.000000;0.000000;0.000000;0.000000;0.000000;0.000000;0.000000;0.000000;0.000000;0.000000;0.000000;0.000000;0.000000;0.000000;0.000000;0.000000;0.000000;0.000000;0.000000;0.000000;0.000000;0.000000;0.000000;0.000000;0.000000;0.000000;0.000000;0.000000;0.000000;0.000000;0.000000;0.000000;0.000000;0.000000;0.000000;0.000000;0.000000;0.000000;0.000000;0.000000;0.000000;0.000000;0.000000;0.000000;0.000000;0.000000;0.000000;0.000000;0.000000;0.000000;0.000000;0.000000;0.000000;0.000000;0.000000;0.000000;0.000000;0.000000;0.000000;0.000000;0.000000;0.000000;0.000000;0.000000;0.000000;0.000000;0.000000;0.000000;0.000000;0.000000;0.000000;0.000000;0.000000;0.000000;0.000000;0.000000;0.000000;0.421296;0.000000;0.440617
SO170330;0.000000;0.000000;0.000000;0.000000;0.000000;0.000000;0.000000;0.000000;0.000000;0.000000;0.000000;0.000000;0.000000;0.000000;0.000000;0.000000;0.000000;0.000000;0.000000;0.000000;0.000000;0.000000;0.000000;0.000000;0.000000;0.000000;0.000000;0.000000;0.000000;0.000000;0.000000;0.000000;0.000000;0.000000;0.000000;0.000000;0.000000;0.000000;0.000000;0.000000;0.000000;0.000000;0.000000;0.000000;0.000000;0.000000;0.000000;0.000000;0.000000;0.000000;0.000000;0.000000;0.000000;0.000000;0.000000;0.000000;0.000000;0.000000;0.000000;0.000000;0.000000;0.000000;0.000000;0.000000;0.000000;0.000000;0.000000;0.000000;0.000000;0.000000;0.000000;0.000000;0.000000;0.000000;0.000000;0.000000;0.000000;0.000000;0.000000;0.000000;0.000000;0.000000;0.000000;0.000000;0.000000;0.000000;0.000000;0.000000;0.000000;0.000000;0.000000;0.000000;0.000000;0.000000;0.000000;0.000000;0.000000;0.000000;0.000000;0.000000;0.414781;0.440617;0.000000
