Date,ST,Depth,ID,SF,Season,DL,Lat,Long,Temperature,Salinity,Oxygen,PH,NH4,NO3,NO2,PO4,SIOH4,COP,NOP,MES,DN15,DC13,CHLA
2004-07-21,MOLA,5,PICO_MO40721_5,0.2-3 um,Summer,14.83129729,42.4558333,3.54916,20.1,37.8,NA,NA,NA,NA,NA,NA,NA,NA,NA,NA,NA,NA,NA
2004-08-18,MOLA,5,PICO_MO40818_5,0.2-3 um,Summer,13.79152408,42.4558333,3.54916,21.8,37.9,NA,NA,NA,NA,NA,NA,NA,NA,NA,NA,NA,NA,NA
2004-08-25,MOLA,5,PICO_MO40825_5,0.2-3 um,Summer,13.4844745,42.4558333,3.54916,21.8,37.9,NA,NA,NA,NA,NA,NA,NA,NA,NA,NA,NA,NA,NA
2004-10-06,MOLA,5,PICO_MO41006_5,0.2-3 um,Autumn,11.51711813,42.4558333,3.54916,20.2,NA,NA,NA,NA,NA,NA,NA,NA,NA,NA,NA,NA,NA,NA
2004-11-03,MOLA,5,PICO_MO41103_5,0.2-3 um,Autumn,10.25224711,42.4558333,3.54916,18.7,NA,NA,NA,NA,NA,NA,NA,NA,NA,NA,NA,NA,NA,NA
2004-12-06,MOLA,5,PICO_MO41206_5,0.2-3 um,Winter,9.202857963,42.4558333,3.54916,14.2,NA,NA,NA,0.17,2.38,0.02,0.04,1.57,NA,NA,NA,NA,NA,0.21
2005-06-14,MOLA,5,PICO_MO50614_5,0.2-3 um,Summer,15.26209671,42.4558333,3.54916,18.8,37.8,NA,NA,0.27,0.1,0.02,0.03,0.59,NA,NA,NA,NA,NA,0.09
2005-07-20,MOLA,5,PICO_MO50720_5,0.2-3 um,Summer,14.88808734,42.4558333,3.54916,21.4,38,NA,NA,0.23,0.1,0.02,0.03,0.29,NA,NA,NA,NA,NA,0.06
2005-08-17,MOLA,5,PICO_MO50817_5,0.2-3 um,Summer,13.87687895,42.4558333,3.54916,21.1,38.3,NA,NA,0.36,0.17,0.02,0.03,0.54,NA,NA,NA,NA,NA,0.03
2005-09-14,MOLA,5,PICO_MO50914_5,0.2-3 um,Autumn,12.6079865,42.4558333,3.54916,20.5,38.1,NA,NA,0.1,0.11,0.02,0.03,0.86,NA,NA,NA,NA,NA,0.06
2005-10-26,MOLA,5,PICO_MO51026_5,0.2-3 um,Autumn,10.64078514,42.4558333,3.54916,18.5,38.5,NA,NA,0.05,0.19,0.05,0.08,1.35,NA,NA,NA,NA,NA,NA
2005-11-29,MOLA,5,PICO_MO51129_5,0.2-3 um,Autumn,9.379481613,42.4558333,3.54916,16.3,38.2,NA,NA,0.1,0.22,0.1,0.03,1.18,NA,NA,NA,NA,NA,0.28
2005-12-20,MOLA,5,PICO_MO51220_5,0.2-3 um,Winter,9.064028577,42.4558333,3.54916,13.8,38.3,NA,NA,0.22,1.19,0.23,0.03,1.6,NA,NA,NA,NA,NA,0.19
2006-01-25,MOLA,5,PICO_MO60125_5,0.2-3 um,Winter,9.696160115,42.4558333,3.54916,12.9,38.3,NA,NA,0.08,3.96,0.09,0.18,2.47,NA,NA,NA,NA,NA,0.24
2006-03-14,MOLA,5,PICO_MO60314_5,0.2-3 um,Spring,11.80302036,42.4558333,3.54916,12.5,38.4,NA,NA,0.24,5.1,0.08,0.2,4.22,NA,NA,NA,NA,NA,0.29
2006-05-16,MOLA,5,PICO_MO60516_5,0.2-3 um,Spring,14.60467298,42.4558333,3.54916,16,37.9,NA,NA,0.75,0.71,0.1,0.06,0.67,NA,NA,NA,NA,NA,0.32
2006-06-06,MOLA,5,PICO_MO60606_5,0.2-3 um,Summer,15.15795613,42.4558333,3.54916,17.4,38,NA,NA,0.81,0.09,0.05,0.07,0.06,NA,NA,NA,NA,NA,0.36
2006-06-28,MOLA,5,PICO_MO60628_5,0.2-3 um,Summer,15.27754968,42.4558333,3.54916,22,37.6,NA,NA,0.33,0.05,0.02,0.03,0.06,NA,NA,NA,NA,NA,0.15
2006-07-31,MOLA,5,PICO_MO60731_5,0.2-3 um,Summer,14.54131873,42.4558333,3.54916,25.3,38.4,NA,NA,0.05,0.02,0.02,0.03,0.46,NA,NA,NA,NA,NA,0.07
2006-09-04,MOLA,5,PICO_MO60904_5,0.2-3 um,Autumn,13.07514605,42.4558333,3.54916,20.1,38.3,NA,NA,0.57,0.02,0.02,0.03,0.59,NA,NA,NA,NA,NA,1
2006-10-02,MOLA,5,PICO_MO61002_5,0.2-3 um,Autumn,11.7538741,42.4558333,3.54916,19.3,38.2,NA,NA,0.05,0.02,0.02,0.03,0.12,NA,NA,NA,NA,NA,0.16
2006-11-06,MOLA,5,PICO_MO61106_5,0.2-3 um,Autumn,10.16967061,42.4558333,3.54916,18.7,38.3,NA,NA,0.05,0.02,0.04,0.03,0.96,NA,NA,NA,NA,NA,0.27
2006-11-27,MOLA,5,PICO_MO61127_5,0.2-3 um,Autumn,9.433104212,42.4558333,3.54916,17.5,38.3,NA,NA,0.16,0.02,0.06,0.03,0.48,NA,NA,NA,NA,NA,0.27
2009-01-05,SOLA,3,SO090105,0.2-3 um,Winter,9.170837649,42.4916667,3.15277,11.045,36.385,5.94,8.241,0.11,5.73,0.8,0.07,6.27,51.04,9.19,1.66,NA,NA,1.07
2009-02-09,SOLA,3,SO090209,0.2-3 um,Winter,10.27545691,42.4916667,3.15277,10.555,36.881,6.31,8.21,0.37,3.31,0.29,0.03,3.29,95.04,15.52,1.45,NA,NA,1.03
2009-03-23,SOLA,3,SO090323,0.2-3 um,Spring,12.23716288,42.4916667,3.15277,12.058,37.827,6.24,8,0.39,1.54,0.09,0.08,1.4,73.63,10.12,0.91,NA,NA,0.76
2009-04-20,SOLA,3,SO090420,0.2-3 um,Spring,13.55549486,42.4916667,3.15277,12.821,36.675,NA,8.06,0.51,1.29,0.08,0.09,2.1,169.35,24.26,1.94,NA,NA,1.36
2009-05-18,SOLA,3,SO090518,0.2-3 um,Spring,14.67529227,42.4916667,3.15277,16.31,37.143,5.99,8.12,0.34,0.13,0.02,0.05,0.98,155.14,19.05,1.97,NA,NA,0.65
2009-06-17,SOLA,3,SO090617,0.2-3 um,Summer,15.28787346,42.4916667,3.15277,NA,NA,5.43,8.2,1.02,0.02,0.02,0.03,1.2,72.84,12.17,14.76,NA,NA,0.16
2009-07-27,SOLA,3,SO090727,0.2-3 um,Summer,14.68010538,42.4916667,3.15277,21.222,37.804,5.25,8.18,1.14,0.36,0.02,0.03,0.78,56.63,8.19,0.99,NA,NA,0.13
2009-08-24,SOLA,3,SO090824,0.2-3 um,Summer,13.57528977,42.4916667,3.15277,24.321,37.833,4.73,8.07,0.67,0.02,0.02,0.03,0.53,108.6,17.17,1.94,NA,NA,NA
2009-09-09,SOLA,3,SO090909,0.2-3 um,Autumn,12.84373757,42.4916667,3.15277,22.559,38.019,5.11,8.09,0.61,0.02,0.02,0.03,0.56,39.37,6.68,1.74,NA,NA,0.07
2009-10-13,SOLA,3,SO091013,0.2-3 um,Autumn,11.23416491,42.4916667,3.15277,20.838,38.132,5.1,7.99,0.29,0.05,0.02,0.03,1.18,51.82,9.19,0.79,NA,NA,0.3
2009-11-16,SOLA,3,SO091116,0.2-3 um,Autumn,9.781697374,42.4916667,3.15277,15.789,38.185,5.34,7.95,0.23,0.26,0.09,0.03,1.53,38.84,5.43,1.5,NA,NA,0.29
2009-12-16,SOLA,3,SO091216,0.2-3 um,Winter,9.081773621,42.4916667,3.15277,15.865,37.991,5.38,7.997,0.19,0.22,0.04,0.03,0.61,68.14,9.63,0.38,NA,NA,0.32
2010-01-11,SOLA,3,SO100111,0.2-3 um,Winter,9.288074039,42.4916667,3.15277,11.776,38.006,5.98,7.76,0.15,1.08,0.29,0.03,1.03,34.804,4.776,1.13,NA,NA,0.24
2010-02-15,SOLA,3,SO100215,0.2-3 um,Winter,10.53627006,42.4916667,3.15277,8.534,37.474,6.59,8.25,0.19,1.74,0.26,0.03,1.32,72.803,13.709,3.5,NA,NA,1.54
2010-03-15,SOLA,3,SO100315,0.2-3 um,Spring,11.85091084,42.4916667,3.15277,10.088,36.895,6.33,8.24,0.4,3.62,0.28,0.01,2,88.772,13.013,2.46,NA,NA,1.34
2010-04-26,SOLA,3,SO100426,0.2-3 um,Spring,13.82067584,42.4916667,3.15277,14.66,37.249,5.95,8.24,0.25,0.6,0.07,0.03,0.96,94.902,13.729,0.55,NA,NA,0.39
2010-05-26,SOLA,3,SO100526,0.2-3 um,Spring,14.91667507,42.4916667,3.15277,16.191,37.115,6.3,8.26,0.01,0.07,0.01,0.06,1.29,314.859,28.826,1.4,3.83,-22.08,0.33
2010-06-07,SOLA,3,SO100607,0.2-3 um,Summer,15.17869383,42.4916667,3.15277,17.626,37.444,5.69,8.23,NA,0.1,0.02,0.02,2.2,239.049,25.623,2.01,3.93,-23.12,0.16
2010-07-05,SOLA,3,SO100705,0.2-3 um,Summer,15.20924554,42.4916667,3.15277,19.055,37.538,5.32,8.22,0,0.06,0.01,0.01,1.06,72.706,11.496,1.58,5.23,-24.28,0.14
2010-08-02,SOLA,3,SO100802,0.2-3 um,Summer,14.47322155,42.4916667,3.15277,NA,NA,5.16,NA,0.03,0.09,0.01,0.01,0.58,106.34,15.14,1.17,4.14,-21.43,0.13
2010-09-13,SOLA,3,SO100913,0.2-3 um,Autumn,12.65582283,42.4916667,3.15277,19.392,38.004,5.28,8.25,0.03,0.09,0.01,0.01,1.93,62.41,NA,1.6,3.71,-23.46,0.14
2010-10-27,SOLA,3,SO101027,0.2-3 um,Autumn,10.59455752,42.4916667,3.15277,NA,NA,5.51,8.26,0.16,0.27,0.06,0.07,2.13,85.132,12.811,1.22,7.75,-22.95,0.6
2010-11-15,SOLA,3,SO101115,0.2-3 um,Autumn,9.817831155,42.4916667,3.15277,NA,NA,5.48,8.29,0.02,0.7,0.2,0.02,1.64,71.27,11.616,0.63,NA,NA,0.67
2010-12-06,SOLA,3,SO101206,0.2-3 um,Winter,9.217633511,42.4916667,3.15277,14.23,38.126,5.47,8.17,0.06,1.06,0.18,0.01,1.82,62.83,6.8,1.03,5.91,-21.88,0.24
2011-01-17,SOLA,3,SO110117,0.2-3 um,Winter,9.441162899,42.4916667,3.15277,11.908,37.301,5.93,8.14,0.02,2.98,0.33,0.09,3.5,76.99,9.99,0.73,5.8,-22.03,0.78
2011-02-07,SOLA,3,SO110207,0.2-3 um,Winter,10.19141946,42.4916667,3.15277,10.711,37.443,6.22,8.15,0.21,2.28,0.28,0.07,2.96,100.77,12.75,1.69,NA,NA,1.22
2011-03-09,SOLA,3,SO110309,0.2-3 um,Spring,11.56203241,42.4916667,3.15277,12.046,38.107,5.96,8.26,0.01,1.43,0.17,0.01,2.3,74.81,7.58,3.15,NA,NA,0.61
2011-04-26,SOLA,3,SO110426,0.2-3 um,Spring,13.82067584,42.4916667,3.15277,15.2,37.126,5.7,8.151,0.139,0.47,0.05,0.01,1.16,149.4,21.46,1.715,NA,NA,1.2
2011-05-23,SOLA,3,SO110523,0.2-3 um,Spring,14.83172524,42.4916667,3.15277,18.195,37.591,5.62,8.201,0.01,0.06,0.01,0.01,0.46,88.17,11.55,1.815,NA,NA,0.14
2011-06-07,SOLA,3,SO110607,0.2-3 um,Summer,15.17869383,42.4916667,3.15277,18.07,38.107,5.44,8.11,0.002,0.03,0.02,0.01,0.7,66.148,10.844,3.04,NA,NA,0.21
2011-07-11,SOLA,3,SO110711,0.2-3 um,Summer,15.10707296,42.4916667,3.15277,20.789,37.888,4.68,8.37,0.007,0.02,0.01,0.01,0.5,96.958,14.402,0.59,4.59,-24.39,0.04
2011-07-27,SOLA,3,SO110727,0.2-3 um,Summer,14.68010538,42.4916667,3.15277,19.654,37.951,4.86,8.11,0.022,0.2,0.02,0.01,0.93,210.879,26.602,0.52,NA,NA,0.09
2011-09-12,SOLA,3,SO110912,0.2-3 um,Autumn,12.70292485,42.4916667,3.15277,NA,NA,5.04,8.32,0.007,0.13,0.01,0.01,0.81,59.58,9.91,0.675,4.81,-22.37,0.1
2011-10-11,SOLA,3,SO111011,0.2-3 um,Autumn,11.32789095,42.4916667,3.15277,NA,NA,5.04,8.2,0.01,0.13,0.01,0.11,1.29,53.43,10.26,0.675,3.12,-21.67,0.13
2011-11-23,SOLA,3,SO111123,0.2-3 um,Autumn,9.547186308,42.4916667,3.15277,16.218,34.294,5.49,8.12,0.38,4.49,0.23,0.36,10.61,203.78,30.25,4.27,NA,NA,1.52
2011-12-06,SOLA,3,SO111206,0.2-3 um,Winter,9.217633511,42.4916667,3.15277,16.321,37.806,4.95,8.14,0.04,0.23,0.09,0.04,0.74,139.15,17.21,1.83,NA,NA,1.05
2012-01-03,SOLA,3,SO120103,0.2-3 um,Winter,9.140425578,42.4916667,3.15277,13.8,38.132,5.68,8.31,0.02,0.61,0.18,0.03,1.15,68.84,12.66,1.72,4.08,-20.72,0.68
2012-01-31,SOLA,3,SO120131,0.2-3 um,Winter,9.911503164,42.4916667,3.15277,11.82,38.043,5.94,8.19,0.02,1.59,0.41,0.04,1.92,80.39,13.71,4.85,NA,NA,0.29
2012-02-21,SOLA,3,SO120221,0.2-3 um,Winter,10.80754924,42.4916667,3.15277,10.479,38.155,6.13,8.25,0.01,2.28,0.16,0.04,3.26,107.88,17.175,0.23,NA,NA,0.51
2012-03-07,SOLA,3,SO120307,0.2-3 um,Spring,11.51406537,42.4916667,3.15277,10.906,38.197,6.26,8.369,0.088,1.06,0.14,0.05,0.6,124.55,19.26,1.275,NA,NA,0.8
2012-03-13,SOLA,3,SO120313,0.2-3 um,Spring,11.80266967,42.4916667,3.15277,11.186,38.194,6.24,8.4,0.101,0.53,0.15,0.02,0.2,129.73,20.82,2.05,4.25,-20.41,0.6
2012-04-04,SOLA,3,SO120404,0.2-3 um,Spring,12.86015764,42.4916667,3.15277,13.839,37.946,5.88,8.31,0.04,0.43,0.06,0.03,1.46,88.938,15.615,1.12,4.6,-22.7,0.32
2012-04-23,SOLA,3,SO120423,0.2-3 um,Spring,13.73336643,42.4916667,3.15277,13.254,38.23,5.63,8.23,0.02,1.07,0.14,0.06,2.02,60.742,9.474,1.7,NA,NA,0.33
2012-05-09,SOLA,3,SO120509,0.2-3 um,Spring,14.39161238,42.4916667,3.15277,15.453,36.614,6.13,8.521,0.01,0.94,0.14,0.05,0.35,326.88,41.84,1.61,4.25,-23.24,1.8
2012-06-07,SOLA,3,SO120607,0.2-3 um,Summer,15.19433426,42.4916667,3.15277,19.498,37.642,5.4,8.352,0.007,0.23,0.01,0.03,0.84,133.357,17.984,1.66,NA,NA,0.14
2012-07-12,SOLA,3,SO120712,0.2-3 um,Summer,15.06535498,42.4916667,3.15277,20.092,37.856,5.11,8.38,0.003,0.02,0.02,0.03,0.79,74.355,10.527,1.32,NA,NA,0.12
2012-08-06,SOLA,3,SO120806,0.2-3 um,Summer,14.28588575,42.4916667,3.15277,21.746,38.008,NA,8.3,0.09,0.06,0.01,0.02,0.95,90.388,14.738,0.32,NA,NA,0.16
2012-08-20,SOLA,3,SO120820,0.2-3 um,Summer,13.70710897,42.4916667,3.15277,22.874,38.176,4.72,8.26,0.06,0.12,0.01,0.02,1.15,81.239,12.106,0.41,NA,NA,0.2
2012-10-22,SOLA,3,SO121022,0.2-3 um,Autumn,10.77355639,42.4916667,3.15277,18.238,38.15,5.07,8.43,0.266,0.29,0.07,0.05,1.47,83.692,14.224,3.68,NA,NA,0.48
2012-11-05,SOLA,3,SO121105,0.2-3 um,Autumn,10.16721556,42.4916667,3.15277,16.581,37.872,5.32,8.39,0.197,0.62,0.11,0.07,2.02,99.113,17.382,1.64,NA,NA,0.57
2012-11-19,SOLA,3,SO121119,0.2-3 um,Autumn,9.643520295,42.4916667,3.15277,15.413,37.89,5.51,8.35,0.31,0.91,0.18,0.06,2.12,59.905,10.255,2.24,1.53,-23.6,0.36
2012-12-12,SOLA,3,SO121212,0.2-3 um,Winter,9.110582333,42.4916667,3.15277,13.09,38.02,5.85,8.38,0.006,1.39,0.24,0.04,2.53,69.732,8.343,2.88,NA,NA,0.48
2013-01-15,SOLA,3,SO130115,0.2-3 um,Winter,9.386423582,42.4916667,3.15277,12.708,37.625,5.89,8.41,0.022,0.94,0.27,0.06,1.39,62.485,10.949,3.8,NA,NA,1.15
2013-02-04,SOLA,3,SO130204,0.2-3 um,Winter,10.06855824,42.4916667,3.15277,11.081,38.052,5.94,8.389,0.046,1.79,0.3,0.06,1.86,88.272,15.467,2.45,NA,NA,1.2
2013-03-11,SOLA,3,SO130311,0.2-3 um,Spring,11.65814739,42.4916667,3.15277,11.473,34.709,6.41,8.38,0.1,5.9,0.24,0.18,9.98,180.48,30.304,3.81,4.47,-23.86,2.57
2013-04-22,SOLA,3,SO130422,0.2-3 um,Spring,13.64494167,42.4916667,3.15277,13.129,37.111,5.92,8.31,0.194,1.81,0.21,0.04,3.19,143.17,25.8,1.48,NA,NA,0.47
2013-05-06,SOLA,3,SO130506,0.2-3 um,Spring,14.23684001,42.4916667,3.15277,13.915,37.335,7.88,8.35,0.068,1.6,0.17,0.05,3.68,81.104,13.937,1.565,NA,NA,0.18
2013-06-03,SOLA,3,SO130603,0.2-3 um,Summer,15.1061908,42.4916667,3.15277,14.955,37.756,5.86,8.17,0.03,0.24,0.03,0.06,1.22,132.653,26.174,2.845,NA,NA,1.41
2013-07-01,SOLA,3,SO130701,0.2-3 um,Summer,15.25709062,42.4916667,3.15277,19.141,37.941,5.63,7.859,0.016,0.06,0.01,0.03,0.75,98.408,22.058,NA,NA,NA,0.46
2013-08-26,SOLA,3,SO130826,0.2-3 um,Summer,13.4862568,42.4916667,3.15277,22.566,37.889,4.78,8.148,0.05,0.17,0.01,0.01,0.88,64.07,10.77,4.015,NA,NA,0.14
2013-09-23,SOLA,3,SO130923,0.2-3 um,Autumn,12.18175591,42.4916667,3.15277,19.029,38.355,5.27,8.157,0.06,0.02,0.01,0.02,1.43,55.173,8.037,0.89,NA,NA,0.14
2013-10-28,SOLA,3,SO131028,0.2-3 um,Autumn,10.55042146,42.4916667,3.15277,19.046,36.762,4.52,8.14,0.528,1.62,0.05,0.04,0.57,229.937,33.461,1.865,NA,NA,1.05
2013-11-13,SOLA,3,SO131113,0.2-3 um,Autumn,9.89185446,42.4916667,3.15277,16.474,37.945,5.37,8.06,0.08,0.17,0.01,0.04,1.4,83.669,11.285,1.835,NA,NA,0.95
2013-12-12,SOLA,3,SO131212,0.2-3 um,Winter,9.122514759,42.4916667,3.15277,12.724,38.187,5.67,8.05,0.046,2.49,0.2,0.09,2.98,130.182,14.787,0.425,NA,NA,0.51
2014-01-13,SOLA,3,SO140113,0.2-3 um,Winter,9.335336601,42.4916667,3.15277,12.438,34.278,6.14,7.961,0.13,9.52,0.72,0.08,10.99,218.43,27.71,1.155,NA,NA,1.75
2014-02-24,SOLA,3,SO140224,0.2-3 um,Winter,10.94620153,42.4916667,3.15277,12.661,37.95,5.73,8.11,0.092,1.73,0.33,0.06,2.48,146.01,18.12,1.55,NA,NA,0.74
2014-03-24,SOLA,3,SO140324,0.2-3 um,Spring,12.28539621,42.4916667,3.15277,12.76,37.676,5.93,8.14,0.218,0.73,0.13,0.01,0.28,78.82,8.35,0.52,2.47,-22.63,1.09
2014-04-07,SOLA,3,SO140407,0.2-3 um,Spring,12.9547924,42.4916667,3.15277,13.519,37.068,6.01,8.044,0.16,1.06,0.12,0.03,0.46,165.96,25.46,1.5,3.29,-20.76,2.53
2014-04-22,SOLA,3,SO140422,0.2-3 um,Spring,13.64494167,42.4916667,3.15277,15.155,37.402,5.55,8.17,0.024,0.11,0.01,0.01,0.75,193.19,23.51,0.89,4.59,-22.35,1.22
2014-05-19,SOLA,3,SO140519,0.2-3 um,Spring,14.70797542,42.4916667,3.15277,16.018,37.765,5.59,8.045,0.111,0.12,0.01,0.03,0.93,58.19,7.06,1.05,3.65,-23.33,0.39
2014-06-10,SOLA,3,SO140610,0.2-3 um,Summer,15.22254037,42.4916667,3.15277,17.702,37.725,5.45,8.1,0.002,0.02,0.01,0.01,0.83,133.14,17.37,4.04,4.88,-23.94,0.33
2014-07-21,SOLA,3,SO140721,0.2-3 um,Summer,14.86372511,42.4916667,3.15277,20.502,37.884,5.04,8.088,0.045,0.2,0.01,0.01,2.75,96.22,14.33,1.35,NA,NA,0.27
2014-08-04,SOLA,3,SO140804,0.2-3 um,Summer,14.39977623,42.4916667,3.15277,21.993,37.826,4.22,8.11,0.019,0.17,0.01,0.01,0.68,126.55,24.55,0.825,NA,NA,0.26
2014-09-01,SOLA,3,SO140901,0.2-3 um,Autumn,13.21448296,42.4916667,3.15277,21.666,37.937,5.08,8.55,0.009,0.03,0.08,0.01,0.54,82.19,10.13,0.287,NA,NA,0.15
2014-11-12,SOLA,3,SO141112,0.2-3 um,Autumn,9.929701838,42.4916667,3.15277,18.232,38.081,5,8.13,0.093,0.3,0.11,0.01,1.03,91.56,16.6,0.868,3.01,-22.56,0.3
2014-11-24,SOLA,3,SO141124,0.2-3 um,Autumn,9.516585728,42.4916667,3.15277,17.279,37.689,5.32,8.15,0.437,0.66,0.07,0.17,1.22,173.11,27.43,1.333,5.58,-23.39,0.6
2014-12-08,SOLA,3,SO141208,0.2-3 um,Winter,9.181548697,42.4916667,3.15277,16.143,37.523,5.47,8.15,0.24,1.37,0.31,0.04,3.64,223.37,13.29,3.32,4.98,-24.9,0.33
2015-01-05,SOLA,3,NANO_SO150105,3-20 um,Winter,9.170837649,42.4916667,3.15277,NA,NA,5.82,8.12,0.104,0.53,0.28,0.01,1.81,94.473,14.233,0.954,2.24,-23.24,0.46
2015-01-05,SOLA,3,PICO_SO150105,0.2-3 um,Winter,9.170837649,42.4916667,3.15277,NA,NA,5.82,8.12,0.104,0.53,0.28,0.01,1.81,94.473,14.233,0.954,2.24,-23.24,0.46
2015-01-08,SOLA,3,SO150108,0.2-3 um,Winter,9.224709779,42.4916667,3.15277,13.2684,37.7898,5.795,8.144,0.052,0.803,0.342,0.01,2.82,NA,NA,NA,NA,NA,0.685
2015-01-08,SOLA,3,NANO_SO150108,3-20 um,Winter,9.224709779,42.4916667,3.15277,13.2684,37.7898,5.795,8.144,0.052,0.803,0.342,0.01,2.82,NA,NA,NA,NA,NA,0.685
2015-01-08,SOLA,3,PICO_SO150108,0.2-3 um,Winter,9.224709779,42.4916667,3.15277,13.2684,37.7898,5.795,8.144,0.052,0.803,0.342,0.01,2.82,NA,NA,NA,NA,NA,0.685
2015-01-15,SOLA,3,PICO_SO150115,0.2-3 um,Winter,9.386423582,42.4916667,3.15277,13.3093,37.9169,5.795,8.144,0.052,0.553,0.292,0.011,2,NA,NA,NA,NA,NA,0.685
2015-01-15,SOLA,3,NANO_SO150115,3-20 um,Winter,9.386423582,42.4916667,3.15277,13.3093,37.9169,5.795,8.144,0.052,0.553,0.292,0.011,2,NA,NA,NA,NA,NA,0.685
2015-01-22,SOLA,3,SO150122,0.2-3 um,Winter,9.592819597,42.4916667,3.15277,12.667,37.829,5.86,8.144,0.077,0.354,0.182,0.01,1.13,NA,NA,NA,NA,NA,1.103
2015-01-22,SOLA,3,NANO_SO150122,3-20 um,Winter,9.592819597,42.4916667,3.15277,12.667,37.829,5.86,8.144,0.077,0.354,0.182,0.01,1.13,NA,NA,NA,NA,NA,1.103
2015-01-22,SOLA,3,PICO_SO150122,0.2-3 um,Winter,9.592819597,42.4916667,3.15277,12.667,37.829,5.86,8.144,0.077,0.354,0.182,0.01,1.13,NA,NA,NA,NA,NA,1.103
2015-01-29,SOLA,3,NANO_SO150129,3-20 um,Winter,9.836233852,42.4916667,3.15277,NA,NA,5.992,8.163,0.019,1.058,0.202,0.028,1.44,NA,NA,NA,NA,NA,1.218
2015-01-29,SOLA,3,PICO_SO150129,0.2-3 um,Winter,9.836233852,42.4916667,3.15277,NA,NA,5.992,8.163,0.019,1.058,0.202,0.028,1.44,NA,NA,NA,NA,NA,1.218
2015-02-02,SOLA,3,SO150202,0.2-3 um,Winter,9.98899941,42.4916667,3.15277,12.601,38.062,5.82,8.16,0.092,1.45,0.22,0.02,3.82,107.368,19.912,2.052,NA,NA,0.64
2015-02-04,SOLA,3,PICO_SO150204,0.2-3 um,Winter,10.06855824,42.4916667,3.15277,12.0147,38.0181,5.798,8.16,0.066,1.333,0.228,0.053,1.51,NA,NA,NA,NA,NA,1.265
2015-02-04,SOLA,3,NANO_SO150204,3-20 um,Winter,10.06855824,42.4916667,3.15277,12.0147,38.0181,5.798,8.16,0.066,1.333,0.228,0.053,1.51,NA,NA,NA,NA,NA,1.265
2015-02-09,SOLA,3,NANO_SO150209,3-20 um,Winter,10.27545691,42.4916667,3.15277,11.245,37.988,6.29,8.17,0.018,1.07,0.3,0.02,1.05,159.728,26.845,2.162,4.45,-22.92,1.09
2015-02-09,SOLA,3,PICO_SO150209,0.2-3 um,Winter,10.27545691,42.4916667,3.15277,11.245,37.988,6.29,8.17,0.018,1.07,0.3,0.02,1.05,159.728,26.845,2.162,4.45,-22.92,1.09
2015-02-16,SOLA,3,NANO_SO150216,3-20 um,Winter,10.58084031,42.4916667,3.15277,11.726,37.877,6.05,8.09,0.023,1.13,0.28,0.07,0.92,63.743,8.987,1.145,6.92,-24.57,1.32
2015-02-16,SOLA,3,PICO_SO150216,0.2-3 um,Winter,10.58084031,42.4916667,3.15277,11.726,37.877,6.05,8.09,0.023,1.13,0.28,0.07,0.92,63.743,8.987,1.145,6.92,-24.57,1.32
2015-02-23,SOLA,3,NANO_SO150223,3-20 um,Winter,10.89979304,42.4916667,3.15277,11.169,37.898,6.13,8.08,0.1,1.49,0.01,0.01,1.07,106.521,16.916,1.76,NA,NA,1.51
2015-02-23,SOLA,3,PICO_SO150223,0.2-3 um,Winter,10.89979304,42.4916667,3.15277,11.169,37.898,6.13,8.08,0.1,1.49,0.01,0.01,1.07,106.521,16.916,1.76,NA,NA,1.51
2015-03-04,SOLA,3,PICO_SO150304,0.2-3 um,Spring,11.32297071,42.4916667,3.15277,11.7786,37.8368,6.152,8.12,0.038,1.513,0.342,0.01,2.24,NA,NA,NA,NA,NA,1.334
2015-03-04,SOLA,3,NANO_SO150304,3-20 um,Spring,11.32297071,42.4916667,3.15277,11.7786,37.8368,6.152,8.12,0.038,1.513,0.342,0.01,2.24,NA,NA,NA,NA,NA,1.334
2015-03-09,SOLA,3,SO150309,0.2-3 um,Spring,11.56203241,42.4916667,3.15277,11.456,37.834,6.04,8.09,0.034,1.16,0.27,0.01,2.06,105.475,18.15,1.382,NA,NA,1.5
2015-03-11,SOLA,3,PICO_SO150311,0.2-3 um,Spring,11.65814739,42.4916667,3.15277,NA,NA,NA,NA,NA,1.135,0.18,0.01,1.725,NA,NA,NA,NA,NA,NA
2015-03-16,SOLA,3,PICO_SO150316,0.2-3 um,Spring,11.89917502,42.4916667,3.15277,11.894,37.722,6.46,8.11,0.111,2.72,0.22,0.06,11.82,203.316,29.482,5.303,2.42,-24.29,1.23
2015-03-16,SOLA,3,NANO_SO150316,3-20 um,Spring,11.89917502,42.4916667,3.15277,11.894,37.722,6.46,8.11,0.111,2.72,0.22,0.06,11.82,203.316,29.482,5.303,2.42,-24.29,1.23
2015-03-19,SOLA,3,PICO_SO150319,0.2-3 um,Spring,12.04404471,42.4916667,3.15277,12.1586,37.7004,6.061,8.142,0.073,1,0.203,0.01,2.43,NA,NA,NA,NA,NA,1.105
2015-03-23,SOLA,3,PICO_SO150323,0.2-3 um,Spring,12.23716288,42.4916667,3.15277,13.47,36.44,6.14,8.1,0.404,4.03,0.28,0.1,10.54,211.719,27.565,3.573,NA,NA,1.41
2015-03-30,SOLA,3,PICO_SO150329,0.2-3 um,Spring,12.57396111,42.4916667,3.15277,12.242,37.355,6.06,8.1,0.157,1.92,0.36,0.04,4.12,191.332,15.619,1.64,5.84,-25.55,1.27
2015-04-13,SOLA,3,SO150413,0.2-3 um,Spring,13.23560742,42.4916667,3.15277,13.796,37.795,5.75,8.065,0.043,1.07,0.25,0.04,3.09,104.529,19.383,0.736,1.91,-24.53,0.67
2015-04-20,SOLA,3,NANO_SO150420,3-20 um,Spring,13.55549486,42.4916667,3.15277,14.43,37.364,5.88,8.084,0.074,0.78,0.18,0.03,1.88,120.017,21.674,1.552,NA,NA,1.01
2015-04-20,SOLA,3,PICO_SO150420,0.2-3 um,Spring,13.55549486,42.4916667,3.15277,14.43,37.364,5.88,8.084,0.074,0.78,0.18,0.03,1.88,120.017,21.674,1.552,NA,NA,1.01
2015-04-27,SOLA,3,PICO_SO150427,0.2-3 um,Spring,13.86388164,42.4916667,3.15277,15.176,36.898,5.93,8.189,0.114,0.78,0.15,0.05,0.94,190.184,25.375,1.382,3.42,-23.3,1.72
2015-04-27,SOLA,3,NANO_SO150427,3-20 um,Spring,13.86388164,42.4916667,3.15277,15.176,36.898,5.93,8.189,0.114,0.78,0.15,0.05,0.94,190.184,25.375,1.382,3.42,-23.3,1.72
2015-05-04,SOLA,3,NANO_SO150504,3-20 um,Spring,14.15670072,42.4916667,3.15277,16.208,36.568,5.66,8.206,0.08,0.29,0.06,0.03,0.56,222.23,35.42,1.128,NA,NA,1.18
2015-05-04,SOLA,3,PICO_SO150504,0.2-3 um,Spring,14.15670072,42.4916667,3.15277,16.208,36.568,5.66,8.206,0.08,0.29,0.06,0.03,0.56,222.23,35.42,1.128,NA,NA,1.18
2015-05-11,SOLA,3,SO150511,0.2-3 um,Spring,14.42906111,42.4916667,3.15277,17.59,36.388,5.99,8.233,0.036,0.02,0.02,0.09,0.36,338.61,53.51,0.995,4.04,-20.64,0.51
2015-05-27,SOLA,3,PICO_SO150527,0.2-3 um,Spring,14.9433937,42.4916667,3.15277,15.875,37.514,5.66,8.107,0.041,0.05,0.02,0.06,1.08,NA,NA,2.15,NA,NA,1.37
2015-06-01,SOLA,3,NANO_SO150601,3-20 um,Summer,15.06417955,42.4916667,3.15277,16.815,37.592,5.58,8.139,0.084,0.05,0.01,0.01,1.19,NA,NA,0.522,NA,NA,0.63
2015-06-01,SOLA,3,PICO_SO150601,0.2-3 um,Summer,15.06417955,42.4916667,3.15277,16.815,37.592,5.58,8.139,0.084,0.05,0.01,0.01,1.19,NA,NA,0.522,NA,NA,0.63
2015-06-08,SOLA,3,SO150608,0.2-3 um,Summer,15.19433426,42.4916667,3.15277,NA,NA,5.42,8.119,0.085,0.02,0.01,0.02,1.69,NA,NA,0.74,NA,NA,0.46
2015-06-15,SOLA,3,PICO_SO150615,0.2-3 um,Summer,15.27460941,42.4916667,3.15277,NA,NA,4.35,8.177,0.006,0.14,0.01,0.01,1.25,NA,NA,2.834,NA,NA,0.65
2015-06-22,SOLA,3,PICO_SO150622,0.2-3 um,Summer,15.30173483,42.4916667,3.15277,NA,NA,4.39,8.16,0.025,0.02,0.01,0.02,0.31,216.542,33.793,0.851,NA,NA,0.41
2015-06-22,SOLA,3,NANO_SO150622,3-20 um,Summer,15.30173483,42.4916667,3.15277,NA,NA,4.39,8.16,0.025,0.02,0.01,0.02,0.31,216.542,33.793,0.851,NA,NA,0.41
2015-06-29,SOLA,3,PICO_SO150629,0.2-3 um,Summer,15.27465575,42.4916667,3.15277,NA,NA,5.11,8.106,0.044,0.02,0.01,0.01,0.26,153.164,20.597,0.455,NA,NA,0.17
2015-07-15,SOLA,3,PICO_SO150715,0.2-3 um,Summer,15.02002016,42.4916667,3.15277,NA,NA,5.1,8.165,0.032,0.02,0.01,0.02,0.64,100.048,16.577,0.665,NA,NA,0.1
2015-07-15,SOLA,3,NANO_SO150715,3-20 um,Summer,15.02002016,42.4916667,3.15277,NA,NA,5.1,8.165,0.032,0.02,0.01,0.02,0.64,100.048,16.577,0.665,NA,NA,0.1
2015-07-20,SOLA,3,PICO_SO150720,0.2-3 um,Summer,14.89178138,42.4916667,3.15277,22.788,37.783,4.92,8.144,0.007,0.02,0.01,0.01,0.56,104.561,20.387,0.913,2.9,-22.8,0.17
2015-07-20,SOLA,3,NANO_SO150720,3-20 um,Summer,14.89178138,42.4916667,3.15277,22.788,37.783,4.92,8.144,0.007,0.02,0.01,0.01,0.56,104.561,20.387,0.913,2.9,-22.8,0.17
2015-08-03,SOLA,3,SO150803,0.2-3 um,Summer,14.43675843,42.4916667,3.15277,22.172,37.877,4.45,8.142,0.013,0.02,0.01,0.01,0.57,96.22,16.98,3.181,2.14,-22.18,0.2
2015-08-17,SOLA,3,PICO_SO150817,0.2-3 um,Summer,13.87917668,42.4916667,3.15277,21.723,37.956,5.02,8.118,0.01,0.03,0.01,0.01,0.59,90.44,16.59,3.43,6.5,-23.13,0.22
2015-08-17,SOLA,3,NANO_SO150817,3-20 um,Summer,13.87917668,42.4916667,3.15277,21.723,37.956,5.02,8.118,0.01,0.03,0.01,0.01,0.59,90.44,16.59,3.43,6.5,-23.13,0.22
2015-08-24,SOLA,3,PICO_SO150824,0.2-3 um,Summer,13.57528977,42.4916667,3.15277,20.467,37.867,5.05,8.071,0.109,0.12,0.02,0.01,0.82,107.69,19.43,0.901,NA,NA,0.36
2015-08-31,SOLA,3,SO150831,0.2-3 um,Summer,13.26021276,42.4916667,3.15277,20.838,37.881,5.11,8.068,0.008,0.04,0.01,0.01,0.81,107.11,20,0.703,5.97,-21.74,0.26
2015-08-31,SOLA,3,PICO_SO150831,0.2-3 um,Summer,13.26021276,42.4916667,3.15277,20.838,37.881,5.11,8.068,0.008,0.04,0.01,0.01,0.81,107.11,20,0.703,5.97,-21.74,0.26
2015-09-07,SOLA,3,NANO_SO150907,3-20 um,Autumn,12.93713949,42.4916667,3.15277,20.68,37.635,4.47,8.127,0.014,0.03,0.01,0.01,0.31,129.097,19.162,0.625,NA,NA,0.43
2015-09-07,SOLA,3,PICO_SO150907,0.2-3 um,Autumn,12.93713949,42.4916667,3.15277,20.68,37.635,4.47,8.127,0.014,0.03,0.01,0.01,0.31,129.097,19.162,0.625,NA,NA,0.43
2015-09-21,SOLA,3,SO150921,0.2-3 um,Autumn,12.2768803,42.4916667,3.15277,20.038,37.773,5.11,8.11,0.09,0.07,0.01,0.01,0.69,81.64,14.442,0.835,NA,NA,0.37
2015-10-05,SOLA,3,SO151005,0.2-3 um,Autumn,11.61108095,42.4916667,3.15277,18.811,37.9,5.24,8.104,0.119,NA,0.01,0.04,1.51,115.48,21.226,1.014,4.42,-22.98,0.66
2015-10-12,SOLA,3,PICO_SO151012,0.2-3 um,Autumn,11.28097721,42.4916667,3.15277,18.519,37.918,5.16,8.122,0.167,0.15,0.02,0.02,1.65,63.736,9.468,0.807,4.38,-23,0.58
2015-10-12,SOLA,3,NANO_SO151012,3-20 um,Autumn,11.28097721,42.4916667,3.15277,18.519,37.918,5.16,8.122,0.167,0.15,0.02,0.02,1.65,63.736,9.468,0.807,4.38,-23,0.58
2015-10-19,SOLA,3,PICO_SO151019,0.2-3 um,Autumn,10.9558963,42.4916667,3.15277,17.792,38.02,5.31,8.137,0.052,0.35,0.02,0.03,1.47,113.895,16.08,1.358,NA,NA,0.64
2015-10-19,SOLA,3,NANO_SO151019,3-20 um,Autumn,10.9558963,42.4916667,3.15277,17.792,38.02,5.31,8.137,0.052,0.35,0.02,0.03,1.47,113.895,16.08,1.358,NA,NA,0.64
2015-10-26,SOLA,3,PICO_SO151026,0.2-3 um,Autumn,10.63895199,42.4916667,3.15277,17.434,38.165,5.08,8.167,0.129,0.17,0.03,0.02,1.25,120.555,19.636,0.903,6.44,-23.78,0.34
2015-10-26,SOLA,3,NANO_SO151026,3-20 um,Autumn,10.63895199,42.4916667,3.15277,17.434,38.165,5.08,8.167,0.129,0.17,0.03,0.02,1.25,120.555,19.636,0.903,6.44,-23.78,0.34
2015-11-02,SOLA,3,PICO_SO151102,0.2-3 um,Autumn,10.33410852,42.4916667,3.15277,16.97,38.02,5.31,8.141,0.106,0.14,0.04,0.06,1.31,82.637,13.15,2.087,NA,NA,0.82
2015-11-09,SOLA,3,NANO_SO151109,3-20 um,Autumn,10.04634135,42.4916667,3.15277,17.655,37.571,5.55,8.137,0.194,0.39,0.05,0.07,1.4,138.16,24.196,1.345,5.79,-22.47,1.62
2015-11-09,SOLA,3,SO151109,0.2-3 um,Autumn,10.04634135,42.4916667,3.15277,17.655,37.571,5.55,8.137,0.194,0.39,0.05,0.07,1.4,138.16,24.196,1.345,5.79,-22.47,1.62
2015-11-09,SOLA,3,PICO_SO151109,0.2-3 um,Autumn,10.04634135,42.4916667,3.15277,17.655,37.571,5.55,8.137,0.194,0.39,0.05,0.07,1.4,138.16,24.196,1.345,5.79,-22.47,1.62
2015-11-16,SOLA,3,NANO_SO151116,3-20 um,Autumn,9.781697374,42.4916667,3.15277,16.43,36.039,5.62,8.181,0.194,0.96,0.06,0.02,0.93,164.572,26.124,0.724,NA,NA,0.95
2015-11-16,SOLA,3,PICO_SO151116,0.2-3 um,Autumn,9.781697374,42.4916667,3.15277,16.43,36.039,5.62,8.181,0.194,0.96,0.06,0.02,0.93,164.572,26.124,0.724,NA,NA,0.95
2015-11-30,SOLA,3,PICO_SO151130,0.2-3 um,Autumn,9.350433723,42.4916667,3.15277,NA,NA,NA,NA,NA,0.5424,0.0866,0.0066,1.489,NA,NA,NA,NA,NA,NA
2015-12-03,SOLA,3,PICO_SO151203,0.2-3 um,Winter,9.279577872,42.4916667,3.15277,15.35,38.324,5.16,8.14,0.06,0.68,0.07,0.02,1.62,51.832,8.416,0.579,NA,NA,0.46
2015-12-03,SOLA,3,NANO_SO151203,3-20 um,Winter,9.279577872,42.4916667,3.15277,15.35,38.324,5.16,8.14,0.06,0.68,0.07,0.02,1.62,51.832,8.416,0.579,NA,NA,0.46
2015-12-14,SOLA,3,NANO_SO151214,3-20 um,Winter,9.099807145,42.4916667,3.15277,14.874,38.248,5.61,8.18,0.092,0.27,0.08,0.02,1.96,77.921,13.501,0.722,NA,NA,0.46
2015-12-14,SOLA,3,SO151214,0.2-3 um,Winter,9.099807145,42.4916667,3.15277,14.874,38.248,5.61,8.18,0.092,0.27,0.08,0.02,1.96,77.921,13.501,0.722,NA,NA,0.46
2015-12-14,SOLA,3,PICO_SO151214,0.2-3 um,Winter,9.099807145,42.4916667,3.15277,14.874,38.248,5.61,8.18,0.092,0.27,0.08,0.02,1.96,77.921,13.501,0.722,NA,NA,0.46
2015-12-21,SOLA,3,PICO_SO151221,0.2-3 um,Winter,9.05760903,42.4916667,3.15277,14.495,38.081,5.68,8.13,0.137,0.46,0.14,0.02,1.86,158.252,15.975,0.711,NA,NA,0.64
2015-12-21,SOLA,3,NANO_SO151221,3-20 um,Winter,9.05760903,42.4916667,3.15277,14.495,38.081,5.68,8.13,0.137,0.46,0.14,0.02,1.86,158.252,15.975,0.711,NA,NA,0.64
2016-01-07,SOLA,3,NANO_SO160107,3-20 um,Winter,9.205673725,42.4916667,3.15277,13.7013,37.3693,5.325,8.203,0.246,1.887,0.229,0.026,0.89,NA,NA,NA,NA,NA,1.465
2016-01-07,SOLA,3,PICO_SO160107,0.2-3 um,Winter,9.205673725,42.4916667,3.15277,13.7013,37.3693,5.325,8.203,0.246,1.887,0.229,0.026,0.89,NA,NA,NA,NA,NA,1.465
2016-01-11,SOLA,3,NANO_SO160111,3-20 um,Winter,9.288074039,42.4916667,3.15277,14.472,38.179,5.67,8.11,0.038,1.37,0.33,0.04,2.12,286.986,11.667,1.377,4.16,-24.17,0.5
2016-01-11,SOLA,3,PICO_SO160111,0.2-3 um,Winter,9.288074039,42.4916667,3.15277,14.472,38.179,5.67,8.11,0.038,1.37,0.33,0.04,2.12,286.986,11.667,1.377,4.16,-24.17,0.5
2016-01-14,SOLA,3,NANO_SO160114,3-20 um,Winter,9.360412653,42.4916667,3.15277,14.174,38.109,5.567,8.168,0.021,0.959,0.236,0.031,1.56,NA,NA,NA,NA,NA,0.844
2016-01-14,SOLA,3,PICO_SO160114,0.2-3 um,Winter,9.360412653,42.4916667,3.15277,14.174,38.109,5.567,8.168,0.021,0.959,0.236,0.031,1.56,NA,NA,NA,NA,NA,0.844
2016-01-18,SOLA,3,PICO_SO160118,0.2-3 um,Winter,9.469846961,42.4916667,3.15277,13.545,38.228,5.6,8.11,0.045,1.63,0.16,0.06,2.02,191.086,15.616,1.197,NA,NA,1.16
2016-01-21,SOLA,3,PICO_SO160121,0.2-3 um,Winter,9.560886458,42.4916667,3.15277,13.327,38.237,5.662,8.143,0.02,1.286,0.17,0.026,1.88,NA,NA,NA,NA,NA,0.903
2016-01-28,SOLA,3,PICO_SO160128,0.2-3 um,Winter,9.799487168,42.4916667,3.15277,13.867,38.237,5.658,8.127,0.032,1.115,0.132,0.025,1.61,NA,NA,NA,NA,NA,0.762
2016-01-28,SOLA,3,NANO_SO160128,3-20 um,Winter,9.799487168,42.4916667,3.15277,13.867,38.237,5.658,8.127,0.032,1.115,0.132,0.025,1.61,NA,NA,NA,NA,NA,0.762
2016-02-15,SOLA,3,NANO_SO160215,3-20 um,Winter,10.53627006,42.4916667,3.15277,13.22,38.126,5.6,8.08,0.151,2.17,0.19,0.17,2.15,175.113,24.411,0.89,NA,NA,1.38
2016-02-15,SOLA,3,PICO_SO160215,0.2-3 um,Winter,10.53627006,42.4916667,3.15277,13.22,38.126,5.6,8.08,0.151,2.17,0.19,0.17,2.15,175.113,24.411,0.89,NA,NA,1.38
2016-02-18,SOLA,3,PICO_SO160218,0.2-3 um,Winter,10.67079251,42.4916667,3.15277,12.745,38.303,5.873,8.11,0.038,1.8,0.158,0.07,1.7,NA,NA,NA,NA,NA,1.995
2016-02-18,SOLA,3,NANO_SO160218,3-20 um,Winter,10.67079251,42.4916667,3.15277,12.745,38.303,5.873,8.11,0.038,1.8,0.158,0.07,1.7,NA,NA,NA,NA,NA,1.995
2016-02-22,SOLA,3,NANO_SO160222,3-20 um,Winter,10.85357183,42.4916667,3.15277,13.728,38.325,5.93,8.13,0.011,0.84,0.37,0.06,1.56,116.004,19.753,0.708,2.34,-26.21,0.9
2016-02-22,SOLA,3,PICO_SO160222,0.2-3 um,Winter,10.85357183,42.4916667,3.15277,13.728,38.325,5.93,8.13,0.011,0.84,0.37,0.06,1.56,116.004,19.753,0.708,2.34,-26.21,0.9
2016-02-25,SOLA,3,NANO_SO160225,3-20 um,Winter,10.99278635,42.4916667,3.15277,12.7986,38.2614,5.933,8.134,0.034,0.769,0.299,0.031,1.41,NA,NA,NA,NA,NA,1.078
2016-02-25,SOLA,3,PICO_SO160225,0.2-3 um,Winter,10.99278635,42.4916667,3.15277,12.7986,38.2614,5.933,8.134,0.034,0.769,0.299,0.031,1.41,NA,NA,NA,NA,NA,1.078
2016-03-07,SOLA,3,NANO_SO160307,3-20 um,Spring,11.51406537,42.4916667,3.15277,11.557,37.985,5.98,8.23,0.079,0.57,0.17,0.06,0.52,202.869,33.745,1.625,NA,NA,NA
2016-03-07,SOLA,3,PICO_SO160307,0.2-3 um,Spring,11.51406537,42.4916667,3.15277,11.557,37.985,5.98,8.23,0.079,0.57,0.17,0.06,0.52,202.869,33.745,1.625,NA,NA,NA
2016-03-09,SOLA,3,NANO_SO160309,3-20 um,Spring,11.61006208,42.4916667,3.15277,12.2256,38.154,5.941,8.247,0.063,0.951,0.238,0.03,0.76,NA,NA,NA,NA,NA,1.524
2016-03-09,SOLA,3,PICO_SO160309,0.2-3 um,Spring,11.61006208,42.4916667,3.15277,12.2256,38.154,5.941,8.247,0.063,0.951,0.238,0.03,0.76,NA,NA,NA,NA,NA,1.524
2016-03-14,SOLA,3,NANO_SO160314,3-20 um,Spring,11.85091084,42.4916667,3.15277,12.1496,38.1278,6.006,8.212,0.431,0.702,0.273,0.059,0.26,NA,NA,NA,NA,NA,1.223
2016-03-14,SOLA,3,PICO_SO160314,0.2-3 um,Spring,11.85091084,42.4916667,3.15277,12.1496,38.1278,6.006,8.212,0.431,0.702,0.273,0.059,0.26,NA,NA,NA,NA,NA,1.223
2016-03-17,SOLA,3,NANO_SO160317,3-20 um,Spring,11.99574797,42.4916667,3.15277,11.843,38.083,6.03,8.13,0.176,0.81,0.29,0.05,0.32,118.133,15.703,0.494,NA,NA,1.34
2016-03-17,SOLA,3,PICO_SO160317,0.2-3 um,Spring,11.99574797,42.4916667,3.15277,11.843,38.083,6.03,8.13,0.176,0.81,0.29,0.05,0.32,118.133,15.703,0.494,NA,NA,1.34
2016-03-21,SOLA,3,PICO_SO160321,0.2-3 um,Spring,12.18890529,42.4916667,3.15277,12.423,38.054,5.94,8.12,0.183,1.19,0.42,0.01,0.05,105.289,18.444,0.494,4.57,-25.5,0.7
2016-03-25,SOLA,3,NANO_SO160325,3-20 um,Spring,12.38176693,42.4916667,3.15277,11.836,37.8,6.115,8.088,0.099,NA,NA,NA,NA,NA,NA,NA,NA,NA,1.719
2016-03-25,SOLA,3,PICO_SO160325,0.2-3 um,Spring,12.38176693,42.4916667,3.15277,11.836,37.8,6.115,8.088,0.099,NA,NA,NA,NA,NA,NA,NA,NA,NA,1.719
2016-03-31,SOLA,3,PICO_SO160331,0.2-3 um,Spring,12.66968912,42.4916667,3.15277,12.547,37.894,3.656,8.116,0.1,0.387,0.123,0.024,0.4,NA,NA,NA,NA,NA,1.292
2016-03-31,SOLA,3,NANO_SO160331,3-20 um,Spring,12.66968912,42.4916667,3.15277,12.547,37.894,3.656,8.116,0.1,0.387,0.123,0.024,0.4,NA,NA,NA,NA,NA,1.292
2016-04-04,SOLA,3,PICO_SO160404,0.2-3 um,Spring,12.86015764,42.4916667,3.15277,12.458,37.929,5.93,8.11,0.129,0.82,0.26,0.04,0.91,139.371,24.398,1.906,6.12,-25.27,1.21
2016-04-04,SOLA,3,NANO_SO160404,3-20 um,Spring,12.86015764,42.4916667,3.15277,12.458,37.929,5.93,8.11,0.129,0.82,0.26,0.04,0.91,139.371,24.398,1.906,6.12,-25.27,1.21
2016-04-11,SOLA,3,NANO_SO160411,3-20 um,Spring,13.18917193,42.4916667,3.15277,12.757,37.506,5.99,8.13,0.192,1.5,0.24,0.02,1.4,123.47,20.056,1.69,NA,NA,0.85
2016-04-11,SOLA,3,PICO_SO160411,0.2-3 um,Spring,13.18917193,42.4916667,3.15277,12.757,37.506,5.99,8.13,0.192,1.5,0.24,0.02,1.4,123.47,20.056,1.69,NA,NA,0.85
2016-04-14,SOLA,3,PICO_SO160414,0.2-3 um,Spring,13.32797134,42.4916667,3.15277,13.426,37.785,5.961,8.14,0.086,1.387,0.238,0.01,1.35,NA,NA,NA,NA,NA,0.849
2016-04-14,SOLA,3,NANO_SO160414,3-20 um,Spring,13.32797134,42.4916667,3.15277,13.426,37.785,5.961,8.14,0.086,1.387,0.238,0.01,1.35,NA,NA,NA,NA,NA,0.849
2016-04-18,SOLA,3,PICO_SO160418,0.2-3 um,Spring,13.51041589,42.4916667,3.15277,NA,NA,NA,NA,NA,1.336,0.234,0.014,1.57,NA,NA,NA,NA,NA,NA
2016-04-18,SOLA,3,NANO_SO160418,3-20 um,Spring,13.51041589,42.4916667,3.15277,NA,NA,NA,NA,NA,1.336,0.234,0.014,1.57,NA,NA,NA,NA,NA,NA
2016-04-21,SOLA,3,NANO_SO160421,3-20 um,Spring,13.64494167,42.4916667,3.15277,14.057,37.533,NA,NA,NA,1.485,0.181,0.01,1.53,NA,NA,NA,NA,NA,NA
2016-04-21,SOLA,3,PICO_SO160421,0.2-3 um,Spring,13.64494167,42.4916667,3.15277,14.057,37.533,NA,NA,NA,1.485,0.181,0.01,1.53,NA,NA,NA,NA,NA,NA
2016-04-25,SOLA,3,NANO_SO160425,3-20 um,Spring,13.82067584,42.4916667,3.15277,14.463,37.085,5.84,8.15,0.103,1.44,0.2,0.03,0.45,147.524,21.695,NA,4.81,-25.11,2.19
2016-04-25,SOLA,3,PICO_SO160425,0.2-3 um,Spring,13.82067584,42.4916667,3.15277,14.463,37.085,5.84,8.15,0.103,1.44,0.2,0.03,0.45,147.524,21.695,NA,4.81,-25.11,2.19
2016-05-17,SOLA,3,PICO_SO160517,0.2-3 um,Spring,14.67529227,42.4916667,3.15277,15.373,37.346,5.9,8.15,0.018,0.11,0.04,0.06,0.39,190.937,31.757,1.976,NA,NA,1.72
2016-05-23,SOLA,3,PICO_SO160523,0.2-3 um,Spring,14.86082216,42.4916667,3.15277,15.16,37.848,5.63,8.16,0.023,0.16,0.04,0.14,0.98,139.202,14.79,1.997,3.66,24.38,0.48
2016-06-06,SOLA,3,PICO_SO160606,0.2-3 um,Summer,15.17869383,42.4916667,3.15277,17.336,37.866,5.84,8.03,0.039,0.08,0.03,0.01,1.97,129.968,18.648,1.469,2.89,-25,0.42
2016-06-06,SOLA,3,NANO_SO160606,3-20 um,Summer,15.17869383,42.4916667,3.15277,17.336,37.866,5.84,8.03,0.039,0.08,0.03,0.01,1.97,129.968,18.648,1.469,2.89,-25,0.42
2016-06-13,SOLA,3,PICO_SO160613,0.2-3 um,Summer,15.26634167,42.4916667,3.15277,19.44,37.731,5.4,8.12,0.067,0.05,0.01,0.01,0.76,122.189,18.982,1.435,NA,NA,0.33
2016-06-20,SOLA,3,PICO_SO160620,0.2-3 um,Summer,15.30117965,42.4916667,3.15277,18.821,37.829,5.34,8.14,0.023,0.07,0.03,0.01,0.69,147.193,21.712,1.009,10.24,-23.5,0.24
2016-06-27,SOLA,3,PICO_SO160627,0.2-3 um,Summer,15.2818179,42.4916667,3.15277,19.388,37.879,5.3,8.15,0.045,0.12,0.03,0.01,0.58,142.763,22.728,1.096,NA,NA,0.27
2016-07-18,SOLA,3,PICO_SO160718,0.2-3 um,Summer,14.91905959,42.4916667,3.15277,20.785,38.084,5.18,8.14,0.024,0.15,0.02,0.01,0.42,96.07,12.27,0.627,3.69,-23.49,0.22
2016-08-02,SOLA,3,PICO_SO160802,0.2-3 um,Summer,14.43675843,42.4916667,3.15277,19.235,38.167,5.36,8.09,0.016,0.02,0.02,0.01,0.53,151.07,24.29,2.819,5.28,-22.97,0.32
2016-09-13,SOLA,3,PICO_SO160913,0.2-3 um,Autumn,12.60864853,42.4916667,3.15277,20.483,38.12,5.16,8.14,0.02,0.22,0.01,0.01,2.32,104.24,20.91,0.766,5.49,-22.66,0.32
2016-09-20,SOLA,3,PICO_SO160920,0.2-3 um,Autumn,12.2768803,42.4916667,3.15277,20.589,38.033,4.99,8.13,0.1,0.12,0.01,0.01,0.68,83.12,15.95,0.916,NA,NA,0.29
2016-10-11,SOLA,3,PICO_SO161011,0.2-3 um,Autumn,11.28097721,42.4916667,3.15277,19.439,38.15,5.08,8.12,0.046,0.12,0.03,0.02,1.13,86.02,12.64,0.961,NA,NA,0.6
2016-10-19,SOLA,3,PICO_SO161019,0.2-3 um,Autumn,10.91003803,42.4916667,3.15277,18.549,37.941,5.16,8.1,0.121,0.31,0.07,0.07,1.87,98.07,15.94,1.901,4.98,-21.09,1.43
2016-11-02,SOLA,3,PICO_SO161102,0.2-3 um,Autumn,10.29182395,42.4916667,3.15277,17.8,37.861,5.25,8.12,0.165,0.21,0.04,0.04,2.18,85.4,16.46,1.513,6.05,-21.5,1.07
2016-11-09,SOLA,3,PICO_SO161109,0.2-3 um,Autumn,10.00696528,42.4916667,3.15277,NA,NA,5.27,8.09,0.465,0.3,0.05,0.04,1.75,99.94,16.18,1.405,NA,NA,0.84
2016-11-22,SOLA,3,PICO_SO161122,0.2-3 um,Autumn,9.547186308,42.4916667,3.15277,16.597,38.293,5.27,8.12,0.117,0.44,0.11,0.02,1.27,60.77,10.61,1.104,NA,NA,0.27
2016-12-01,SOLA,3,PICO_SO161201,0.2-3 um,Winter,9.302233543,42.4916667,3.15277,14.141,36.159,5.93,8.12,0.103,4.13,0.21,0.11,3.48,140.87,23.702,1.887,5.34,-20.69,2.06
2016-12-06,SOLA,3,PICO_SO161206,0.2-3 um,Winter,9.199057677,42.4916667,3.15277,15.204,37.47,5.55,8.1,0.175,1.31,0.37,0.06,1.71,99.564,16.074,2.365,NA,NA,1.35
2016-12-09,SOLA,3,PICO_SO161209,0.2-3 um,Winter,9.149799705,42.4916667,3.15277,13.8684,35.5409,NA,NA,NA,5.047,0.306,0.072,2.86,NA,NA,NA,NA,NA,NA
2016-12-13,SOLA,3,PICO_SO161213,0.2-3 um,Winter,9.099807145,42.4916667,3.15277,NA,NA,6.05,8.14,0.107,2.3,0.29,0.02,1.19,164.913,21.397,15.018,3.59,-21.62,1.59
2016-12-19,SOLA,3,PICO_SO161219,0.2-3 um,Winter,9.060025054,42.4916667,3.15277,13.958,37.248,5.78,8.12,0.077,1.51,0.37,0.07,0.74,118.029,18.974,1.662,NA,NA,2.11
2017-01-05,SOLA,3,PICO_SO170105,0.2-3 um,Winter,9.170837649,42.4916667,3.15277,13.7862,37.9761,NA,NA,NA,0.869,0.399,0.069,1.3,NA,NA,NA,NA,NA,NA
2017-01-09,SOLA,3,PICO_SO170109,0.2-3 um,Winter,9.244801004,42.4916667,3.15277,13.495,38.122,5.72,8.25,0.01,0.69,0.36,0.03,1.57,66.377,14.1,1.22,NA,NA,0.81
2017-01-19,SOLA,3,PICO_SO170119,0.2-3 um,Winter,9.499377361,42.4916667,3.15277,12.4859,38.2281,NA,NA,NA,0.75,0.363,0.051,1.16,NA,NA,NA,NA,NA,NA
2017-01-24,SOLA,3,PICO_SO170124,0.2-3 um,Winter,9.658929061,42.4916667,3.15277,12.012,38.164,5.94,8.07,0.1,0.93,0.39,0.16,2.12,190.89,32.116,6.897,NA,NA,0.63
2017-01-26,SOLA,3,PICO_SO170126,0.2-3 um,Winter,9.727878145,42.4916667,3.15277,11.7003,37.9703,NA,NA,NA,1.265,0.413,0.124,2.88,NA,NA,NA,NA,NA,NA
2017-01-31,SOLA,3,PICO_SO170131,0.2-3 um,Winter,9.911503164,42.4916667,3.15277,11.555,37.538,6.1,8.08,0.102,1.7,0.34,0.05,4,88.084,14.063,1.952,NA,NA,0.87
2017-02-02,SOLA,3,PICO_SO170202,0.2-3 um,Winter,9.98899941,42.4916667,3.15277,11.7802,37.5477,NA,NA,NA,2.036,0.335,0.047,3.91,NA,NA,NA,NA,NA,NA
2017-02-07,SOLA,3,PICO_SO170207,0.2-3 um,Winter,10.19141946,42.4916667,3.15277,11.018,37.105,6.19,8.07,0.13,3.06,0.44,0.06,3.73,210.676,39.14,2.128,NA,NA,1.08
2017-02-09,SOLA,3,PICO_SO170209,0.2-3 um,Winter,10.27545691,42.4916667,3.15277,11.2416,37.6074,NA,NA,NA,1.982,0.449,0.038,2.26,NA,NA,NA,NA,NA,NA
2017-02-15,SOLA,3,PICO_SO170215,0.2-3 um,Winter,10.53627006,42.4916667,3.15277,11.9126,36.746,NA,NA,NA,3.578,0.509,0.358,7.43,NA,NA,NA,NA,NA,NA
2017-02-17,SOLA,3,PICO_SO170217,0.2-3 um,Winter,10.62568574,42.4916667,3.15277,11.913,36.746,6.46,NA,0,9.45,0.51,0.23,17.85,137.037,22.721,4.651,NA,NA,1.66
2017-02-21,SOLA,3,PICO_SO170221,0.2-3 um,Winter,10.80754924,42.4916667,3.15277,12.049,35.404,6.47,8.08,0.305,6.15,0.44,0.04,7.65,170.411,31.587,2.671,NA,NA,3.74
2017-02-23,SOLA,3,PICO_SO170223,0.2-3 um,Winter,10.89979304,42.4916667,3.15277,12.1499,35.3027,NA,NA,NA,5.528,0.446,0.038,5.88,NA,NA,NA,NA,NA,NA
2017-03-02,SOLA,3,PICO_SO170302,0.2-3 um,Spring,11.2279968,42.4916667,3.15277,12.3902,37.4014,NA,NA,NA,NA,NA,NA,NA,NA,NA,NA,NA,NA,NA
2017-03-06,SOLA,3,PICO_SO170306,0.2-3 um,Spring,11.4183482,42.4916667,3.15277,12.913,37.957,6.05,8.14,0.031,2.44,0.34,0.03,5.67,108.845,19.641,1.193,NA,NA,1.02
2017-03-09,SOLA,3,PICO_SO170309,0.2-3 um,Spring,11.56203241,42.4916667,3.15277,12.9127,37.957,NA,NA,NA,NA,NA,NA,NA,NA,NA,NA,NA,NA,NA
2017-03-14,SOLA,3,PICO_SO170314,0.2-3 um,Spring,11.80266967,42.4916667,3.15277,13.036,37.884,6.18,8.09,0.06,1,0.26,0.02,2.2,88.494,14.163,0.933,NA,NA,1.33
2017-03-16,SOLA,3,PICO_SO170316,0.2-3 um,Spring,11.89917502,42.4916667,3.15277,13.7862,37.9761,NA,NA,NA,0.743,0.186,0.014,2.56,NA,NA,NA,NA,NA,NA
2017-03-21,SOLA,3,PICO_SO170321,0.2-3 um,Spring,12.1406292,42.4916667,3.15277,13.669,37.825,6.27,8.09,0.022,0.61,0.17,0.01,2.41,108.264,19.213,1.975,NA,NA,1.01
2017-03-28,SOLA,3,PICO_SO170328,0.2-3 um,Spring,12.47797095,42.4916667,3.15277,13.158,37.898,6.05,8.09,0.171,0.67,0.33,0.02,2.03,210.359,42.745,1.206,NA,NA,0.94
2017-03-30,SOLA,3,PICO_SO170330,0.2-3 um,Spring,12.57396111,42.4916667,3.15277,13.7697,37.1525,NA,NA,NA,0.997,0.242,0.05,4.97,NA,NA,NA,NA,NA,NA
2020-01-27,MOLA,150,PICO_MO200127_150,0.2-3 um,Winter,9.766364306,42.4558333,3.54916,14.1775,38.2431,5.279,8.01,0.002,2.228,0.153,0.056,1.78,98.53112331,18.84492694,0.575,NA,NA,0.179
2020-01-27,MOLA,40,PICO_MO200127_40,0.2-3 um,Winter,9.766364306,42.4558333,3.54916,14.4531,38.056,5.513,8.03,0.003,1.008,0.267,0.034,1.46,91.55687372,17.74673772,0.495,NA,NA,0.364
2020-01-27,MOLA,5,PICO_MO200127_5,0.2-3 um,Winter,9.766364306,42.4558333,3.54916,14.457,38.0636,5.557,8.04,0.002,1.022,0.253,0.029,1.42,125.9029155,26.88367199,0.255,NA,NA,0.413
2020-06-23,MOLA,150,PICO_MO200625_150,0.2-3 um,Summer,15.29522044,42.4558333,3.54916,13.7738,38.3602,4.914,8.34,0.002,4,0.044,0.121,3.03,55.86773591,10.85956901,0.63,NA,NA,0.081
2020-06-23,MOLA,40,PICO_MO200625_40,0.2-3 um,Summer,15.29522044,42.4558333,3.54916,17.8355,37.9488,5.456,8.41,0.002,0.018,0.01,0.01,0.66,110.1686291,17.26849498,1.285,NA,NA,0.193
2020-06-23,MOLA,5,PICO_MO200625_5,0.2-3 um,Summer,15.29522044,42.4558333,3.54916,19.3196,37.7523,5.265,8.37,0.002,0.28,0.01,0.02,0.64,108.6507502,17.98059787,4.135,NA,NA,0.144
2020-07-21,MOLA,150,PICO_MO200721_150,0.2-3 um,Summer,14.83129729,42.4558333,3.54916,13.782,38.4029,4.81,8.16,0.002,4.538,0.022,0.157,2.96,58.09559041,10.14746612,0.925,NA,NA,0.041
2020-07-21,MOLA,40,PICO_MO200721_40,0.2-3 um,Summer,14.83129729,42.4558333,3.54916,15.2182,38.1638,4.94,8.16,0.002,0.058,0.01,0.01,0.74,98.12352564,16.5563921,2.79,NA,NA,0.12
2020-07-21,MOLA,5,PICO_MO200721_5,0.2-3 um,Summer,14.83129729,42.4558333,3.54916,21.1567,37.8363,5.107,8.12,0.002,0.02,0.01,0.01,0.5,72.61336753,11.5716719,0.47,NA,NA,0.093
2020-08-25,MOLA,150,PICO_MO200825_150,0.2-3 um,Summer,13.4844745,42.4558333,3.54916,13.8739,38.4092,4.729,8.11,0.004,5.093,0.024,0.19,2.56,50.53067788,9.791414682,0.055,NA,NA,0.026
2020-08-25,MOLA,40,PICO_MO200825_40,0.2-3 um,Summer,13.4844745,42.4558333,3.54916,16.1237,38.1815,5.73,8.16,0.008,0.134,0.031,0.05,0.77,63.75091337,12.81785195,1.2,NA,NA,0.157
2020-08-25,MOLA,5,PICO_MO200825_5,0.2-3 um,Summer,13.4844745,42.4558333,3.54916,23.0472,37.9974,4.914,8.05,0.033,0.152,0.016,0.043,0.62,89.65278216,10.14746612,0.045,NA,NA,0.103
2021-02-04,MOLA,150,PICO_MO210204_150,0.2-3 um,Winter,10.07114567,42.4558333,3.54916,13.1534,38.1972,5.452,8.13,0.003,2.558,0.232,0.083,1.9,80.518,10.295,0.4,NA,NA,0.24
2021-02-04,MOLA,40,PICO_MO210204_40,0.2-3 um,Winter,10.07114567,42.4558333,3.54916,13.2865,38.1752,5.594,8.05,0.007,1.877,0.208,0.047,1.51,137.429,12.95,0.125,NA,NA,0.517
2021-02-04,MOLA,5,PICO_MO210204_5,0.2-3 um,Winter,10.07114567,42.4558333,3.54916,13.3338,38.1672,5.636,7.86,0.009,1.723,0.197,0.046,1.49,181.394,16.247,0.495,NA,NA,0.579
2021-03-03,MOLA,150,PICO_MO210303_150,0.2-3 um,Spring,11.27644526,42.4558333,3.54916,13.5699,38.1264,5.489,8.43,0.002,1.783,0.182,0.059,1.66,71.56,9.084,0.76,NA,NA,0.155
2021-03-03,MOLA,40,PICO_MO210303_40,0.2-3 um,Spring,11.27644526,42.4558333,3.54916,13.5754,38.0812,5.735,8.38,0.002,0.814,0.226,0.027,1.36,101.681,11.14,0.61,NA,NA,0.713
2021-03-03,MOLA,5,PICO_MO210303_5,0.2-3 um,Spring,11.27644526,42.4558333,3.54916,13.4193,37.9225,6.052,8.2,0.002,1.373,0.212,0.019,1.95,86.869,11.404,0.56,NA,NA,1.001
2021-05-31,MOLA,150,PICO_MO210531_150,0.2-3 um,Spring,15.03787719,42.4558333,3.54916,13.433,38.1623,5.193,8.37,0.002,3.107,0.068,0.106,2.88,44.477,4.278,0.32,NA,NA,0.045
2021-05-31,MOLA,40,PICO_MO210531_40,0.2-3 um,Spring,15.03787719,42.4558333,3.54916,15.1609,38.0626,5.732,8.28,0.002,0.02,0.016,0.012,0.34,129.336,18.356,0.67,NA,NA,0.262
2021-05-31,MOLA,40,PICO_MO210531_40_2,0.2-3 um,Spring,15.03787719,42.4558333,3.54916,15.1609,38.0626,5.732,8.28,0.002,0.02,0.016,0.012,0.34,129.336,18.356,0.67,NA,NA,0.262
2021-05-31,MOLA,5,PICO_MO210531_5,0.2-3 um,Spring,15.03787719,42.4558333,3.54916,16.6327,38.023,5.59,8.2,0.005,0.02,0.012,0.019,0.58,121.211,17.418,1.38,NA,NA,0.143
2021-07-21,MOLA,150,PICO_MO210721_150,0.2-3 um,Summer,14.86007145,42.4558333,3.54916,NA,NA,4.924,7.87,0.007,3.86,0.065,0.156,3.74,54.293,7.985,1.34,NA,NA,0.118
2021-07-21,MOLA,40,PICO_MO210721_40,0.2-3 um,Summer,14.86007145,42.4558333,3.54916,NA,NA,5.693,8,0.009,0.02,0.01,0.021,0.72,106.519,12.975,0.77,NA,NA,0.184
2021-07-21,MOLA,5,PICO_MO210721_5,0.2-3 um,Summer,14.86007145,42.4558333,3.54916,23.3704,37.9743,5.171,7.86,0.016,0.02,0.01,0.025,0.5,94.487,14.091,0.955,NA,NA,0.112
2021-07-21,MOLA,500,PICO_MO210721_500,0.2-3 um,Summer,14.86007145,42.4558333,3.54916,NA,NA,NA,8,0.006,8.169,0.012,0.409,6.39,146.805,22.449,0.875,NA,NA,0.004
2022-02-24,MOLA,150,PICO_MO220224_150,0.2-3 um,Winter,10.94763773,42.4558333,3.54916,12.955,38.1722,5.721,8.11,0.003,1.503,0.337,0.049,1.34,103.356,16.761,0.4,NA,NA,0.441
2022-02-24,MOLA,40,PICO_MO220224_40,0.2-3 um,Winter,10.94763773,42.4558333,3.54916,13.0865,38.1669,5.7,8.01,0.002,1.67,0.285,0.045,1.37,56.143,9.327,0.49,NA,NA,0.436
2022-02-24,MOLA,5,PICO_MO220224_5,0.2-3 um,Winter,10.94763773,42.4558333,3.54916,13.1382,38.1631,5.749,8,0.012,1.551,0.264,0.033,1.36,79.529,12.372,0.215,NA,NA,0.416
2022-02-24,MOLA,500,PICO_MO220224_500,0.2-3 um,Winter,10.94763773,42.4558333,3.54916,13.7769,38.617,4.042,8.17,0,8.458,0.01,0.378,6.27,58.712,9.27,0.315,NA,NA,0.01
2022-04-26,MOLA,150,PICO_MO220426_150,0.2-3 um,Spring,13.81845559,42.4558333,3.54916,13.3865,38.3393,5.417,7.95,0.004,2.834,0.428,0.094,1.79,82.663,10.839,0.515,NA,NA,0.089
2022-04-26,MOLA,40,PICO_MO220426_40,0.2-3 um,Spring,13.81845559,42.4558333,3.54916,13.5251,38.1708,5.863,7.94,0.1,0.766,0.241,0.004,1.29,75.561,11.672,1.44,NA,NA,0.383
2022-04-26,MOLA,500,PICO_MO220426_500,0.2-3 um,Spring,13.81845559,42.4558333,3.54916,13.7344,38.5879,4.308,8.05,0,7.875,0.011,0.299,4.92,107.566,16.433,1.03,NA,NA,0.014
2022-05-17,MOLA,150,PICO_MO220517_150,0.2-3 um,Spring,14.63861043,42.4558333,3.54916,13.5859,38.3433,5.236,8.04,0.003,3.27,0.037,0.093,1.72,37.142,3.827,1.495,NA,NA,0.013
2022-05-17,MOLA,40,PICO_MO220517_40,0.2-3 um,Spring,14.63861043,42.4558333,3.54916,13.8164,38.2328,5.768,7.98,0,0.336,0.021,0,1.11,106.392,16.519,1.575,NA,NA,0.534
2022-05-17,MOLA,5,PICO_MO220517_5,0.2-3 um,Spring,14.63861043,42.4558333,3.54916,16.7653,37.8706,5.661,8.12,0.04,0.319,0.036,0,1.02,86.891,15.949,0.97,NA,NA,0.193
2022-05-17,MOLA,500,PICO_MO220517_500,0.2-3 um,Spring,14.63861043,42.4558333,3.54916,13.668,38.5821,4.195,8.2,0.001,7.882,0.004,0.311,5.38,41.637,4.693,0.99,NA,NA,0.004
2022-06-15,MOLA,150,PICO_MO220616_150,0.2-3 um,Summer,15.27035203,42.4558333,3.54916,13.5826,38.292,5.178,8.1,0,3.557,0.106,0.108,2.33,110.83,15.56,1.565,NA,NA,0.178
2022-06-15,MOLA,40,PICO_MO220616_40,0.2-3 um,Summer,15.27035203,42.4558333,3.54916,16.4725,37.966,5.916,8.11,0.004,0,0.003,0.017,0.54,127.986,15.58,1.085,NA,NA,0.421
2022-06-15,MOLA,5,PICO_MO220616_5,0.2-3 um,Summer,15.27035203,42.4558333,3.54916,20.3793,37.863,5.365,8.29,0,0,0.002,0.012,0.05,152.28,18.069,0.98,NA,NA,0.158
2022-06-15,MOLA,500,PICO_MO220616_500,0.2-3 um,Summer,15.27035203,42.4558333,3.54916,13.618,38.5781,4.505,8.11,0,7.162,0.017,0.312,5.22,93.938,14.567,0.715,NA,NA,0.015
2022-07-28,MOLA,150,PICO_MO220728_150,0.2-3 um,Summer,14.64378596,42.4558333,3.54916,13.6009,38.3001,4.869,7.877,0.005,1.681,0.02,0.06,1.26,55.29,7.911,0.35,NA,NA,0.04
2022-07-28,MOLA,40,PICO_MO220728_40,0.2-3 um,Summer,14.64378596,42.4558333,3.54916,15.3788,38.087,5.992,7.953,0.002,0,0,0.017,0.44,52.691,7.968,0.57,NA,NA,0.125
2022-07-28,MOLA,5,PICO_MO220728_5,0.2-3 um,Summer,14.64378596,42.4558333,3.54916,23.2143,37.9617,4.925,7.995,0.011,0.098,0.01,0.053,0.36,61.564,10.243,0.095,NA,NA,0.084
2022-07-28,MOLA,500,PICO_MO220728_500,0.2-3 um,Summer,14.64378596,42.4558333,3.54916,13.6616,38.5872,4.106,7.881,0.004,8.927,0.011,0.41,6.4,34.953,5.587,0.795,NA,NA,0.002
2022-08-29,MOLA,150,PICO_MO220829_150,0.2-3 um,Summer,13.34956996,42.4558333,3.54916,13.7273,38.3901,4.836,7.883,0,5.079,0.023,0.179,2.88,46.301,8.568,1.265,NA,NA,0.021
2022-08-29,MOLA,40,PICO_MO220829_40,0.2-3 um,Summer,13.34956996,42.4558333,3.54916,14.3352,38.2128,5.865,7.941,0,0.01,0.005,0.001,0.61,63.687,11.947,0.765,NA,NA,0.1
2022-08-29,MOLA,5,PICO_MO220829_5,0.2-3 um,Summer,13.34956996,42.4558333,3.54916,23.4812,38.0951,4.891,8.008,0.005,0.04,0.015,0.013,0.55,113.633,20.521,0.715,NA,NA,0.161
2022-08-29,MOLA,500,PICO_MO220829_500,0.2-3 um,Summer,13.34956996,42.4558333,3.54916,13.6843,38.5908,4.192,7.886,0,8.518,0,0.388,6.39,30.428,5.738,1.775,NA,NA,0.002
2022-10-11,MOLA,150,PICO_MO221011_150,0.2-3 um,Autumn,11.32884051,42.4558333,3.54916,13.8527,38.2797,4.66,7.868,0.001,3.536,0.064,0.142,3.65,57.233,7.209,1.53,NA,NA,0.1
2022-10-11,MOLA,40,PICO_MO221011_40,0.2-3 um,Autumn,11.32884051,42.4558333,3.54916,19.9302,38.2805,5.071,8.006,0.002,0.125,0.01,0.03,0.69,56.439,7.189,0.965,NA,NA,0.169
2022-10-11,MOLA,5,PICO_MO221011_5,0.2-3 um,Autumn,11.32884051,42.4558333,3.54916,20.6056,38.3555,5.062,8.013,0.005,0.006,0.007,0.027,0.71,73.881,10.765,0.715,NA,NA,0.112
2022-10-11,MOLA,500,PICO_MO221011_500,0.2-3 um,Autumn,11.32884051,42.4558333,3.54916,13.692,NA,4.171,7.88,0.004,8.423,0.017,0.389,6.56,36.758,2.674,1.19,NA,NA,0.002
2023-02-16,MOLA,150,PICO_MO230216_150,0.2-3 um,Winter,10.58274919,42.4558333,3.54916,13.3931,38.2657,5.389,7.906,0.002,2.676,0.228,0.103,1.65,69.154,10.526,0.375,NA,NA,0.1
2023-02-16,MOLA,40,PICO_MO230216_40,0.2-3 um,Winter,10.58274919,42.4558333,3.54916,13.5208,38.2564,5.363,7.917,0.005,2.358,0.221,0.09,1.55,73.709,10.014,0.38,NA,NA,0.169
2023-02-16,MOLA,5,PICO_MO230216_5,0.2-3 um,Winter,10.58274919,42.4558333,3.54916,13.5059,38.2507,5.445,7.917,0.007,2.804,0.255,0.175,1.62,95.393,8.195,1.35,NA,NA,0.112
2023-02-16,MOLA,500,PICO_MO230216_500,0.2-3 um,Winter,10.58274919,42.4558333,3.54916,13.6254,38.5839,4.047,7.884,0,8.603,0.011,0.407,7.16,29.131,2.891,0.295,NA,NA,0.002
2023-03-29,MOLA,150,PICO_MO230329_150,0.2-3 um,Spring,12.52543786,42.4558333,3.54916,13.1989,38.2589,NA,NA,0,2.287,0.253,0.033,1.76,49.524,6.996,0.7,NA,NA,0.097
2023-03-29,MOLA,40,PICO_MO230329_40,0.2-3 um,Spring,12.52543786,42.4558333,3.54916,13.6144,38.2699,5.702,NA,0.03,0.955,0.336,0.002,1.38,93.646,11.043,1.95,NA,NA,0.338
2023-03-29,MOLA,5,PICO_MO230329_5,0.2-3 um,Spring,12.52543786,42.4558333,3.54916,13.6129,38.2691,5.762,NA,0.024,0.862,0.294,0.013,1.38,196.233,17.254,0.3,NA,NA,0.526
2023-03-29,MOLA,500,PICO_MO230329_500,0.2-3 um,Spring,12.52543786,42.4558333,3.54916,13.7208,38.5683,4.352,NA,0,7.265,0.015,0.244,5.36,42.263,3.802,0.4,NA,NA,0.016
2023-08-21,MOLA,150,PICO_MO230821_150,0.2-3 um,Summer,13.70503835,42.4558333,3.54916,13.8858,38.432,NA,NA,0,5.869,0.034,0.191,3.68,63.767,5.176,0.22,NA,NA,0.08
2023-08-21,MOLA,40,PICO_MO230821_40,0.2-3 um,Summer,13.70503835,42.4558333,3.54916,15.5397,38.14,5.942,NA,0,0,0.008,0,1,98.246,17.453,0.27,NA,NA,0.17
2023-08-21,MOLA,5,PICO_MO230821_5,0.2-3 um,Summer,13.70503835,42.4558333,3.54916,24.5019,38.147,5.014,NA,0.003,0.094,0.004,0,0.8,95.537,9.175,0.75,NA,NA,0.081
2023-08-21,MOLA,500,PICO_MO230821_500,0.2-3 um,Summer,13.70503835,42.4558333,3.54916,13.7171,38.5869,4.342,NA,0,8.251,0.006,0.324,6.12,52.989,6.982,0.38,NA,NA,0.001
2023-10-09,MOLA,150,PICO_MO230910_150,0.2-3 um,Autumn,11.42282201,42.4558333,3.54916,13.8826,38.3597,4.481,7.855,0.003,5.793,0.029,0.185,3.98,59.89,8.846,0.545,NA,NA,0.085
2023-10-09,MOLA,40,PICO_MO230910_40,0.2-3 um,Autumn,11.42282201,42.4558333,3.54916,16.1935,38.1619,5.838,7.953,0,0,0.003,0,1.11,102.269,13.459,0.365,NA,NA,0.139
2023-10-09,MOLA,5,PICO_MO230910_5,0.2-3 um,Autumn,11.42282201,42.4558333,3.54916,21.2644,38.2156,5.237,7.992,0,0,0.002,0,0.79,91.901,11.38,0.405,NA,NA,0.086
2023-10-09,MOLA,500,PICO_MO230910_500,0.2-3 um,Autumn,11.42282201,42.4558333,3.54916,13.6893,38.5754,4.212,7.878,0,8.335,0.007,0.334,6.64,42.739,4.419,0.3,NA,NA,0.003
2001-03-20,BBMO,3,BL010320,0.2-3 um,Spring,12.09,41.666667,2.8,14,37.03,NA,NA,1,1.34,0.49,0.17,1.49,NA,NA,NA,NA,NA,0.84
2001-04-19,BBMO,3,BL010419,0.2-3 um,Spring,13.47,41.666667,2.8,14,36.83,NA,NA,0.62,4.36,0.8,0.94,1.74,NA,NA,NA,NA,NA,0.48
2001-05-23,BBMO,3,BL010523,0.2-3 um,Spring,14.75,41.666667,2.8,16.5,36.15,NA,NA,0.5,0.24,0.1,0.18,1,NA,NA,NA,NA,NA,0.45
2001-06-25,BBMO,3,BL010625,0.2-3 um,Summer,15.2,41.666667,2.8,22,36.83,NA,NA,0.98,0.11,0.19,0.19,1.3,NA,NA,NA,NA,NA,0.49
2001-08-02,BBMO,3,BL010802,0.2-3 um,Summer,14.4,41.666667,2.8,25,36.54,NA,NA,1.82,0.38,0.36,0.15,0.92,NA,NA,NA,NA,NA,0.33
2001-08-29,BBMO,3,BL010829,0.2-3 um,Summer,13.31,41.666667,2.8,23,36.83,NA,NA,0.96,0.1,0.08,0.19,1.56,NA,NA,NA,NA,NA,0.35
2001-09-27,BBMO,3,BL010927,0.2-3 um,Autumn,11.99,41.666667,2.8,21,37.13,NA,NA,1.64,0.1,0.38,0.06,0.73,NA,NA,NA,NA,NA,0.28
2001-11-06,BBMO,3,BL011106,0.2-3 um,Autumn,10.22,41.666667,2.8,18,37.13,NA,NA,0.48,0.13,0.05,0.06,1.74,NA,NA,NA,NA,NA,0.47
2001-12-04,BBMO,3,BL011204,0.2-3 um,Winter,9.34,41.666667,2.8,14,36.74,NA,NA,0.75,1.07,0.16,0.05,2.34,NA,NA,NA,NA,NA,0.96
2002-01-14,BBMO,3,BL020114,0.2-3 um,Winter,9.44,41.666667,2.8,13,37.13,NA,NA,0.59,0.35,0.24,0.1,1.75,NA,NA,NA,NA,NA,0.75
2002-02-07,BBMO,3,BL020207,0.2-3 um,Winter,10.25,41.666667,2.8,13,36.83,NA,NA,0.68,0.7,0.27,0.08,1.05,NA,NA,NA,NA,NA,1.59
2002-03-12,BBMO,3,BL020312,0.2-3 um,Spring,11.72,41.666667,2.8,14,36.83,NA,NA,1.22,0.48,0.34,0.06,0.34,NA,NA,NA,NA,NA,1.02
2002-04-15,BBMO,3,BL020415,0.2-3 um,Spring,13.29,41.666667,2.8,14.5,36.34,NA,NA,1.82,2.09,0.28,0.08,3.88,NA,NA,NA,NA,NA,1
2002-05-22,BBMO,3,BL020522,0.2-3 um,Spring,14.72,41.666667,2.8,17.5,36.64,NA,NA,0.72,3.46,0.11,0.14,5.24,NA,NA,NA,NA,NA,0.45
2002-06-27,BBMO,3,BL020627,0.2-3 um,Summer,15.19,41.666667,2.8,24,36.64,NA,NA,0.57,1.6,0.01,0.08,0.36,NA,NA,NA,NA,NA,0.81
2002-07-24,BBMO,3,BL020724,0.2-3 um,Summer,14.7,41.666667,2.8,24,36.83,NA,NA,0.66,1.46,0.01,0.06,0.26,NA,NA,NA,NA,NA,0.3
2002-08-14,BBMO,3,BL020814,0.2-3 um,Summer,13.95,41.666667,2.8,22,37.33,NA,NA,0.69,1.96,0.03,0.07,0.81,NA,NA,NA,NA,NA,0.46
2002-09-26,BBMO,3,BL020926,0.2-3 um,Autumn,12.04,41.666667,2.8,22,36.64,NA,NA,0.72,1.58,0.01,0.04,0.55,NA,NA,NA,NA,NA,0.48
2002-10-23,BBMO,3,BL021023,0.2-3 um,Autumn,10.81,41.666667,2.8,19,37.23,NA,NA,0.68,1.94,0.03,0.06,0.96,NA,NA,NA,NA,NA,0.41
2002-11-27,BBMO,3,BL021127,0.2-3 um,Autumn,9.51,41.666667,2.8,15,36.34,NA,NA,0.28,1.26,0.27,0.14,1.98,NA,NA,NA,NA,NA,1.1
2003-01-13,BBMO,3,BL030113,0.2-3 um,Winter,9.42,41.666667,2.8,13.5,36.74,NA,NA,5.27,2.46,0.87,0.1,1.53,NA,NA,NA,NA,NA,1.37
2003-01-28,BBMO,3,BL030128,0.2-3 um,Winter,9.87,41.666667,2.8,14,36.83,NA,NA,4.78,0.74,0.62,0.16,1.29,NA,NA,NA,NA,NA,1.06
2003-03-04,BBMO,3,BL030304,0.2-3 um,Spring,11.34,41.666667,2.8,11,35.46,NA,NA,0.82,7.11,0.55,0.14,4.95,NA,NA,NA,NA,NA,1.97
2003-03-25,BBMO,3,BL030325,0.2-3 um,Spring,12.33,41.666667,2.8,13,36.44,NA,NA,2.53,1.52,0.57,0.14,2.87,NA,NA,NA,NA,NA,1.13
2003-04-22,BBMO,3,BL030422,0.2-3 um,Spring,13.6,41.666667,2.8,14.5,37.03,NA,NA,0.79,0.63,0.28,0.12,1.975,NA,NA,NA,NA,NA,0.54
2003-05-13,BBMO,3,BL030513,0.2-3 um,Spring,14.43,41.666667,2.8,17,36.34,NA,NA,0.25,0.82,0.13,0.18,1.42,NA,NA,NA,NA,NA,0.51
2003-06-25,BBMO,3,BL030625,0.2-3 um,Summer,15.2,41.666667,2.8,25,37.23,NA,NA,1.2,0.09,0.11,0.17,1.58,NA,NA,NA,NA,NA,0.23
2003-07-14,BBMO,3,BL030714,0.2-3 um,Summer,14.95,41.666667,2.8,25.2,36.54,NA,NA,1.08,0.08,0.06,0.17,0.97,NA,NA,NA,NA,NA,0.44
2003-08-04,BBMO,3,BL030804,0.2-3 um,Summer,14.33,41.666667,2.8,25.2,37.13,NA,NA,0.12,0.04,0.06,0.17,0.85,NA,NA,NA,NA,NA,0.25
2003-09-16,BBMO,3,BL030916,0.2-3 um,Autumn,12.5,41.666667,2.8,23,NA,NA,NA,0.38,0.03,0.05,0.15,1.07,NA,NA,NA,NA,NA,0.24
2003-10-21,BBMO,3,BL031021,0.2-3 um,Autumn,10.9,41.666667,2.8,18,36.83,NA,NA,1.02,5.54,0.16,0.24,7.59,NA,NA,NA,NA,NA,0.36
2003-11-25,BBMO,3,BL031125,0.2-3 um,Autumn,9.56,41.666667,2.8,16,36.93,NA,NA,0.2,0.77,0.2,0.19,1.09,NA,NA,NA,NA,NA,0.87
2003-12-16,BBMO,3,BL031216,0.2-3 um,Winter,9.17,41.666667,2.8,14.5,35.46,NA,NA,0.13,3.88,0.65,0.19,5.93,NA,NA,NA,NA,NA,3.45
2004-01-26,BBMO,3,BL040126,0.2-3 um,Winter,9.8,41.666667,2.8,14,37.91,NA,NA,0.29,1.53,0.28,0.22,1.8,NA,NA,NA,NA,NA,0.86
2004-02-23,BBMO,3,BL040223,0.2-3 um,Winter,10.93,41.666667,2.8,12.9,37.23,NA,NA,0.67,1.56,0.23,0.17,0.84,NA,NA,NA,NA,NA,0.86
2004-03-22,BBMO,3,BL040322,0.2-3 um,Spring,12.23,41.666667,2.8,12.9,37.23,NA,NA,0.28,2.82,0.28,0.19,2.47,NA,NA,NA,NA,NA,0.81
2004-04-19,BBMO,3,BL040419,0.2-3 um,Spring,13.51,41.666667,2.8,12.6,35.95,NA,NA,1.47,2.51,0.36,0.16,6.07,NA,NA,NA,NA,NA,1.36
2004-05-25,BBMO,3,BL040525,0.2-3 um,Spring,14.83,41.666667,2.8,17,37.03,NA,NA,0.89,0.21,0.33,0.17,3.27,NA,NA,NA,NA,NA,0.71
2004-06-28,BBMO,3,BL040628,0.2-3 um,Summer,15.18,41.666667,2.8,21.1,36.93,NA,NA,0.34,0.2,0.05,0.13,2.22,NA,NA,NA,NA,NA,0.44
2004-07-19,BBMO,3,BL040719,0.2-3 um,Summer,14.81,41.666667,2.8,24,36.93,NA,NA,0.95,0.14,0.2,0.14,1.36,NA,NA,NA,NA,NA,0.31
2004-08-31,BBMO,3,BL040831,0.2-3 um,Autumn,13.18,41.666667,2.8,24.5,37.23,NA,NA,0.67,0.25,0.06,0.1,1.31,NA,NA,NA,NA,NA,NA
2004-09-29,BBMO,3,BL040929,0.2-3 um,Autumn,11.86,41.666667,2.8,21.3,37.72,NA,NA,0.48,0.18,0.05,0.09,1.38,NA,NA,NA,NA,NA,0.68
2004-10-19,BBMO,3,BL041019,0.2-3 um,Autumn,10.94,41.666667,2.8,19.2,37.52,NA,NA,0.45,0.36,0.06,0.06,1.41,NA,NA,NA,NA,NA,0.35
2004-11-16,BBMO,3,BL041116,0.2-3 um,Autumn,9.81,41.666667,2.8,16,36.83,NA,NA,1.03,0.37,1.02,0.21,1.78,NA,NA,NA,NA,NA,0.7
2004-12-14,BBMO,3,BL041214,0.2-3 um,Winter,9.18,41.666667,2.8,14.5,37.23,NA,NA,1.32,1.32,0.29,0.23,2.5,NA,NA,NA,NA,NA,0.48
2005-01-20,BBMO,3,BL050120,0.2-3 um,Winter,9.61,41.666667,2.8,13,37.03,NA,NA,1.14,1.05,0.22,0.24,2.56,NA,NA,NA,NA,NA,0.51
2005-02-15,BBMO,3,BL050215,0.2-3 um,Winter,10.58,41.666667,2.8,12.11,37.69,NA,NA,1.23,2.55,0.22,0.24,2.94,NA,NA,NA,NA,NA,1.34
2005-03-09,BBMO,3,BL050309,0.2-3 um,Spring,11.58,41.666667,2.8,12.36,37.9,NA,NA,1.53,6.81,0.15,0.42,7.06,NA,NA,NA,NA,NA,0.67
2005-04-13,BBMO,3,BL050413,0.2-3 um,Spring,13.2,41.666667,2.8,12.95,37.74,NA,NA,2.13,3.3,0.43,0.29,3.35,NA,NA,NA,NA,NA,2.03
2005-05-10,BBMO,3,BL050510,0.2-3 um,Spring,14.32,41.666667,2.8,15.97,37.57,NA,NA,1.28,0.89,0.14,0.21,1.48,NA,NA,NA,NA,NA,1.13
2005-06-07,BBMO,3,BL050607,0.2-3 um,Summer,15.09,41.666667,2.8,19.62,38.11,NA,NA,0.98,0.21,0.08,0.22,1.34,NA,NA,NA,NA,NA,0.36
2005-07-05,BBMO,3,BL050705,0.2-3 um,Summer,15.12,41.666667,2.8,24,NA,NA,NA,1.44,0.22,0.06,0.23,1.76,NA,NA,NA,NA,NA,0.11
2005-08-03,BBMO,3,BL050803,0.2-3 um,Summer,14.37,41.666667,2.8,24,NA,NA,NA,0.93,0.14,0.01,0.21,1.52,NA,NA,NA,NA,NA,0.02
2005-09-13,BBMO,3,BL050913,0.2-3 um,Autumn,12.64,41.666667,2.8,26.09,NA,NA,NA,1.2,0.27,0.02,0.19,1.29,NA,NA,NA,NA,NA,0.27
2005-10-04,BBMO,3,BL051004,0.2-3 um,Autumn,11.67,41.666667,2.8,21.54,35.08,NA,NA,1.54,2.35,0.11,0.18,1.6,NA,NA,NA,NA,NA,0.57
2005-11-08,BBMO,3,BL051108,0.2-3 um,Autumn,10.14,41.666667,2.8,17.9,37.13,NA,NA,2.16,2.48,0.84,0.21,1.81,NA,NA,NA,NA,NA,0.75
2005-12-13,BBMO,3,BL051213,0.2-3 um,Winter,9.2,41.666667,2.8,13.9,37.82,NA,NA,1,1.17,0.13,0.18,1.86,NA,NA,NA,NA,NA,0.6
2006-01-11,BBMO,3,BL060111,0.2-3 um,Winter,9.37,41.666667,2.8,12.59,38.31,NA,NA,1,2.12,0.18,0.21,2.68,NA,NA,NA,NA,NA,0.63
2006-02-07,BBMO,3,BL060207,0.2-3 um,Winter,10.25,41.666667,2.8,12,NA,NA,NA,0.49,2.26,0.15,0.22,2.42,NA,NA,NA,NA,NA,0.54
2006-03-07,BBMO,3,BL060307,0.2-3 um,Spring,11.48,41.666667,2.8,13,36.34,NA,NA,0.51,2.02,0.06,0.18,1.77,NA,NA,NA,NA,NA,1.46
2006-04-04,BBMO,3,BL060404,0.2-3 um,Spring,12.79,41.666667,2.8,13.5,37.13,NA,NA,1.45,3.23,0.05,0.16,0.87,NA,NA,NA,NA,NA,0.98
2006-05-16,BBMO,3,BL060516,0.2-3 um,Spring,14.53,41.666667,2.8,18.4,37.13,NA,NA,1.05,0.54,0.14,0.1,0.13,NA,NA,NA,NA,NA,2.45
2006-06-13,BBMO,3,BL060613,0.2-3 um,Summer,15.16,41.666667,2.8,22.38,35.65,NA,NA,1.75,0.51,0.31,0.14,0.38,NA,NA,NA,NA,NA,0.43
2006-07-05,BBMO,3,BL060705,0.2-3 um,Summer,15.12,41.666667,2.8,23.74,37.75,NA,NA,1.37,0.6,0.05,0.02,0.05,NA,NA,NA,NA,NA,0.21
2006-08-01,BBMO,3,BL060801,0.2-3 um,Summer,14.44,41.666667,2.8,25.6,37.97,NA,NA,1.12,0.35,0.01,0.15,0.5,NA,NA,NA,NA,NA,0.39
2006-09-12,BBMO,3,BL060912,0.2-3 um,Autumn,12.69,41.666667,2.8,24.58,37.67,NA,NA,0.4,0.15,0.3,0.07,0.04,NA,NA,NA,NA,NA,0.24
2006-10-09,BBMO,3,BL061009,0.2-3 um,Autumn,11.44,41.666667,2.8,20.3,37.71,NA,NA,0.86,0.25,0.01,0.15,0.2,NA,NA,NA,NA,NA,0.26
2006-11-07,BBMO,3,BL061107,0.2-3 um,Autumn,10.18,41.666667,2.8,18.3,38.14,NA,NA,1.75,0.42,0.16,0.18,0.85,NA,NA,NA,NA,NA,0.52
2006-12-11,BBMO,3,BL061211,0.2-3 um,Winter,9.22,41.666667,2.8,16.5,39.09,NA,NA,1.47,0.41,0.07,0.07,0.26,NA,NA,NA,NA,NA,0.66
2007-01-16,BBMO,3,BL070116,0.2-3 um,Winter,9.49,41.666667,2.8,15.6,38.2,NA,NA,1.39,0.53,0.28,0.12,0.48,NA,NA,NA,NA,NA,0.56
2007-02-20,BBMO,3,BL070220,0.2-3 um,Winter,10.8,41.666667,2.8,13.43,38.23,NA,NA,1.75,1.47,0.36,0.17,1.2,NA,NA,NA,NA,NA,0.47
2007-03-20,BBMO,3,BL070320,0.2-3 um,Spring,12.09,41.666667,2.8,13.49,38.24,NA,NA,1.62,0.78,0.16,0.23,0.17,NA,NA,NA,NA,NA,0.95
2007-04-24,BBMO,3,BL070424,0.2-3 um,Spring,13.69,41.666667,2.8,16.03,37.82,NA,NA,1.14,0.96,0.1,0.1,0.14,NA,NA,NA,NA,NA,0.48
2007-05-15,BBMO,3,BL070515,0.2-3 um,Spring,14.5,41.666667,2.8,17.46,37.24,NA,NA,1.23,0.3,0.3,0.15,0.16,NA,NA,NA,NA,NA,0.24
2007-06-05,BBMO,3,BL070605,0.2-3 um,Summer,15.05,41.666667,2.8,18.8,37.84,NA,NA,3.01,0.37,0.87,0.02,0.05,NA,NA,NA,NA,NA,0.22
2007-07-03,BBMO,3,BL070703,0.2-3 um,Summer,15.14,41.666667,2.8,21.94,37.71,NA,NA,1.79,0.58,0.41,0.1,0.15,NA,NA,NA,NA,NA,0.1
2007-08-01,BBMO,3,BL070801,0.2-3 um,Summer,14.44,41.666667,2.8,24.4,37.95,NA,NA,2.47,0.88,0.29,0.1,0.43,NA,NA,NA,NA,NA,0.15
2007-09-12,BBMO,3,BL070912,0.2-3 um,Autumn,12.69,41.666667,2.8,26.22,38,NA,NA,0.8,0.75,0.09,0.05,0.36,NA,NA,NA,NA,NA,0.15
2007-10-16,BBMO,3,BL071016,0.2-3 um,Autumn,11.12,41.666667,2.8,21,37.87,NA,NA,1.73,0.32,0.02,0.07,0.08,NA,NA,NA,NA,NA,0.24
2007-11-13,BBMO,3,BL071113,0.2-3 um,Autumn,9.96,41.666667,2.8,16.13,38.2,NA,NA,1.81,0.38,0.19,0.09,0.59,NA,NA,NA,NA,NA,0.67
2007-12-11,BBMO,3,BL071211,0.2-3 um,Winter,9.22,41.666667,2.8,14,38.26,NA,NA,1.63,1.03,0.19,0.09,0.98,NA,NA,NA,NA,NA,0.72
2008-01-15,BBMO,3,BL080115,0.2-3 um,Winter,9.47,41.666667,2.8,13.12,38.34,NA,NA,3.24,2.66,0.75,0.11,1.96,NA,NA,NA,NA,NA,0.56
2008-02-12,BBMO,3,BL080212,0.2-3 um,Winter,10.45,41.666667,2.8,12.9,38.33,NA,NA,3.35,2.48,0.5,0.07,1.78,NA,NA,NA,NA,NA,1.07
2008-03-11,BBMO,3,BL080312,0.2-3 um,Spring,11.72,41.666667,2.8,13.5,38.28,NA,NA,2.13,1.33,0.41,0.07,0.98,NA,NA,NA,NA,NA,1.91
2008-04-08,BBMO,3,BL080408,0.2-3 um,Spring,13.02,41.666667,2.8,13.2,38.26,NA,NA,6.28,1.63,0.49,0.05,1,NA,NA,NA,NA,NA,0.46
2008-05-07,BBMO,3,BL080507,0.2-3 um,Spring,14.25,41.666667,2.8,16.7,38.18,NA,NA,1.02,0.61,0.17,0.06,0.38,NA,NA,NA,NA,NA,0.72
2008-05-15,BBMO,3,BL080515,0.2-3 um,Spring,14.53,41.666667,2.8,16.06,38.06,NA,NA,6.18,0.77,0.43,0.08,0.99,NA,NA,NA,NA,NA,0.44
2008-05-21,BBMO,3,BL080521,0.2-3 um,Spring,14.72,41.666667,2.8,16.11,37.62,NA,NA,17.39,1.26,0.99,0.03,0.4,NA,NA,NA,NA,NA,0.24
2008-06-02,BBMO,3,BL080602,0.2-3 um,Summer,15.02,41.666667,2.8,17.6,37.11,NA,NA,0.7,1.38,0.14,0.02,0.34,NA,NA,NA,NA,NA,0.86
2008-07-02,BBMO,3,BL080702,0.2-3 um,Summer,15.14,41.666667,2.8,21.26,37.64,NA,NA,1.04,0.48,0.15,0.04,0.58,NA,NA,NA,NA,NA,0.18
2008-07-09,BBMO,3,BL080709,0.2-3 um,Summer,15.04,41.666667,2.8,23,37.76,NA,NA,0.73,0.38,0.11,0.03,0.47,NA,NA,NA,NA,NA,0.2
2008-08-05,BBMO,3,BL080805,0.2-3 um,Summer,14.26,41.666667,2.8,24.3,37.96,NA,NA,2.58,0.51,0.27,0.04,0.55,NA,NA,NA,NA,NA,0.18
2008-09-02,BBMO,3,BL080902,0.2-3 um,Autumn,13.09,41.666667,2.8,24.2,38.13,NA,NA,0.25,0.53,0.01,0.06,0.82,NA,NA,NA,NA,NA,0.22
2008-09-17,BBMO,3,BL080917,0.2-3 um,Autumn,12.41,41.666667,2.8,22.15,38.21,NA,NA,4.03,0.62,0.15,0.04,0.76,NA,NA,NA,NA,NA,0.27
2008-09-30,BBMO,3,BL080930,0.2-3 um,Autumn,11.81,41.666667,2.8,20.23,38.23,NA,NA,2.26,0.59,0.1,0.03,0.76,NA,NA,NA,NA,NA,0.23
2008-10-14,BBMO,3,BL081014,0.2-3 um,Autumn,11.17,41.666667,2.8,21.1,38.16,NA,NA,6.51,0.78,0.19,0.06,1.06,NA,NA,NA,NA,NA,0.27
2008-11-13,BBMO,3,BL081113,0.2-3 um,Autumn,9.92,41.666667,2.8,16.11,38.22,NA,NA,2.41,1.2,0.38,0.06,1.49,NA,NA,NA,NA,NA,0.32
2008-12-02,BBMO,3,BL081202,0.2-3 um,Winter,9.36,41.666667,2.8,14.84,38.11,NA,NA,2.95,1.52,0.29,0.1,1.16,NA,NA,NA,NA,NA,0.33
2008-12-11,BBMO,3,BL081211,0.2-3 um,Winter,9.21,41.666667,2.8,14.07,38.11,NA,NA,2.08,1.27,0.32,0.05,1.17,NA,NA,NA,NA,NA,0.33
2009-01-13,BBMO,3,BL090113,0.2-3 um,Winter,9.42,41.666667,2.8,12.72,38.08,NA,NA,0.411,1.501,0.186,0.086,2.499,NA,NA,NA,NA,NA,0.43
2009-02-10,BBMO,3,BL090210,0.2-3 um,Winter,10.37,41.666667,2.8,12.16,38.06,NA,NA,NA,NA,NA,NA,NA,NA,NA,NA,NA,NA,0.83
2009-03-17,BBMO,3,BL090317,0.2-3 um,Spring,11.95,41.666667,2.8,13,38.18,NA,NA,0.327,0.287,0.033,0.049,2.066,NA,NA,NA,NA,NA,NA
2009-04-21,BBMO,3,BL090421,0.2-3 um,Spring,13.56,41.666667,2.8,14.58,38.15,NA,NA,0.363,0.093,0.031,0.044,0.532,NA,NA,NA,NA,NA,1.16
2009-05-12,BBMO,3,BL090512,0.2-3 um,Spring,14.4,41.666667,2.8,17.55,37.76,NA,NA,0.406,0.098,0.024,0.048,0.735,NA,NA,NA,NA,NA,0.54
2009-05-26,BBMO,3,BL090626,0.2-3 um,Spring,14.83,41.666667,2.8,18.5,37.6,NA,NA,0.233,0.078,0.015,0.054,0.549,NA,NA,NA,NA,NA,0.58
2009-06-09,BBMO,3,BL090609,0.2-3 um,Summer,15.12,41.666667,2.8,18.97,37.98,NA,NA,0.478,0.113,0.022,0.069,1.464,NA,NA,NA,NA,NA,0.3
2009-06-30,BBMO,3,BL090630,0.2-3 um,Summer,15.17,41.666667,2.8,20.46,38.17,NA,NA,0.472,0.013,0.007,0.032,0.965,NA,NA,NA,NA,NA,0.12
2009-07-07,BBMO,3,BL090707,0.2-3 um,Summer,15.09,41.666667,2.8,24.01,38.1,NA,NA,0.385,0.086,0.001,0.038,0.556,NA,NA,NA,NA,NA,0.18
2009-07-21,BBMO,3,BL090721,0.2-3 um,Summer,14.78,41.666667,2.8,23.38,38.13,NA,NA,0.449,0.63,0.011,0.045,0.97,NA,NA,NA,NA,NA,0.13
2009-08-04,BBMO,3,BL090804,0.2-3 um,Summer,14.33,41.666667,2.8,24.3,38.17,NA,NA,0.099,0.346,0.028,0.029,1.042,NA,NA,NA,NA,NA,0.34
2009-09-15,BBMO,3,BL090915,0.2-3 um,Autumn,12.55,41.666667,2.8,23.51,38.14,NA,NA,0.166,0.349,0.01,0.096,1.206,NA,NA,NA,NA,NA,0.34
2009-10-06,BBMO,3,BL091006,0.2-3 um,Autumn,11.58,41.666667,2.8,20.32,38.07,NA,NA,0.156,0.512,0.034,0.102,1.23,NA,NA,NA,NA,NA,0.74
2009-11-05,BBMO,3,BL091105,0.2-3 um,Autumn,10.26,41.666667,2.8,17.29,38.16,NA,NA,0.101,0.264,0.045,0.117,1.354,NA,NA,NA,NA,NA,0.76
2009-12-22,BBMO,3,BL091222,0.2-3 um,Winter,9.15,41.666667,2.8,13.81,37.98,NA,NA,0.083,1.162,0.172,0.104,1.621,NA,NA,NA,NA,NA,1.13
2010-01-20,BBMO,3,BL100120,0.2-3 um,Winter,9.61,41.666667,2.8,12.92,37.93,NA,NA,0.067,2.794,0.231,0.108,1.902,NA,NA,NA,NA,NA,1
2010-02-09,BBMO,3,BL100209,0.2-3 um,Winter,10.33,41.666667,2.8,12.48,37.56,NA,NA,0.095,2.529,0.16,0.471,1.695,NA,NA,NA,NA,NA,1.29
2010-02-17,BBMO,3,BL100217,0.2-3 um,Winter,10.67,41.666667,2.8,12.32,37.92,NA,NA,0.453,0,0.239,0.107,2.493,NA,NA,NA,NA,NA,0.96
2010-03-18,BBMO,3,BL100318,0.2-3 um,Spring,12,41.666667,2.8,11.94,37.68,NA,NA,0.105,4.255,0.36,0.151,2.369,NA,NA,NA,NA,NA,1.25
2010-03-22,BBMO,3,BL100322,0.2-3 um,Spring,12.19,41.666667,2.8,12.39,37.61,NA,NA,0.145,1.496,0.107,0.131,1.565,NA,NA,NA,NA,NA,1.95
2010-04-13,BBMO,3,BL100413,0.2-3 um,Spring,13.25,41.666667,2.8,13.65,37.81,NA,NA,0.144,1.057,0.084,0.112,1.82,NA,NA,NA,NA,NA,0.49
2010-05-12,BBMO,3,BL100512,0.2-3 um,Spring,14.4,41.666667,2.8,15.73,37.59,NA,NA,0.044,0.491,0.064,0.095,1.604,NA,NA,NA,NA,NA,0.44
2010-05-25,BBMO,3,BL100525,0.2-3 um,Spring,14.81,41.666667,2.8,15.19,37.63,NA,NA,1.151,0.43,0.14,0.091,1.561,NA,NA,NA,NA,NA,0.93
2010-06-22,BBMO,3,BL100622,0.2-3 um,Summer,15.2,41.666667,2.8,19.24,37.49,NA,NA,0.268,0.508,0.062,0.106,0.812,NA,NA,NA,NA,NA,0.56
2010-07-06,BBMO,3,BL100706,0.2-3 um,Summer,15.1,41.666667,2.8,23.05,37.74,NA,NA,0.056,0.082,0.005,0.123,0.304,NA,NA,NA,NA,NA,0.43
2010-07-27,BBMO,3,BL100727,0.2-3 um,Summer,14.6,41.666667,2.8,23,37.76,NA,NA,0.055,0.501,0.029,0.078,0.769,NA,NA,NA,NA,NA,0.25
2010-07-29,BBMO,3,BL100729,0.2-3 um,Summer,14.54,41.666667,2.8,22.68,37.89,NA,NA,1.095,0.692,0.005,0.153,1.049,NA,NA,NA,NA,NA,0.24
2010-08-03,BBMO,3,BL100803,0.2-3 um,Summer,14.37,41.666667,2.8,24.11,37.75,NA,NA,0.122,0.209,0.065,0.151,0.779,NA,NA,NA,NA,NA,0.44
2010-09-14,BBMO,3,BL100914,0.2-3 um,Autumn,12.59,41.666667,2.8,24.43,38.03,NA,NA,0.201,0.127,0.025,0.118,0.617,NA,NA,NA,NA,NA,0.31
2010-10-19,BBMO,3,BL101019,0.2-3 um,Autumn,10.99,41.666667,2.8,17.61,37.86,NA,NA,0.225,0.574,0.055,0.139,1.331,94.8,NA,NA,NA,NA,0.78
2010-11-16,BBMO,3,BL101116,0.2-3 um,Autumn,9.85,41.666667,2.8,15.76,38.17,NA,NA,0.144,0.421,0.15,0.076,0.874,46.8,NA,NA,NA,NA,0.53
2010-12-14,BBMO,3,BL101214,0.2-3 um,Winter,9.19,41.666667,2.8,14.45,38.17,NA,NA,0.116,1.459,0.251,0.184,1.518,50.4,NA,NA,NA,NA,0.51
2011-01-12,BBMO,3,BL110112,0.2-3 um,Winter,9.39,41.666667,2.8,12.89,38,NA,NA,0.616,1.539,0.275,0.112,2.141,78,NA,NA,NA,NA,0.81
2011-02-08,BBMO,3,BL110208,0.2-3 um,Winter,10.29,41.666667,2.8,12.36,37.82,NA,NA,0.559,1.412,0.238,0.107,2.031,78,NA,NA,NA,NA,0.96
2011-03-14,BBMO,3,BL110314,0.2-3 um,Spring,11.81,41.666667,2.8,12.25,37.82,NA,NA,0.408,1.232,0.283,0.11,2.458,108,NA,NA,NA,NA,1.05
2011-04-13,BBMO,3,BL110413,0.2-3 um,Spring,13.16,41.666667,2.8,NA,NA,NA,NA,0.687,0.469,0.077,0.108,1.009,82.8,NA,NA,NA,NA,0.45
2011-05-17,BBMO,3,BL110517,0.2-3 um,Spring,14.57,41.666667,2.8,17.6,NA,NA,NA,0.037,0.442,0.016,0.096,0.686,88.8,NA,NA,NA,NA,0.49
2011-06-15,BBMO,3,BL110615,0.2-3 um,Summer,15.18,41.666667,2.8,21,37.7,NA,NA,0.629,1.007,0.102,0.182,1.854,199.2,NA,NA,NA,NA,0.54
2011-07-05,BBMO,3,BL110705,0.2-3 um,Summer,15.12,41.666667,2.8,22.4,37.83,NA,NA,0.029,0.423,0.01,0.076,0.404,NA,NA,NA,NA,NA,0.2
2011-08-02,BBMO,3,BL110802,0.2-3 um,Summer,14.4,41.666667,2.8,22.88,37.82,NA,NA,0.687,0.8,0.038,0.105,1.806,NA,NA,NA,NA,NA,0.6
2011-09-13,BBMO,3,BL110913,0.2-3 um,Autumn,12.64,41.666667,2.8,23,NA,NA,NA,0.095,0.493,0.004,0.092,0.9,63.6,NA,NA,NA,NA,0.32
2011-10-10,BBMO,3,BL111010,0.2-3 um,Autumn,11.4,41.666667,2.8,20.64,38.09,NA,NA,0.026,0.511,0.006,0.083,1.02,64.8,NA,NA,NA,NA,0.37
2011-11-29,BBMO,3,BL111129,0.2-3 um,Autumn,9.46,41.666667,2.8,16.76,37.21,NA,NA,0.052,0.546,0.06,0.101,0.303,150,NA,NA,NA,NA,2.88
2011-12-19,BBMO,3,BL111219,0.2-3 um,Winter,9.15,41.666667,2.8,15.46,38.05,NA,NA,0.027,0.54,0.106,0.074,0.845,70.8,NA,NA,NA,NA,0.89
2012-01-10,BBMO,3,BL120110,0.2-3 um,Winter,9.35,41.666667,2.8,14.39,38.09,NA,NA,1.389,0.188,0.263,0.078,1.218,80.4,NA,NA,NA,NA,0.69
2012-02-14,BBMO,3,BL120214,0.2-3 um,Winter,10.54,41.666667,2.8,12.24,38.24,NA,NA,0.39,2.177,0.222,0.13,2.492,97.2,NA,NA,NA,NA,0.69
2012-03-13,BBMO,3,BL120313,0.2-3 um,Spring,11.81,41.666667,2.8,13.18,38.28,NA,NA,0.666,2.384,0.259,0.103,2.451,88.8,NA,NA,NA,NA,0.67
2012-04-11,BBMO,3,BL120411,0.2-3 um,Spring,13.16,41.666667,2.8,13.82,38.22,NA,NA,0.574,0.166,0.092,0.035,1.724,85.2,NA,NA,NA,NA,1.21
2012-05-11,BBMO,3,BL120511,0.2-3 um,Spring,14.63,41.666667,2.8,16.8,38.24,NA,NA,0.913,0.114,0.085,0.036,0.502,NA,NA,NA,NA,NA,0.36
2012-06-20,BBMO,3,BL120620,0.2-3 um,Summer,15.2,41.666667,2.8,20.06,38.23,NA,NA,0.909,0.009,0.042,0.042,0.513,151.2,NA,NA,NA,NA,0.76
2012-07-03,BBMO,3,BL120703,0.2-3 um,Summer,15.13,41.666667,2.8,22.01,38.07,NA,NA,0.531,0.064,0.061,0.053,0.508,109.2,NA,NA,NA,NA,0.26
2012-08-07,BBMO,3,BL120807,0.2-3 um,Summer,14.18,41.666667,2.8,25.35,38.14,NA,NA,1.579,0.258,0.04,0.087,0.796,73.2,NA,NA,NA,NA,0.19
2012-09-13,BBMO,3,BL120913,0.2-3 um,Autumn,12.59,41.666667,2.8,22.46,38.16,NA,NA,0.611,0.069,0.016,0.027,1.052,94.8,NA,NA,NA,NA,0.16
2012-10-09,BBMO,3,BL121009,0.2-3 um,Autumn,11.4,41.666667,2.8,18.31,37.91,NA,NA,0.832,0.038,0.036,0.026,0.932,66,NA,NA,NA,NA,0.34
2012-11-06,BBMO,3,BL121106,0.2-3 um,Autumn,10.18,41.666667,2.8,16.66,38.04,NA,NA,1.702,3.523,0.122,0.221,2.036,81.6,NA,NA,NA,NA,0.46
2012-12-11,BBMO,3,BL121211,0.2-3 um,Winter,9.21,41.666667,2.8,14.25,38,NA,NA,0.861,1.36,0.319,0.083,2.023,64.8,NA,NA,NA,NA,0.48
2012-12-21,BBMO,3,BL121221,0.2-3 um,Winter,9.15,41.666667,2.8,14.18,38.24,NA,NA,0.194,1.049,0.32,0.073,1.804,45.6,NA,NA,NA,NA,0.17
2013-01-15,BBMO,3,BL130115,0.2-3 um,Winter,9.47,41.666667,2.8,13.27,38.1,NA,NA,1.174,1.212,0.401,0.124,1.564,262.92,NA,NA,NA,NA,0.89
2013-02-06,BBMO,3,BL130206,0.2-3 um,Winter,10.21,41.666667,2.8,12.76,38.15,NA,NA,5.897,1.728,0.698,0.107,1.464,375.6,NA,NA,NA,NA,0.72
2013-03-12,BBMO,3,BL130312,0.2-3 um,Spring,11.72,41.666667,2.8,12.78,38.14,NA,NA,0.177,3.289,0.219,0.164,2.475,108,NA,NA,NA,NA,1.08
2013-04-17,BBMO,3,BL130417,0.2-3 um,Spring,13.38,41.666667,2.8,14.51,37.87,NA,NA,0.576,0.646,0.175,0.084,1.356,104.4,NA,NA,NA,NA,0.49
2013-05-07,BBMO,3,BL130507,0.2-3 um,Spring,14.21,41.666667,2.8,14.96,37.73,NA,NA,0.669,1.374,0.213,0.097,1.451,130.8,NA,NA,NA,NA,0.75
2013-06-04,BBMO,3,BL130604,0.2-3 um,Summer,15.03,41.666667,2.8,16.92,37.62,NA,NA,1.962,0.34,0.168,0.103,1.249,102,NA,NA,NA,NA,0.31
2013-06-21,BBMO,3,BL130621,0.2-3 um,Summer,15.2,41.666667,2.8,19.8,37.83,NA,NA,0.404,0.176,0.135,0.107,0.647,126.84,NA,NA,NA,NA,0.45
2013-07-09,BBMO,3,BL130713,0.2-3 um,Summer,14.98,41.666667,2.8,21.61,37.87,NA,NA,0.853,0.134,0.109,0.088,0.456,134.4,NA,NA,NA,NA,0.5
2013-08-01,BBMO,3,BL130801,0.2-3 um,Summer,14.44,41.666667,2.8,23.58,37.81,NA,NA,3.483,0.239,0.221,0.068,0.459,124.8,NA,NA,NA,NA,0.21
2013-09-17,BBMO,3,BL130917,0.2-3 um,Autumn,12.46,41.666667,2.8,23.41,38.12,NA,NA,0.125,0.316,0.061,0.082,0.712,70.08,NA,NA,NA,NA,0.31
2013-10-15,BBMO,3,BL131015,0.2-3 um,Autumn,11.17,41.666667,2.8,21.4,38.05,NA,NA,0.433,0.218,0.099,0.077,0.816,106.2,NA,NA,NA,NA,0.28
2013-11-05,BBMO,3,BL131105,0.2-3 um,Autumn,10.26,41.666667,2.8,18.06,38.04,NA,NA,0.316,0.316,0.11,0.066,0.81,75.36,NA,NA,NA,NA,0.42
2013-12-03,BBMO,3,BL131203,0.2-3 um,Winter,9.18,41.666667,2.8,14.42,38.13,NA,NA,0.474,1.53,0.375,0.173,1.878,NA,NA,NA,NA,NA,0.6
2013-12-20,BBMO,3,BL131220,0.2-3 um,Winter,9.15,41.666667,2.8,13.61,38.1,NA,NA,0.417,2.871,0.368,0.161,2.253,80.16,NA,NA,NA,NA,0.49
2014-01-14,BBMO,3,BL140114,0.2-3 um,Winter,9.44,41.666667,2.8,14.28,38.19,NA,NA,0.448,0.772,0.157,0.071,0.905,129,NA,NA,NA,NA,1.02
2014-02-11,BBMO,3,BL140211,0.2-3 um,Winter,10.41,41.666667,2.8,13.4,37.93,NA,NA,0.836,1.043,0.269,0.097,0.973,145.2,NA,NA,NA,NA,0.91
2014-03-10,BBMO,3,BL140310,0.2-3 um,Spring,11.62,41.666667,2.8,13.76,37.92,NA,NA,0.199,0.425,0.128,0.085,0.768,127.92,NA,NA,NA,NA,0.6
2014-04-07,BBMO,3,BL140407,0.2-3 um,Spring,12.93,41.666667,2.8,14.12,37.89,NA,NA,0.906,0.775,0.199,0.097,1.303,267.48,NA,NA,NA,NA,0.3
2014-05-05,BBMO,3,BL140505,0.2-3 um,Spring,14.14,41.666667,2.8,16.22,37.85,NA,NA,0.156,0.104,0.239,0.046,0.986,91.08,NA,NA,NA,NA,0.29
2014-06-02,BBMO,3,BL140602,0.2-3 um,Summer,15,41.666667,2.8,17.53,37.81,NA,NA,1.556,0.095,0.08,0.058,0.935,NA,NA,NA,NA,NA,0.26
2014-06-21,BBMO,3,BL140621,0.2-3 um,Summer,15.2,41.666667,2.8,20.66,37.83,NA,NA,0.231,0.185,0.038,0.077,0.909,50.88,NA,NA,NA,NA,0.15
2014-07-07,BBMO,3,BL140707,0.2-3 um,Summer,15.09,41.666667,2.8,21.99,37.89,NA,NA,0.838,7.286,0.027,0.099,0.915,NA,NA,NA,NA,NA,0.29
2014-08-04,BBMO,3,BL140804,0.2-3 um,Summer,14.33,41.666667,2.8,24.77,37.91,NA,NA,0.114,0.148,0.021,0.092,0.904,NA,NA,NA,NA,NA,0.36
2014-09-16,BBMO,3,BL140916,0.2-3 um,Autumn,12.5,41.666667,2.8,23,37.98,NA,NA,0.3,0.114,0.014,0.082,0.881,NA,NA,NA,NA,NA,0.17
2014-10-07,BBMO,3,BL141007,0.2-3 um,Autumn,11.53,41.666667,2.8,21.3,37.76,NA,NA,0.172,0.205,0.027,0.081,0.87,NA,NA,NA,NA,NA,0.3
2014-11-11,BBMO,3,BL141111,0.2-3 um,Autumn,10.03,41.666667,2.8,18.94,38.17,NA,NA,0.067,0.189,0.029,0.045,0.814,123.6,NA,NA,NA,NA,0.2
2014-12-16,BBMO,3,BL141216,0.2-3 um,Winter,9.17,41.666667,2.8,15.88,37.78,NA,NA,0.028,0.811,0.315,0.074,1.233,62.88,NA,NA,NA,NA,0.44
2015-01-13,BBMO,3,BL150113,0.2-3 um,Winter,9.42,41.666667,2.8,14.47,37.82,NA,NA,2.624,3.001,0.288,0.119,1.742,80.28,NA,NA,NA,NA,0.6
2015-02-10,BBMO,3,BL150210,0.2-3 um,Winter,10.37,41.666667,2.8,13.05,38.09,NA,NA,2.013,1.603,0.345,0.085,1.395,97.8,NA,NA,NA,NA,0.7
2015-03-10,BBMO,3,BL150310,0.2-3 um,Spring,11.62,41.666667,2.8,13.27,38.11,NA,NA,0.396,1.447,0.23,0.058,1.628,110.16,NA,NA,NA,NA,0.61
2015-04-15,BBMO,3,BL150415,0.2-3 um,Spring,13.29,41.666667,2.8,14.38,37.95,NA,NA,0.497,0.849,0.166,0.035,1.805,72.6,NA,NA,NA,NA,0.33
2015-05-12,BBMO,3,BL150512,0.2-3 um,Spring,14.4,41.666667,2.8,17.71,37.79,NA,NA,0.772,0.208,0.057,0.048,0.354,180.48,NA,NA,NA,NA,0.37
2015-06-09,BBMO,3,BL150609,0.2-3 um,Summer,15.12,41.666667,2.8,18.97,37.7,NA,NA,0.205,0.232,0.053,0.037,0.672,99,NA,NA,NA,NA,0.33
2015-06-22,BBMO,3,BL150622,0.2-3 um,Summer,15.2,41.666667,2.8,20.59,37.65,NA,NA,0.412,0.249,0.07,0.037,0.54,110.64,NA,NA,NA,NA,0.18
2015-07-07,BBMO,3,BL150707,0.2-3 um,Summer,15.09,41.666667,2.8,23,37.87,NA,NA,1.266,0.396,0.157,0.084,1.036,144.84,NA,NA,NA,NA,0.51
2015-08-04,BBMO,3,BL150804,0.2-3 um,Summer,14.33,41.666667,2.8,25.48,38.02,NA,NA,0.291,0.209,0.023,0.051,0.77,126.24,NA,NA,NA,NA,0.23
2015-09-16,BBMO,3,BL150916,0.2-3 um,Autumn,12.5,41.666667,2.8,21.3,38.09,NA,NA,0.147,0.656,0.049,0.052,1.846,81.84,NA,NA,NA,NA,0.31
2015-10-06,BBMO,3,BL151006,0.2-3 um,Autumn,11.58,41.666667,2.8,19.47,38.08,NA,NA,0.365,0.344,0.046,0.056,1.24,85.8,NA,NA,NA,NA,0.35
2015-11-10,BBMO,3,BL151110,0.2-3 um,Autumn,10.07,41.666667,2.8,17.64,38.2,NA,NA,0.375,0.24,0.063,0.053,0.994,397.92,NA,NA,NA,NA,0.62
2015-12-15,BBMO,3,BL151215,0.2-3 um,Winter,9.18,41.666667,2.8,15.38,38.27,NA,NA,0.352,0.893,0.175,0.058,1.756,95.76,NA,NA,NA,NA,0.6
2016-01-19,BBMO,3,BL160119,0.2-3 um,Winter,9.49,41.666667,2.8,13.91,38.27,NA,NA,9.979,0.723,0.217,0.038,0.907,80.28,NA,NA,NA,NA,1.14
2016-02-10,BBMO,3,BL160210,0.2-3 um,Winter,10.37,41.666667,2.8,13.61,38.28,NA,NA,0.815,0.794,0.206,0.066,0.911,231,NA,NA,NA,NA,1.52
2016-03-08,BBMO,3,BL160308,0.2-3 um,Spring,11.58,41.666667,2.8,13.33,38.27,NA,NA,3.529,1.18,0.384,0.053,1.311,118.8,NA,NA,NA,NA,0.98
2016-04-06,BBMO,3,BL160406,0.2-3 um,Spring,12.88,41.666667,2.8,13.56,38.15,NA,NA,1.726,0.797,0.309,0.048,1.223,86.64,NA,NA,NA,NA,0.55
2016-05-04,BBMO,3,BL160504,0.2-3 um,Spring,14.14,41.666667,2.8,15.57,37.89,NA,NA,0.407,0.454,0.057,0.028,1.53,130.08,NA,NA,NA,NA,0.2
2016-06-07,BBMO,3,BL160607,0.2-3 um,Summer,15.1,41.666667,2.8,20.11,38.03,NA,NA,0.547,0.083,0.036,0.022,0.453,NA,NA,NA,NA,NA,0.2
2016-06-21,BBMO,3,BL160621,0.2-3 um,Summer,15.2,41.666667,2.8,21.58,37.73,NA,NA,2.098,0.101,0.056,0.019,0.143,132.24,NA,NA,NA,NA,0.16
2016-07-05,BBMO,3,BL160705,0.2-3 um,Summer,15.1,41.666667,2.8,23.64,37.86,NA,NA,0.727,0.156,0.051,0.033,0.212,103.44,NA,NA,NA,NA,0.16
2016-08-02,BBMO,3,BL160802,0.2-3 um,Summer,14.37,41.666667,2.8,24,NA,NA,NA,2.398,0.257,0.092,0.049,0.318,261.84,NA,NA,NA,NA,0.17
2016-09-13,BBMO,3,BL160913,0.2-3 um,Autumn,12.59,41.666667,2.8,22.72,37.93,NA,NA,1.518,0.187,0.084,0.025,0.499,121.2,NA,NA,NA,NA,0.27
2016-10-18,BBMO,3,BL161018,0.2-3 um,Autumn,10.99,41.666667,2.8,19.09,38.16,NA,NA,2.208,0.976,0.115,0.033,0.874,71.4,NA,NA,NA,NA,0.35
2016-11-08,BBMO,3,BL161108,0.2-3 um,Autumn,10.11,41.666667,2.8,17.74,38.25,NA,NA,0.539,0.123,0.107,0.03,0.751,110.64,NA,NA,NA,NA,0.44
2016-12-13,BBMO,3,BL161213,0.2-3 um,Winter,9.19,41.666667,2.8,13.98,36.34,NA,NA,0.811,1.941,0.266,0.038,0.147,174.36,NA,NA,NA,NA,1.27
2017-01-24,BBMO,3,BL170124,0.2-3 um,Winter,9.73,41.666667,2.8,12.99,38.1,NA,NA,0.286,1.386,0.335,0.125,1.782,122.64,NA,NA,NA,NA,0.43
2017-02-20,BBMO,3,BL170220,0.2-3 um,Winter,10.8,41.666667,2.8,12.8,38.01,NA,NA,0.214,1.167,0.28,0.044,1.507,148.44,NA,NA,NA,NA,1.2
2017-03-14,BBMO,3,BL170314,0.2-3 um,Spring,11.81,41.666667,2.8,13.53,38.07,NA,NA,0.295,0.065,0.042,0.02,1.696,192,NA,NA,NA,NA,1.13
2017-04-04,BBMO,3,BL170404,0.2-3 um,Spring,12.79,41.666667,2.8,13.96,38.12,NA,NA,0.506,0.48,0.153,0.028,1.634,90.96,NA,NA,NA,NA,0.34
2017-04-25,BBMO,3,BL170425,0.2-3 um,Spring,13.73,41.666667,2.8,14.84,38.06,NA,NA,1.567,0.357,0.119,0.028,1.194,178.44,NA,NA,NA,NA,0.43
2017-05-09,BBMO,3,BL170509,0.2-3 um,Spring,14.29,41.666667,2.8,16.81,38.06,NA,NA,0.291,0.148,0.039,0.032,0.837,175.08,NA,NA,NA,NA,0.35
2017-06-06,BBMO,3,BL170606,0.2-3 um,Summer,15.07,41.666667,2.8,20.58,38.17,NA,NA,2.15,0.086,0.034,0.012,0.576,107.76,NA,NA,NA,NA,0.26
2017-07-04,BBMO,3,BL170704,0.2-3 um,Summer,15.13,41.666667,2.8,23.13,38.02,NA,NA,0.431,0.034,0.036,0.015,0.69,92.04,NA,NA,NA,NA,0.13
2017-08-01,BBMO,3,BL170801,0.2-3 um,Summer,14.44,41.666667,2.8,26.4,38.02,NA,NA,0.361,0.071,0.029,0.022,0.702,275.04,NA,NA,NA,NA,0.23
2017-09-13,BBMO,3,BL170913,0.2-3 um,Autumn,12.64,41.666667,2.8,23.98,37.81,NA,NA,0.35,0.054,0.039,0.025,0.8,164.4,NA,NA,NA,NA,0.19
2017-10-10,BBMO,3,BL171010,0.2-3 um,Autumn,11.4,41.666667,2.8,22.16,37.88,NA,NA,0.764,0.277,0.043,0.021,0.634,69.84,NA,NA,NA,NA,0.36
2017-11-06,BBMO,3,BL171106,0.2-3 um,Autumn,10.22,41.666667,2.8,19.54,37.7,NA,NA,0.2,0.155,0.04,0.025,0.663,NA,NA,NA,NA,NA,0.46
2017-12-12,BBMO,3,BL171212,0.2-3 um,Winter,9.21,41.666667,2.8,13.89,38.35,NA,NA,0.502,3.616,0.217,0.155,2.569,NA,NA,NA,NA,NA,0.34
2018-01-16,BBMO,3,BL180116,0.2-3 um,Winter,9.49,41.666667,2.8,13.27,38.31,NA,NA,0.658,3.076,0.26,0.105,1.188,NA,NA,NA,NA,NA,1.16
2018-02-13,BBMO,3,BL180213,0.2-3 um,Winter,10.5,41.666667,2.8,12.75,38.24,NA,NA,0.256,2.927,0.315,0.082,1.543,NA,NA,NA,NA,NA,0.34
2018-03-06,BBMO,3,BL180306,0.2-3 um,Spring,11.44,41.666667,2.8,12.76,38.24,NA,NA,0.321,2.665,0.272,0.061,1.649,NA,NA,NA,NA,NA,0.45
2018-04-10,BBMO,3,BL180410,0.2-3 um,Spring,13.07,41.666667,2.8,12.55,37.76,NA,NA,0.767,1.977,0.235,0.039,1.189,NA,NA,NA,NA,NA,0.52
2018-05-08,BBMO,3,BL180508,0.2-3 um,Spring,14.25,41.666667,2.8,15.43,37.77,NA,NA,0.49,0.961,0.146,0.037,0.911,NA,NA,NA,NA,NA,0.52
2018-06-13,BBMO,3,BL180613,0.2-3 um,Summer,15.16,41.666667,2.8,21.02,37.57,NA,NA,0.137,0.238,0.114,0.04,0.263,NA,NA,NA,NA,NA,0.27
2018-07-04,BBMO,3,BL180704,0.2-3 um,Summer,15.13,41.666667,2.8,23.37,37.81,NA,NA,0.076,0.135,0.049,0.024,0.389,NA,NA,NA,NA,NA,0.35
2018-08-01,BBMO,3,BL180801,0.2-3 um,Summer,14.44,41.666667,2.8,25.77,38,NA,NA,0.336,0.176,0.059,0.034,0.617,NA,NA,NA,NA,NA,0.17
2018-09-13,BBMO,3,BL180913,0.2-3 um,Autumn,12.64,41.666667,2.8,25.05,38.15,NA,NA,0.427,0.229,0.073,0.067,0.655,NA,NA,NA,NA,NA,0.11
2018-10-09,BBMO,3,BL181009,0.2-3 um,Autumn,11.44,41.666667,2.8,19.99,38.2,NA,NA,0.22,0.26,0.088,0.033,1.035,NA,NA,NA,NA,NA,0.26
2018-11-05,BBMO,3,BL181105,0.2-3 um,Autumn,10.26,41.666667,2.8,18.34,38.23,NA,NA,0.158,0.229,0.079,0.035,1.176,NA,NA,NA,NA,NA,0.36
2018-12-11,BBMO,3,BL181211,0.2-3 um,Winter,9.22,41.666667,2.8,16.76,38,NA,NA,0.078,0.53,0.352,0.027,1.527,NA,NA,NA,NA,NA,0.28
2019-01-15,BBMO,3,BL190115,0.2-3 um,Winter,9.47,41.666667,2.8,14.23,38.19,NA,NA,3.798,1.185,0.197,0.026,1.515,NA,NA,NA,NA,NA,0.5
2019-02-12,BBMO,3,BL190219,0.2-3 um,Winter,10.45,41.666667,2.8,12.92,38.3,NA,NA,0.403,1.318,0.187,0.026,0.724,NA,NA,NA,NA,NA,1.84
2019-03-12,BBMO,3,BL190312,0.2-3 um,Spring,11.72,41.666667,2.8,13.85,38.23,NA,NA,0.508,5.325,0.111,0.039,1.3,NA,NA,NA,NA,NA,0.57
2019-04-15,BBMO,3,BL190415,0.2-3 um,Spring,13.29,41.666667,2.8,14.28,38.15,NA,NA,2.278,8.945,0.088,0.087,0.95,NA,NA,NA,NA,NA,0.31
2019-05-14,BBMO,3,BL190514,0.2-3 um,Spring,14.47,41.666667,2.8,15.4,38.19,NA,NA,7.542,0.403,0.197,0.031,0.973,NA,NA,NA,NA,NA,0.39
2019-06-12,BBMO,3,BL190612,0.2-3 um,Summer,15.15,41.666667,2.8,18.05,38.08,NA,NA,4.923,0.258,0.127,0.022,0.953,NA,NA,NA,NA,NA,0.33
2019-07-09,BBMO,3,BL190709,0.2-3 um,Summer,15.05,41.666667,2.8,20.09,38.09,NA,NA,0.295,0.237,0.027,0.018,0.623,NA,NA,NA,NA,NA,0.31
2019-08-05,BBMO,3,BL190805,0.2-3 um,Summer,14.3,41.666667,2.8,25.16,37.88,NA,NA,0.316,0.135,0.032,0.029,0.48,NA,NA,NA,NA,NA,0.41
2019-09-17,BBMO,3,BL190917,0.2-3 um,Autumn,12.46,41.666667,2.8,24,NA,NA,NA,1.591,0.299,0.15,0.027,0.791,NA,NA,NA,NA,NA,0.29
2019-12-03,BBMO,3,BL191203,0.2-3 um,Winter,9.41,41.666667,2.8,15.37,38.23,NA,NA,0.179,0.62,0.183,0.019,0.957,NA,NA,NA,NA,NA,0.33
2020-01-30,BBMO,3,BL200130,0.2-3 um,Winter,9.94,41.666667,2.8,13.66,37.75,NA,NA,1.745,2.715,0.499,0.042,2.57,NA,NA,NA,NA,NA,0.4
2020-02-11,BBMO,3,BL200211,0.2-3 um,Winter,10.41,41.666667,2.8,13.99,37.89,NA,NA,2.044,2.307,0.362,0.034,1.761,NA,NA,NA,NA,NA,0.45
2020-03-10,BBMO,3,BL200310,0.2-3 um,Spring,11.67,41.666667,2.8,13.79,37.84,NA,NA,1.017,1.239,0.21,0.04,0.842,NA,NA,NA,NA,NA,1.26
2020-05-12,BBMO,3,BL200512,0.2-3 um,Spring,14.66,41.666667,2.8,15.02,38.29,NA,NA,0.353,0.518,0.097,0.024,1.05,NA,NA,NA,NA,NA,0.32
2020-05-19,BBMO,3,BL200519,0.2-3 um,Spring,14.86,41.666667,2.8,18.27,38.13,NA,NA,0.947,0.339,0.089,0.014,0.88,NA,NA,NA,NA,NA,0.17
2020-05-26,BBMO,3,BL200526,0.2-3 um,Spring,15.02,41.666667,2.8,19.47,38.08,NA,NA,0.725,0.081,0.085,0.024,0.391,NA,NA,NA,NA,NA,0.12
2020-06-02,BBMO,3,BL200602,0.2-3 um,Summer,15.13,41.666667,2.8,19.92,38.12,NA,NA,0.323,0.856,0.065,0.031,1.109,NA,NA,NA,NA,NA,0.48
2020-06-09,BBMO,3,BL200609,0.2-3 um,Summer,15.19,41.666667,2.8,19.58,38.14,NA,NA,0.512,0.122,0.051,0.022,0.44,NA,NA,NA,NA,NA,0.07
2020-06-23,BBMO,3,BL200623,0.2-3 um,Summer,15.16,41.666667,2.8,22.07,38.37,NA,NA,0.586,0.466,0.088,0.025,0.286,NA,NA,NA,NA,NA,0.23
2020-07-07,BBMO,3,BL200707,0.2-3 um,Summer,14.93,41.666667,2.8,24.91,38.42,NA,NA,2.261,0.361,0.158,0.017,0.579,NA,NA,NA,NA,NA,0.13
2020-07-21,BBMO,3,BL200721,0.2-3 um,Summer,14.54,41.666667,2.8,21.39,37.94,NA,NA,0.401,0.327,0.038,0.018,0.79,NA,NA,NA,NA,NA,0.3
2020-08-04,BBMO,3,BL200804,0.2-3 um,Summer,14.03,41.666667,2.8,26.72,37.97,NA,NA,0.733,1.592,0.107,0.074,1.221,NA,NA,NA,NA,NA,0.44
2020-09-15,BBMO,3,BL200915,0.2-3 um,Autumn,12.18,41.666667,2.8,24.03,37.86,NA,NA,0.142,0.5,0.005,0.03,0.302,NA,NA,NA,NA,NA,0.2
2020-10-13,BBMO,3,BL201013,0.2-3 um,Autumn,10.9,41.666667,2.8,19.81,38.06,NA,NA,0.23,0.447,0.023,0.031,0.738,NA,NA,NA,NA,NA,0.19
2020-11-10,BBMO,3,BL201110,0.2-3 um,Autumn,9.78,41.666667,2.8,15.99,37.92,NA,NA,0.616,0.421,0.131,0.029,0.622,NA,NA,NA,NA,NA,0.34
2020-12-15,BBMO,3,BL201215,0.2-3 um,Winter,9.15,41.666667,2.8,14.88,37.76,NA,NA,0.135,0.86,0.143,0.031,0.768,NA,NA,NA,NA,NA,0.41
2021-01-25,BBMO,3,BL210125,0.2-3 um,Winter,9.76,41.666667,2.8,13.03,38.04,NA,NA,3.201,2.814,0.524,0.15,2.714,NA,NA,NA,NA,NA,0.35
2021-02-08,BBMO,3,BL210208,0.2-3 um,Winter,10.29,41.666667,2.8,13.19,38.13,NA,NA,0.782,1.488,0.248,0.072,1.621,NA,NA,NA,NA,NA,1.25
2021-03-09,BBMO,3,BL210309,0.2-3 um,Spring,11.58,41.666667,2.8,12.66,36.29,NA,NA,0.631,8.087,0.533,0.039,4.666,NA,NA,NA,NA,NA,0.25
2021-04-13,BBMO,3,BL210413,0.2-3 um,Spring,13.2,41.666667,2.8,13.79,37.91,NA,NA,0.133,2.063,0.23,0.046,2.782,NA,NA,NA,NA,NA,0.35
2021-05-11,BBMO,3,BL210511,0.2-3 um,Spring,14.36,41.666667,2.8,14.52,38.11,NA,NA,0.209,0.275,0.076,0.051,1.047,NA,NA,NA,NA,NA,0.37
2021-06-15,BBMO,3,BL210615,0.2-3 um,Summer,15.18,41.666667,2.8,19.82,38.06,NA,NA,1.151,0.276,0.135,0.05,0.86,NA,NA,NA,NA,NA,0.3
2021-07-06,BBMO,3,BL210706,0.2-3 um,Summer,15.1,41.666667,2.8,23.65,37.7,NA,NA,0.596,0.524,0.079,0.04,1.011,NA,NA,NA,NA,NA,0.16
2021-09-14,BBMO,3,BL210914,0.2-3 um,Autumn,12.59,41.666667,2.8,23.41,37.93,NA,NA,0.161,0.512,0.011,0.057,1.14,NA,NA,NA,NA,NA,0.19
2021-10-13,BBMO,3,BL211013,0.2-3 um,Autumn,11.26,41.666667,2.8,21.86,37.95,NA,NA,0.116,0.159,0.009,0.037,1.112,NA,NA,NA,NA,NA,0.29
2021-11-09,BBMO,3,BL211109,0.2-3 um,Autumn,10.11,41.666667,2.8,16.73,38.2,NA,NA,0.41,0.332,0.099,0.075,1.45,NA,NA,NA,NA,NA,NA
2021-12-14,BBMO,3,BL211214,0.2-3 um,Winter,9.19,41.666667,2.8,15.09,38.17,NA,NA,0.419,10.393,0.317,0.097,1.419,NA,NA,NA,NA,NA,0.49
2022-01-11,BBMO,3,BL220111,0.2-3 um,Winter,9.37,41.666667,2.8,13.86,38.15,NA,NA,2.016,0.919,0.529,0.029,0.95,NA,NA,NA,NA,NA,0.43
2022-02-08,BBMO,3,BL220208,0.2-3 um,Winter,10.29,41.666667,2.8,13.44,38.17,NA,NA,2.505,1.658,0.578,0.021,0.781,NA,NA,NA,NA,NA,0.47
2022-03-10,BBMO,3,BL220310,0.2-3 um,Spring,11.62,41.666667,2.8,13.3,38.21,NA,NA,3.152,2.053,0.469,0.04,0.746,NA,NA,NA,NA,NA,1.5
2022-04-12,BBMO,3,BL220412,0.2-3 um,Spring,13.16,41.666667,2.8,14.8,38.07,NA,NA,1.534,1.531,0.192,0.029,1.141,NA,NA,NA,NA,NA,0.39
2022-05-10,BBMO,3,BL220510,0.2-3 um,Spring,14.32,41.666667,2.8,15.63,37.98,NA,NA,3.575,0.575,0.333,0.037,0.872,NA,NA,NA,NA,NA,0.5
2022-05-16,BBMO,3,BL220516,0.2-3 um,Spring,14.53,41.666667,2.8,16.43,38.04,NA,NA,1.664,0.303,0.058,0.013,1.134,NA,NA,NA,NA,NA,0.42
2022-06-14,BBMO,3,BL220614,0.2-3 um,Summer,15.17,41.666667,2.8,20.68,38,NA,NA,0.939,0.393,0.091,0.035,0.343,NA,NA,NA,NA,NA,0.33
2022-07-05,BBMO,3,BL220705,0.2-3 um,Summer,15.12,41.666667,2.8,23.3,37.92,NA,NA,1.582,0.349,0.089,0.038,0.678,NA,NA,NA,NA,NA,0.32
2022-08-02,BBMO,3,BL220802,0.2-3 um,Summer,14.4,41.666667,2.8,26.76,38.2,NA,NA,1.622,0.293,0.142,0.039,0.391,NA,NA,NA,NA,NA,0.12
2022-09-13,BBMO,3,BL220913,0.2-3 um,Autumn,12.64,41.666667,2.8,24.87,38.28,NA,NA,2.494,0.751,0.212,0.017,0.58,NA,NA,NA,NA,NA,0.2
2022-10-11,BBMO,3,BL221011,0.2-3 um,Autumn,11.35,41.666667,2.8,22.33,38.22,NA,NA,0.114,0.463,0.049,0.034,0.577,NA,NA,NA,NA,NA,0.2
2022-11-08,BBMO,3,BL221108,0.2-3 um,Autumn,10.14,41.666667,2.8,19.48,38.22,NA,NA,3.572,0.417,0.25,0.04,0.64,NA,NA,NA,NA,NA,0.26
2022-12-13,BBMO,3,BL221213,0.2-3 um,Winter,9.2,41.666667,2.8,15.43,38.29,NA,NA,0.927,0.782,0.284,0.013,0.806,NA,NA,NA,NA,NA,0.36
2023-01-10,BBMO,3,BL230110,0.2-3 um,Winter,9.35,41.666667,2.8,15.12,38.21,NA,NA,1.303,0.693,0.311,0.038,0.838,NA,NA,NA,NA,NA,NA
2023-02-14,BBMO,3,BL230214,0.2-3 um,Winter,10.54,41.666667,2.8,12.78,38.19,NA,NA,1.86,1.373,0.447,0.049,0.772,NA,NA,NA,NA,NA,NA
2023-03-14,BBMO,3,BL230314,0.2-3 um,Spring,11.81,41.666667,2.8,13.7,NA,NA,NA,2.606,1.433,0.417,0.048,1.218,NA,NA,NA,NA,NA,NA
2023-04-12,BBMO,3,BL230412,0.2-3 um,Spring,13.16,41.666667,2.8,14.4,NA,NA,NA,1.072,0.132,0.102,0.042,0.187,NA,NA,NA,NA,NA,NA
2023-05-16,BBMO,3,BL230516,0.2-3 um,Spring,14.53,41.666667,2.8,17.16,38.17,NA,NA,0.618,0.309,0.077,0.044,0.497,NA,NA,NA,NA,NA,NA
2023-06-13,BBMO,3,BL230613,0.2-3 um,Summer,15.16,41.666667,2.8,20.93,38.22,NA,NA,0.549,0.148,0.035,0.052,0.275,NA,NA,NA,NA,NA,NA
2023-07-04,BBMO,3,BL230704,0.2-3 um,Summer,15.13,41.666667,2.8,24.6,NA,NA,NA,1.318,0.125,0.072,0.032,0.441,NA,NA,NA,NA,NA,NA
2023-08-01,BBMO,3,BL230801,0.2-3 um,Summer,14.44,41.666667,2.8,25.65,38.19,NA,NA,0.633,0.035,0.053,0.041,0.374,NA,NA,NA,NA,NA,NA
2023-09-12,BBMO,3,BL230912,0.2-3 um,Autumn,12.69,41.666667,2.8,25.12,38.1,NA,NA,1.166,1.802,0.07,0.07,0.484,NA,NA,NA,NA,NA,NA
2023-10-10,BBMO,3,BL231010,0.2-3 um,Autumn,11.4,41.666667,2.8,23.3,38.11,NA,NA,0.419,0.341,0.066,0.036,0.525,NA,NA,NA,NA,NA,NA
2023-11-14,BBMO,3,BL231114,0.2-3 um,Autumn,9.92,41.666667,2.8,16.29,38.27,NA,NA,0.123,0.694,0.043,0.034,1.087,NA,NA,NA,NA,NA,NA
2023-12-12,BBMO,3,BL231212,0.2-3 um,Winter,9.21,41.666667,2.8,15.17,38.26,NA,NA,0.222,1.335,0.186,0.048,1.236,NA,NA,NA,NA,NA,NA
