ID,pres.meta,Date,SF,ST,Year,Month,Season,Dictyochophyceae,Non.Photosynthetic.Eukaryotes,Dinophyceae,Bathycoccus,Pelagophyceae,Micromonas,Mediophyceae,Haptophyta,Bacillariophyceae,Other.Chlorophyta,Cryptophyta,Ciliates,Chlorodendrales,Bolidophyceae,Chrysophyceae,Coscinodiscophyceae,Non.Photosynthetic.Prokaryotes,Synechococcus,Prochlorococcus,Other.Cyanobacteria,Other.Photosynthetic.Eukaryotes,Chl_C2,Peridinine,19BF,Fucoxanthin,Prasinoxanthin,19HF,Diadinoxanthin,Alloxanthin,Zeaxanthin,Chl_b,Chl_a,bb_Carotene
BL_38097,BL040419,2004-04-20,0.2-3 um,BBMO,2004,Apr,Spring,0.05390127844,0.55416842425,0.7996478543,0.5148877348,0.0698092819,1.95292868344,0.01885825934,0.50413286,0.0055627316,0.0188836707,0.0824232607,0,0,0,0,0,544.610422571001,0.4889870695,0,3.12331593,0,0.113186705142857,0.00509105142857143,0.00938956457142857,0.224655322285714,0.0110041782857143,0.0595310502857143,0.05207772,0.0101038011428571,0.0006143896,0.0516695005714286,0.838162104,0.016700856
BL_38133,BL040525,2004-05-26,0.2-3 um,BBMO,2004,May,Spring,0.0472818759,0.4664004473,0.0539157339,0.0072484033,0,0.0200171698,0,0.1492963584,0,0,0.0127034549,0,0,0,0,0,697.748918011001,5.223608824,0.0893434,5.516574121,0,0.0352738667472698,0.0014232596,0.0090069774621823,0.0403336650076512,0.000414814933333333,0.0556822513287738,0.0215593822923475,0.00678277887859812,0.00177968638107884,0.0157962493195723,0.269151610927094,0.0077313637298264
BL_38187,BL040719,2004-07-19,0.2-3 um,BBMO,2004,Jul,Summer,0.2334223179,1.4967832896,0.4001220722,0,0.00088792975,0.14788505983,0.0010439166,0.4045123273,0.0032760969,0.0181974961,0.0787741006,0,0.0030780388,0,0.010376278,0,556.924548902999,30.120959491,0.087434635,7.788884381,0.2237114667,0.0151953504,0.0067582416,0.0076340736,0.0126803328,0.000414814933333333,0.0328889904,0.0133632144,0.0067613856,0.0182881152,0.0201664872,0.1828153848,0.0113367504
BL_38259,BL040929,2004-09-29,0.2-3 um,BBMO,2004,Sep,Autumn,0.2443847444,0.61754727321,0.15113372009,0.0043340969,0.0167943026,0.35113294659,0.0012612848,0.40071774771,0.00633437211,0.01090166837,0.0558999782,0,0,0,0,0,548.258616077502,83.70051699,14.807339434,2.867292578,0.105878341,0.0367269768,0.0033923088,0.0310459728,0.0450703584,0.000414814933333333,0.0848962512,0.020900772,0.018444804,0.0629995176,0.0271589184,0.3857653944,0.0201743568
BL_38279,BL041019,2004-10-19,0.2-3 um,BBMO,2004,Oct,Autumn,0.614480817,1.13566953814,0.20274700607,0.1174666275,0.1688458001,0.5444538075,0,0.7287057934,0.005043264,0.02427043135,0.0790163538,0,0.0041837096,0,0.0071409773,0,628.852261031999,35.831787231,24.743017833,10.513214048,0.0387290096,0.0208,0.0030417568,0.0258763136,0.016369344,0.0012444448,0.0737852448,0.0119122112,0.008666176,0.037572192,0.0207221632,0.2616938432,0.0132854688
BL_38307,BL041116,2004-11-16,0.2-3 um,BBMO,2004,Nov,Autumn,0.4446733724,1.6006506579,0.2833232392,0.3382422468,0.1763583463,0.1733260556,0.0434767624,0.7720224013,0.0917912715,0.0628502962,0.2449949735,0.0085977325,0,0,0.02154285,0,590.85318747,5.492210199,7.419846334,12.392746086,0.0133359925,0.0590972112,0.0047967024,0.0190431744,0.1593639936,0.000414814933333333,0.0446274696,0.037945596,0.0112430352,0.0077199672,0.0179221608,0.5119655736,0.0125094
BL_38335,BL041214,2004-12-14,0.2-3 um,BBMO,2004,Dec,Winter,0.14289961285,0.22434196574,0.092833093,0.5899406534,0.16893607719,1.00829664767,0.0179482236,0.34578918848,0.0102011507,0.0226134974,0.0528617905,0,0.0008550662,0,0,0,615.804812461,9.40658675349999,15.34584475,3.974544458,0.0024835481,0.0345534906666667,0.00339194133333333,0.036250488,0.035562944,0.00821052533333333,0.0813741973333333,0.0155404426666667,0.0193800053333333,0.0176426826666667,0.0454414426666667,0.355456098666667,0.00931054133333333
BL_38372,BL050120,2005-01-20,0.2-3 um,BBMO,2005,Jan,Winter,0.30602011862,0.3961635568,0.5443416916,3.79247686,0.7195641006,20.682964014,0.02387428975,1.6153931083,0.0606818174,0.1477439601,0.264257329,0,0.0048058796,0,0.0075994604,0,385.752754556001,2.6387956065,10.94369663,27.218118136,0.0183617246,0.0379883712,0.0047703288,0.0245908992,0.0378238224,0.011969592,0.0594960288,0.0124636776,0.018232572,0.0059835072,0.0741794568,0.3801467472,0.0064547016
BL_38398,BL050215,2005-02-15,0.2-3 um,BBMO,2005,Feb,Winter,0.01395209404,0.02986891856,0.08954854745,1.6039122671,0.0133776626,3.51458911916,0.0006491976,0.13921182429,0,0.02543455618,0.00420731383,0,0,0,0,0,684.3242923604,0,3.231370296,2.763146018,0,0.066284652,0.0073450536,0.0167383896,0.126517452,0.0181497072,0.0421975032,0.0227183928,0.0143663976,0.0034399344,0.0953578416,0.698484216,0.013302564
BL_38420,BL050309,2005-03-09,0.2-3 um,BBMO,2005,Mar,Spring,0.0406374707,0.0478713732,0.07356015609,5.5089394679,0.07479101315,5.391363716,0.0286057547,0.75670350738,0.0029714761,0.05472777887,0.01901014793,0,0,0,0,0,581.443191493,0.105547609,3.293466415,10.7085934,0,0.033520464,0.0009307696,0.0193008168,0.0587922432,0.0097660824,0.0510265584,0.0263629056,0.0148704504,0.0011621664,0.04896,0.3912123936,0.007352136
BL_38455,BL050413,2005-04-13,0.2-3 um,BBMO,2005,Apr,Spring,0.0011632529,0.06828173193,0.04350030486,0.16816696506,0.00327647049,0.24304357258,0,0.06548557128,0,0.0435876755,0.00212637013,0,0,0,0,0,625.724899375699,0.01351459,0,2.209952297,0,0.0352086411428571,0.0148681337142857,0.009781632,0.033953304,0.00453132685714286,0.0747708754285714,0.0303404742857143,0.0209984228571429,0.0003873888,0.0225729737142857,0.271178571428571,0.007133088
BL_38482,BL050510,2005-05-10,0.2-3 um,BBMO,2005,May,Spring,0,0.0630870527,0.00930657291,0.0015741991,0,0.02185491366,0.00056895195,0,0,0.001092337,0,0,0,0,0,0,670.61027886,0.054803104,0,0.944311567,0,0.049484304,0.005554944,0.010956825,0.119936286,0.00283041,0.020032917,0.04396368,0.006079587,0.0003873888,0.015308109,0.439550487,0.010467948
BL_38510,BL050607,2005-06-07,0.2-3 um,BBMO,2005,Jun,Summer,0.1278674262,0.9983732457,0.1268526308,0,0,0.1053348618,0.0010390577,0.2735645975,0.011310953,0.010692748,0.017135936,0,0,0,0.006625178,0,579.726823819499,46.996768839,1.272682348,4.458228344,0.3295847098,0.0223506984,0.0053439552,0.0121372224,0.0146171736,0.000675244,0.0449543712,0.0189570336,0.010079292,0.0065170584,0.0049491888,0.1941173088,0.0060786312
BL_38538,BL050705,2005-07-05,0.2-3 um,BBMO,2005,Jul,Summer,0,0.08126425099,0.01911818923,0.00537930027,0,0.03623307143,0.0037318568,0,0,0.00306487853,0,0,0,0,0,0,652.4162752615,0.043364888,0,1.030276599,0,0.0102763341176471,0.0009307696,0.00763703717647059,0.0105510832941176,0.000675244,0.0205050409411765,0.00688426164705882,0.000538836,0.0107417364705882,0.00292273411764706,0.0828054324705882,0.00344494588235294
BL_38608,BL050913,2005-09-13,0.2-3 um,BBMO,2005,Sep,Autumn,0.0478829704,0.04729645056,0.05688974175,3.0916398805,0.10792640857,3.6433447873,0.3929500984,0.70255260979,0.01470563737,0.0345786062,0.0252736498,0,0.00075947767,0,0,0,630.435692730502,0.437025397,2.713736696,13.497340729,0,0.0130981392,0.0027923088,0.0045003504,0.0223490304,0.000675244,0.0166801368,0.0107387952,0.001616508,0.0146405832,0.008075676,0.1316627928,0.0063743592
BL_38629,BL051004,2005-10-04,0.2-3 um,BBMO,2005,Oct,Autumn,0.0017570795,0.09867006823,0.0556613569,0.20120043505,0.00482055221,0.37865067114,0.00827019188,0.09197039948,0,0.061129043,0.0055486845,0,0,0,0,0,614.1825351095,0.015135188,0,2.701942073,0,0.0219418584,0.0052879128,0.0118319712,0.0267102504,0.0062877192,0.0487573224,0.0097205568,0.0093577008,0.0163265976,0.0226702704,0.235863756,0.00788718
BL_38664,BL051108,2005-11-08,0.2-3 um,BBMO,2005,Nov,Autumn,0.13249817587,0.3519968557,0.05614774146,0.0394659318,0.10699714233,0.22127061573,0.01375878902,0.23878818704,0.02263067974,0.01925102062,0.0427769504,0,0,0,0.0029329853,0,665.704627830998,13.1563651055,4.802261144,3.304490394,0.0353672819,0.0515358144,0.0056934072,0.025543056,0.1229518032,0.0034900584,0.0551291712,0.0243839256,0.0095115696,0.0093574776,0.0195113496,0.4225739376,0.0114598296
BL_38699,BL051213,2005-12-13,0.2-3 um,BBMO,2005,Dec,Winter,0.30125114079,0.52417875382,0.17160149385,0.19130416956,0.6143310495,1.80303288206,0.04013286323,0.56753508471,0.0556731189,0.16750704406,0.0775251152,0,0.001265282,0,0,0,567.729724662001,6.1322119235,6.39236924,5.965289329,0.004478177,0.0452623272,0.0082615392,0.0235967328,0.110103048,0.002025732,0.0345289464,0.0162157656,0.00842034,0.0030130968,0.0294291888,0.4234886424,0.0089196576
BL_38728,BL060111,2006-01-11,0.2-3 um,BBMO,2006,Jan,Winter,0.3004170965,0.25825456059,0.3632994302,1.751402473,0.7631072641,6.7448168645,0.2358642321,1.07982225838,0.1391538819,0.1291734972,0.0843137567,0,0.0130226177,0,0,0,530.7097321275,7.5899800355,6.634386361,10.496443361,0.0087506952,0.0575068042,0.0092105774,0.0418843635,0.1046471836,0.0200684204,0.0720283791,0.0250922711,0.0270913061,0.0113850445,0.1162667586,0.6401809132,0.0133847584
BL_38755,BL060207,2006-02-07,0.2-3 um,BBMO,2006,Feb,Winter,0.0672411327,0.07086856778,0.10214905199,2.22916046186,0.1814697272,2.87090863736,0.1088428782,0.52802407194,0.0436595529,0.03382955118,0.0632064134,0,0.0106491133,0,0,0,668.601742666299,2.5276312081,1.024239869,4.481310394,0.00681020545,0.0736583356164384,0.0266052616438356,0.0263812930136986,0.0738464928767123,0.0144284234246575,0.0722640787671233,0.0363354567123288,0.0692564205479452,0.0053039301369863,0.110365049178082,0.74850994369863,0.012252762739726
BL_38783,BL060307,2006-03-07,0.2-3 um,BBMO,2006,Mar,Spring,0.0043759495,0.01893979168,0.03714705332,0.72080616497,0.02435013896,0.25867342572,0,0.13742298962,0,0.01305454727,0.0003618901,0,0,0,0,0,661.969137858,0.08178542,0.1237082804,0.901775609,0,0.1229059914,0.0023973912,0.0175365233,0.1472542997,0.0041454192,0.0577317836,0.0464592722,0.019378999,0.001904609,0.0367727022,0.6539733154,0.0148353972
BL_38811,BL060404,2006-04-04,0.2-3 um,BBMO,2006,Apr,Spring,0.001384657,0.1228276192,0.12809585475,0.1029552813,0,0.06851501828,0.00247275987,0.05602005093,0,0.0028155083,0.0188311764,0,0,0,0.012723467,0,570.7471278636,0.5337683167,0,2.895403047,0.0059856903,0.147634493,0.0188356206666667,0.0133778691666667,0.325638347833333,0.00612849333333333,0.0890297008333333,0.103912284166667,0.0121646996666667,0.00808623116666667,0.036362163,1.10772832683333,0.019400761
BL_38853,BL060516,2006-05-16,0.2-3 um,BBMO,2006,May,Spring,0,0.08550402942,0.146582023,0.02790940299,0,0.20392452049,0.015240564,0.01602688858,0.0003643336,0.0005034986,0.0232811308,0,0,0,0,0,579.1230292669,4.017907542,0,0.881687193,0.0198665546,0.277347018,0.0118014121428571,0.0183808964285714,0.587899982714286,0.0120339741428571,0.0784274402857143,0.205521297857143,0.038329826,0.0115672691428571,0.0863691132857143,1.890872311,0.0493230592857143
BL_38881,BL060613,2006-06-13,0.2-3 um,BBMO,2006,Jun,Summer,0.0870762704,1.2462712253,0.0638715583,0.0213515293,0,0.4152402212,0.06939931,0.3171910152,0,0.0171857845,0.0743142099,0,0,0,0.018513672,0,571.422829292001,11.889259115,0,4.541937644,0.190153409,0.0190595936,0.003734477,0.0091372221,0.0269754374,0.0064054587,0.050557094,0.0247928142,0.0086466471,0.0085256262,0.02418,0.2426197237,0.0087193018
BL_38903,BL060705,2006-07-05,0.2-3 um,BBMO,2006,Jul,Summer,0.04235482228,0.54429547517,0.06254187364,0,0,0.0160251687,0,0.24648236056,0,0.00159079553,0.00724694374,0,0,0,0,0,766.1013211808,9.989894548,0.089594787,4.575160223,0.1925377697,0.02766344675,0.0083514775,0.02251298275,0.019188941875,0.000193372833333333,0.074764188,0.03437190875,0.008932204375,0.0204463445,0.01884087775,0.260072109125,0.01230671325
BL_38930,BL060801,2006-08-01,0.2-3 um,BBMO,2006,Aug,Summer,0,0.09472388694,0.0207723382,0,0,0.01906231664,0,0.02055779668,0.0188147345,0,0.0857547483,0,0,0,0,0,654.87486608,57.177013424,0.35700369,1.256996668,0.0145473684,0.041359766,0.0044243138,0.0103453913,0.0451260397,0.0005801185,0.0423866069,0.0338939709,0.0574425226,0.0516324189,0.0183402696,0.4066737945,0.0212429484
BL_38972,BL060912,2006-09-12,0.2-3 um,BBMO,2006,Sep,Autumn,0.0231431381,0.15075196308,0.0218505441,0,0.0010969833,0.01847426017,0,0.18353896412,0,0.00152418265,0.0316134457,0,0,0,0,0,743.649370797499,25.58860675,5.3628222,1.414655309,0.0033212218,0.0254866872,0.008278023,0.0137239201,0.0409554919,0.0016587728,0.0710396124,0.0164031695,0.0123634479,0.0321903783,0.0109589185,0.2744006757,0.0112474355
BL_38999,BL061009,2006-10-09,0.2-3 um,BBMO,2006,Oct,Autumn,0.10769573587,0.30372975189,0.10229322739,0,0,0.06879537355,0,0.22009861098,0,0.00215061645,0.02368725787,0,0,0,0,0,769.704875691502,32.9901154665,23.187502385,1.492806627,0.0250994925,0.0215864532,0.0033554958,0.0204411892,0.0128665748,0.0017675425,0.0928733247,0.0162738034,0.0120847455,0.0529656421,0.0119894608,0.2958506545,0.0136011384
BL_39031,BL061107,2006-11-10,0.2-3 um,BBMO,2006,Nov,Autumn,0,0.0268438154,0,0.0274091582,0.0238515482,0.3290707969,0,0.0020284054,0.0044804311,0.0107391179,0,0,0,0,0,0,698.621807477999,21.287766138,5.564759,1.10555046,0,0.0282890009166667,0.0060431555,0.0177577790833333,0.051785934,0.0159355913333333,0.0463915051666667,0.0138150440833333,0.0118943745,0.0106758290833333,0.0962815308333333,0.349908774833333,0.00848415233333333
BL_39062,BL061211,2006-12-11,0.2-3 um,BBMO,2006,Dec,Winter,0.15795743696,0.21952360646,0.06199939525,0.07239653022,0.1097608139,0.60570235067,0.001998436,0.27712986612,0.00685053626,0.00787575197,0.0300157862,0,0,0,0,0,744.574492931701,2.8717669767,5.583778566,2.4939257407,0.0032104551,0.0659182543,0.0113184069,0.0458633623,0.1228550336,0.0023627673,0.1046364328,0.0273489967,0.01938585,0.0167956357,0.0577437837,0.5964727856,0.0138727201
BL_39098,BL070116,2007-01-16,0.2-3 um,BBMO,2007,Jan,Winter,0.13002565006,0.17286119893,0.23046488049,0.3510969599,0.24468945402,2.85444794446,0.0152648739,0.55815188026,0.0659846537,0.08641292477,0.08652513305,0,0.0009685982,0,0,0,700.892697666502,5.367621118,12.956655255,5.094638328,0.00516330253,0.0511690827856551,0.000785390471812523,0.0261674527059986,0.0501982515830552,0.00851732288215667,0.086883229938193,0.0141843629081367,0.02096495784779,0.00586661812803921,0.0717393742428618,0.40751300111325,0.00369946236469662
BL_39133,BL070220,2007-02-20,0.2-3 um,BBMO,2007,Feb,Winter,0.1110247364,0.14774562301,0.23663999085,1.7938226626,0.3652565844,3.48958149025,0.03273751786,0.5857822573,0.0328587091,0.1367310202,0.080609996,0,0.0015495202,0,0,0,562.580506588498,4.6724813975,5.067299301,7.949477497,0,0.0423440937947793,0.000785390471812523,0.0172908004910516,0.043709411795421,0.0144825134919253,0.0817153380598092,0.0157543344636075,0.0205104308546277,0.00404441015715256,0.093951057229945,0.405618829154399,0.00207982902098411
BL_39161,BL070320,2007-03-20,0.2-3 um,BBMO,2007,Mar,Spring,0.012138808,0.04355336543,0.06808082733,0.18373225463,0.0801541628,0.51506085038,0.00151276215,0.10347334624,0.0006678165,0.02454190997,0.00236934293,0,0,0,0,0,658.552633234997,0.7595649715,0.346585168,1.766975055,0,0.112779732738321,0.00541825697093392,0.0225288735218209,0.292148197887979,0.0122534132242113,0.0668927747300301,0.0457769955372046,0.0084043115266139,0.0011527953603761,0.082122090295398,0.8674961227582,0.00499352820262218
BL_39196,BL070424,2007-04-24,0.2-3 um,BBMO,2007,Apr,Spring,0.01904080656,0.11981409628,0.02006628248,0.03193059129,0.0096622284,0.17768069784,0.00814976162,0.0800813087,0,0.001129396,0.0991031968,0,0,0,0,0,700.321079178998,13.756534711,2.231786,3.439536251,0.0041619969,0.0619430817681257,0.00685813912443941,0.0151264729175411,0.0886035594585269,0.00254422391744535,0.0926709831170563,0.039367425698253,0.028711595990058,0.00797051281136793,0.0284594242384289,0.472140141059632,0.00326033791902829
BL_39217,BL070515,2007-05-15,0.2-3 um,BBMO,2007,May,Spring,0.1751904849,1.5554861151,0.0808537367,0.00404481634,0.0149520426,0.0174623098,0,0.4321848586,0,0.0031896248,0.0362185249,0,0,0,0.0068367203,0,686.026900851997,9.2529703565,3.26220884,11.191462648,0.3140380245,0.0238690100825503,0.006334546232866,0.0113696736705265,0.0537843564969616,0.00084807463914845,0.065830433797278,0.0295466096787307,0.00626247674082877,0.00480652053127437,0.00472790638334427,0.236576275669462,0.00218891002255594
BL_39238,BL070605,2007-06-05,0.2-3 um,BBMO,2007,Jun,Summer,0.803147378,3.527308544,0.18757607986,0.0748332328,0.0980675024,0.4314734441,0,1.0326284365,0.00094550644,0.03564362157,0.0814975223,0,0.004494128,0,0.007978184,0.0029093428,533.149289989999,24.441420037,5.250027794,12.952384273,0.3309218292,0.0180892382999111,0.00661504072310173,0.0133155839891035,0.0228807432192253,0.00084807463914845,0.0413077170740952,0.0145444852231543,0.00450938702769476,0.00695528455231581,0.0139905582997254,0.174030595475755,0.00221557532620685
BL_39266,BL070703,2007-07-03,0.2-3 um,BBMO,2007,Jul,Summer,0.0075860097,0.7584578856,0.1176103267,0,0,0,0,0.0251762027,0,0,0,0,0,0,0,0,619.57481824,68.658032562,4.407155,1.7833116,0.085486324,0.00841539285765249,0.00235617141543757,0.0101663895061094,0.0117844782492471,0.00084807463914845,0.0275899855916926,0.0118065456173228,0.00157753093540224,0.0533064264489216,0.00335736763275993,0.155752675052754,0.0130171129661448
BL_39295,BL070801,2007-08-01,0.2-3 um,BBMO,2007,Aug,Summer,0.0080234279,0.71029467476,0.1719650058,0,0,0.02907287927,0,0.0785565244,0,0.0022398008,0.0133120662,0,0,0,0,0,652.845054106999,87.2855230490001,5.90766405,1.269465517,0.038759853,0.0105009395187302,0.00754535522004917,0.00569873784774086,0.0108919988742764,0.00084807463914845,0.0328630621512493,0.00769831910933955,0.00423350408646311,0.0436851322451663,0.00576731209193513,0.206449607999876,0.00680186461316082
BL_39337,BL070912,2007-09-12,0.2-3 um,BBMO,2007,Sep,Autumn,0.1719021937,1.0204563752,0.0871363038,0,0.0248156971,0.07635388063,0.0029641446,0.2622116359,0.007749856,0.0387097034,0.0262988136,0,0,0,0.006388081,0.0013477136,670.679659990999,37.657256483,19.390206,3.618057142,0.067784554,0.00739636645196674,0.000785390471812523,0.00892735988103554,0.0106814501811859,0.00084807463914845,0.026570138976922,0.00692770034222128,0.00300709410988162,0.0109886882522881,0.00689869693217494,0.10123433352556,0.00172349411893513
BL_39371,BL071016,2007-10-16,0.2-3 um,BBMO,2007,Oct,Autumn,0.2173910735,0.29627219897,0.06393596053,0.02032578443,0.05976794394,0.31534234411,0,0.34034841518,0.00246163442,0.12288250336,0.02515274295,0,0,0,0,0.0007115474,752.944128616998,18.664271916,21.284241749,2.762011958,0.0248791239,0.0253273078018573,0.00486661360932977,0.0302211754956333,0.0327922723215187,0.00084807463914845,0.0871506662704512,0.0158779512037745,0.00911407486366428,0.0182576228006683,0.0165660691890419,0.266711938412124,0.00383968460822892
BL_39399,BL071113,2007-11-13,0.2-3 um,BBMO,2007,Nov,Autumn,0.22388798498,0.31724068184,0.10398103314,0.2738854747,0.26685313127,1.3058289952,0.0021642183,0.34064080793,0.0265628445,0.0556322561,0.0551775577,0,0,0,0,0.0032093197,576.694590620001,21.496410209,14.787041961,4.897735344,0.0189990147,0.103092042438979,0.00560525443221014,0.0602318771720347,0.214747758605395,0.008442051354589,0.140337301352697,0.0422789569413556,0.021882307124591,0.0180017515997643,0.080834334805312,0.841361453544908,0.00810842705512617
BL_39427,BL071211,2007-12-11,0.2-3 um,BBMO,2007,Dec,Winter,0.31423777129,0.33695964531,0.20557811432,2.003564778,0.6086431928,1.06542613637,0.0394267348,0.83371334104,0.02038495909,0.4602353214,0.1790295938,0,0.00881466147,0,0.0017889455,0.0015760423,589.793425621398,19.8096649575,25.10467425,9.636741085,0.0038389138,0.106341060791964,0.0129449141465341,0.082911658955398,0.0814700240729352,0.0112416938264309,0.176116969152632,0.0306275873955023,0.0568012012252172,0.0218810819159995,0.110434339755131,0.764269664726663,0.00566014037375171
BL_39491,BL080212,2008-02-13,0.2-3 um,BBMO,2008,Feb,Winter,0.5231833615,0.3595717394,0.446747445,4.1531942556,0.7728517808,8.935647609,0.4956207054,2.3507758264,0.2320192881,0.2674745446,0.1180914725,0,0.0137099473,0,0,0,458.151341508,5.464741251,1.747682999,24.759353936,0.0016478327,0.170830299646403,0.041144229714184,0.136372129828501,0.163501111631356,0.0136960242078976,0.467566932924362,0.0818367525588926,0.0276018822235755,0.00744624525902162,0.215168,1.38832593649361,0.0242328034084186
BL_39519,BL080312,2008-03-12,0.2-3 um,BBMO,2008,Mar,Spring,0.0292168858,0.13749197288,0.10807098393,0.8841882494,0.12602323737,0.91294660286,0.053718374,0.28622080638,0.0123788016,0.15450130657,0.00963444013,0,0.000786818,0,0,0,596.873548663499,4.218611277,0.4254193,3.183472788,0,0.293764650040038,0.0100684890709498,0.0244014454912458,0.585613956731566,0.00200743552671517,0.126457817570743,0.104094815495806,0.0112769662782495,0.00847211726651906,0.042941,1.7945818880256,0.0412515233213802
BL_39548,BL080408,2008-04-10,0.2-3 um,BBMO,2008,Apr,Spring,0.0221700581,0.12904591445,0.1554249445,1.3168892958,0.2432240583,7.6869038994,0.0006941652,0.28163560326,0.0114103267,0.23828970683,0.0389586679,0,0,0,0,0,559.676538142,6.78088978,0,3.223429295,0,0.0328078787233764,0.00158332964105349,0.00938936711485221,0.06709937586547,0.00604932965613576,0.0463834260573574,0.0218595638993825,0.0111437549415755,0.00693460901599695,0.110566,0.418212730360987,0.00746319602971201
BL_39578,BL080507,2008-05-10,0.2-3 um,BBMO,2008,May,Spring,0.0511439793,0.361414513,0.0808995968,0.4285558389,0.0111885489,1.0470230453,0.0044849007,0.3638858829,0.0108474922,0.0115652703,0.1162659559,0,0,0,0.056873478,0,508.3872475295,27.742439061,0,3.528949838,0,0.090593773349814,0.00775240207868928,0.0227408722686935,0.10079503229767,0.002855167783871,0.186539021722073,0.0794476126871007,0.0195125090809665,0.0111243145162501,0.072199,0.713941648637335,0.0127312961707625
BL_39631,BL080702,2008-07-02,0.2-3 um,BBMO,2008,Jul,Summer,0.3988205787,1.0092770059,0.1321753635,0,0.006503023,0.0904757613,0,0.6195261641,0,0.0734169716,0.0315976097,0,0,0,0.011817361,0.0024565272,571.715830978999,33.560777869,0.800687707,4.404956111,0.0889733074,0.119955428304479,0.00594160535091773,0.0353998984859599,0.226289547018455,0.00256056568548367,0.273283311039619,0.107288171257386,0.00310601826659163,0.000973455850777288,0.055683,0.855316797116128,0.0195524812616389
BL_39666,BL080805,2008-08-06,0.2-3 um,BBMO,2008,Aug,Summer,0,0.14428621312,0.0453320174,0.0026896972,0.0049837114,0.04175839339,0,0.1413222487,0.0028989648,0.0255306455,0.0201827671,0,0,0,0,0,574.8635384235,68.744525047,1.683164407,1.933806449,0.0060128706,0.0309685904925452,0.00752234313025213,0.0222173083011398,0.0210491204928815,0.00468161261135381,0.096503326453473,0.0222597573502003,0.00259560253369208,0.0101368615486469,0.024314,0.248247078113832,0.00679138851057508
BL_39792,BL081211,2008-12-10,0.2-3 um,BBMO,2008,Dec,Winter,0.22550949273,0.28149550267,0.21789553652,0.9826696368,0.6886726827,2.2193176455,0.01960610257,0.73820837568,0.0981757425,0.318807773,0.120605761,0,0.0010744355,0,0,0.0010223899,538.524604958501,9.759120718,11.95670206,9.153015219,0.0038266887,0.0446419828310177,0.00686809461269036,0.0305429498736107,0.071053290817646,0.00104250935819031,0.0754535176578161,0.0197766572359296,0.00834263642955443,0.0206509931117583,0.030221,0.383343713964235,0.00869621404342439
BL_39827,BL090113,2009-01-14,0.2-3 um,BBMO,2009,Jan,Winter,0.2002542995,0.33872027425,0.42684579827,2.285993692,0.5243426837,7.5968008293,0.1165419198,0.87540843784,0.0911736326,0.13124377187,0.1192142237,0.00063740386,0.0093945665,0,0,0.00067485834,505.8383426255,7.0711204275,8.17160112,10.84366508,0.0085162536,0.023116,0.001939,0.013266,0.044345,0.008909,0.021458,0.006748,0.000482,0.004786,0.062652,0.296704608255823,0.003228
BL_39973,BL090609,2009-06-09,0.2-3 um,BBMO,2009,Jun,Summer,0.10449586616,0.26499347925,0.0197437374,0.0802436424,0.05514327223,0.78448671066,0.0018264928,0.13311447961,0.00265644622,0.0063661641,0.0047884858,0,0,0,0,0.00097018277,603.8430709895,31.8773819405,1.843888057,2.417453328,0.045557262,0.0212377034254118,0.00312081834857689,0.012479469828265,0.0555190355697985,0.00462841373986315,0.0379626750367865,0.0216774842248503,0.00113158273604668,0.00960565824133558,0.034031049539774,0.265522598702423,0.0102392160322807
BL_40029,BL090804,2009-08-04,0.2-3 um,BBMO,2009,Aug,Summer,0.1712386194,1.5742132738,0.2075832708,0,0,0.0190775813,0,0.4477877649,0,0.0218206264,0.0217026392,0,0,0,0,0,515.331165749001,65.76858726,5.55484639,8.235775226,0.209883441,0.0127190520438225,0.00523452798116184,0.00771686868523922,0.0207537116756391,0.000491716505166681,0.0412090401393362,0.0141815156941285,0.00181263282071729,0.0217786016907407,0.0147077799581114,0.178525649647461,0.00772776776607949
BL_40121,BL091105,2009-11-04,0.2-3 um,BBMO,2009,Nov,Autumn,0.19491097767,0.34482502439,0.1320469615,0.46692217243,0.6746660919,1.8921968201,0.00074406323,0.51308687267,0.01311349447,0.7684052054,0.0418999368,0,0,0,0,0,580.858053357799,25.4533857565,35.17982906,5.907114449,0.0052082105,0.031837,0.001203,0.024526,0.051707,0.004851,0.044872,0.01112,0.00457,0.032018,0.042786,0.353314683180525,0.009393
BL_40365,BL100706,2010-07-06,0.2-3 um,BBMO,2010,Jul,Summer,0.02814147104,0.12664245249,0.0209495723,0,0.0040360447,0.01267555067,0,0.2361331746,0,0.0052194642,0.0389154461,0,0,0,0,0,642.964538880499,7.907353178,0,2.371484681,0.0954730151,0.031966,0.009754,0.008519,0.047977,0.000697,0.033309,0.015548,0.007569,0.003173,0.015322,0.220209949816258,0.008078
BL_40393,BL100803,2010-08-03,0.2-3 um,BBMO,2010,Aug,Summer,0.02765370191,0.13698530566,0.04355948965,0.01186369079,0,0.24332143146,0.0010697392,0.21999907768,0.00578344,0.0113896351,0.03253178936,0,0,0,0,0.00062145287,685.224338461201,33.7418555177,0.795040891,3.3992456665,0.0852940483,0.014815,0.002491,0.007829,0.019712,0.001045,0.04227,0.01193,0.004497,0.016528,0.013377,0.163643278610087,0.005414
BL_40436,BL100914,2010-09-15,0.2-3 um,BBMO,2010,Sep,Autumn,0.0003745189,0.04948178279,0.00387495655,0,0.0014387982,0.09370686924,0,0.04528577304,0,0.1995435248,0.00237027952,0,0,0,0,0,744.588689276199,30.2707086849,4.226884158,0.7426248765,0.01100108653,0.018045,0.001811,0.006812,0.045553,0.001815,0.036306,0.014725,0.002341,0.015783,0.012039,0.171232505235251,0.006888
BL_40527,BL101214,2010-12-15,0.2-3 um,BBMO,2010,Dec,Winter,0.1913826377,0.1602576747,0.1278987212,1.0891859003,0.3624448411,6.6961058778,0.0010778406,0.5276493813,0.0229237362,0.10523910553,0.0453720384,0,0,0,0,0,634.122171731999,13.921286077,10.25541451,5.417854315,0,0.015795,0.001624,0.013646,0.014936,0.010021,0.030718,0.005844,0.006347,0.009237,0.065254,0.218704715492162,0.003669
BL_40555,BL110112,2011-01-12,0.2-3 um,BBMO,2011,Jan,Winter,0.00799915977,0.0016088309,0.0058759719,0.3769864908,0.0150073387,0.237482829,0.08532305587,0.02512408651,0.005723642,0.00340516865,0.00069992297,0,0.0028921952,0,0,0,553.076135337,14.9449909805,1.060152245,1.029474972,0,0.060772,0.009077,0.028098,0.086348,0.023553,0.062276,0.019174,0.027297,0.010144,0.166057,0.686494083359988,0.010742
BL_40582,BL110208,2011-02-08,0.2-3 um,BBMO,2011,Feb,Winter,0.6328343079,0.49045373128,0.267786066,7.9255556097,0.9503030865,7.3912450295,1.54663388814,2.128111756,0.0636389454,0.05726233044,0.2869819117,0,0.029128163,0,0.0033026584,0,414.870275521501,9.923467843,1.210385467,19.695452779,0.003551658,0.083352,0.006211,0.046368,0.102897,0.019075,0.148829,0.030877,0.025099,0.005956,0.140064,0.795738173792586,0.01141
BL_40616,BL110314,2011-03-14,0.2-3 um,BBMO,2011,Mar,Spring,0.0350885637,0.230460339,0.11434088217,1.9102084291,0.1774644529,1.2418523147,0.0604729281,0.33233579574,0,0.00323938423,0.08851146,0,0.00099602,0,0,0,680.217751214,13.385065318,0.438378258,6.353573038,0,0.103883,0.011353,0.037939,0.110553,0.02156,0.127206,0.027879,0.072787,0.028496,0.226451,1.04628986872681,0.02112
BL_40645,BL110413,2011-04-12,0.2-3 um,BBMO,2011,Apr,Spring,0.1506190999,0.25557374089,0.0342206659,0.0758494619,0.06280915727,0.06619672208,0,0.445250968,0,0.0005995152,0.0143166041,0,0,0,0,0,587.594014515501,27.366319735,1.120192314,5.012117055,0,0.051777,0.001101,0.038183,0.054094,0.000698,0.131006,0.030211,0.005996,0.02581,0.011415,0.42093320594734,0.010101
BL_40680,BL110517,2011-05-17,0.2-3 um,BBMO,2011,May,Spring,0.04381492618,0.46107923861,0.02239681425,0.02075352874,0,0.2117307026,0.0014248966,0.03398318932,0.0023468824,0.00464558666,0,0,0,0,0,0.0013996036,705.272301631998,12.698071818,0.802273715,0.979737336,0.0352336126,0.037851,0.003145,0.020004,0.071544,0.003232,0.062661,0.036369,0.002176,0.017906,0.035918,0.323695294144373,0.010791
BL_40709,BL110615,2011-06-15,0.2-3 um,BBMO,2011,Jun,Summer,0,0.13755576397,0.00841879651,0.00533675871,0.00469743305,0.05286359761,0,0.0154188796,0.00043542424,0,0,0,0,0,0,0,578.8810666035,1.8195899565,0.3870426415,0.705037718,0.068437623,0.045454,0.003229,0.008041,0.15794,0.001961,0.034162,0.061429,0.000619,0.005235,0.028372,0.371992823810699,0.013734
BL_40729,BL110705,2011-07-05,0.2-3 um,BBMO,2011,Jul,Summer,0.0236549579,0.27526033598,0.00669311594,0,0,0.02180828595,0,0.03727998953,0,0.00179254594,0.001283158,0,0,0,0,0.0010966315,758.2849890065,9.100125524,1.180095112,1.326926642,0.0207220078,0.017283,0.00391,0.013665,0.021451,0.000927,0.048169,0.01637,0.002581,0.010328,0.013779,0.166684560316025,0.005722
BL_40757,BL110802,2011-08-02,0.2-3 um,BBMO,2011,Aug,Summer,0.00400225241,0.22188194286,0.0009657335,0,0,0.29157116157,0.0048422664,0.02525301403,0.0074984775,0.0037543847,0.00805965687,0,0,0,0,0.00050709816,628.857360131,32.2426507875,1.752109891,0.634249389,0.0098760798,0.053607,0.011081,0.015041,0.034822,0.015308,0.079603,0.033016,0.056034,0.052474,0.100057,0.640586699260339,0.023712
BL_40799,BL110913,2011-09-13,0.2-3 um,BBMO,2011,Sep,Autumn,0.00274591607,0.14634694888,0.01151144289,0.01471840498,0.00377191836,0.20697813687,0.0006161725,0.02839925382,0.0191773567,0.01940410117,0.0026782248,0,0,0,0,0,741.591564954,26.5651150735,10.648741592,0.672007933,0.0121205812,0.021675,0.003568,0.009848,0.049357,0.006211,0.037923,0.015737,0.006264,0.052749,0.037897,0.307759032956378,0.013184
BL_40826,BL111010,2011-10-10,0.2-3 um,BBMO,2011,Oct,Autumn,0.06909006935,0.36974846286,0.03518359942,0,0.00371758713,0.06247983625,0,0.13406486376,0.00211043358,0.04674017589,0.0056213578,0,0,0,0,0.0015781855,752.4313283745,22.455457843,6.7528324465,1.602241279,0.0515885559,0.030687,0.003245,0.026362,0.029384,0.001365,0.113092,0.018913,0.001766,0.032621,0.035035,0.335792058016541,0.014898
BL_40876,BL111129,2011-11-29,0.2-3 um,BBMO,2011,Nov,Autumn,0.048450103,0.2561152291,0.06342112765,0.0521880486,0.0494007822,0.30749425348,0.02973012714,0.11666551701,0.0584846454,0.0191874472,0.0564279199,0,0,0,0,0.0012283161,674.751947440998,3.355201964,1.034439539,1.812152986,0.0105488287,0.338578,0.008164,0.043119,0.961425,0.007125,0.096667,0.113096,0.043238,0.006692,0.056211,2.1544366053948,0.045845
BL_40896,BL111219,2011-12-19,0.2-3 um,BBMO,2011,Dec,Winter,0.07407073201,0.33215747399,0.1096275482,0.29446839478,0.0936862441,1.6189169335,0,0.21698335142,0.0061666921,0.03585936219,0.0332135574,0,0,0,0,0.001936632,738.405737777999,4.6043261955,5.727260308,2.768630903,0.00354552316,0.086068,0.002141,0.032163,0.192278,0.011379,0.10264,0.031154,0.00874,0.019772,0.081873,0.730544973611377,0.01701
BL_40918,BL120110,2012-01-10,0.2-3 um,BBMO,2012,Jan,Winter,0.18003964416,0.3372507931,0.1814738937,0.6831888067,0.23160360113,2.2451778536,0.001029909,0.50935305061,0.0169397514,0.0539198309,0.0437993774,0,0,0,0,0.0009638911,708.988270629501,5.388490453,8.881581558,6.80842791,0,0.035234,0.001683,0.021951,0.046147,0.007963,0.070142,0.013473,0.007663,0.010228,0.05661,0.35405989195442,0.005383
BL_40953,BL120214,2012-02-14,0.2-3 um,BBMO,2012,Feb,Winter,0.202162131,0.38669892241,0.1471621682,3.4418477546,0.4255801531,3.1816787578,0.1680077809,1.24941064913,0.0420196574,0.12320659528,0.0891291826,0,0.0018391828,0,0,0,613.1751980865,4.4368519885,4.897067598,13.379081649,0,0.079414,0.005824,0.048632,0.074629,0.014056,0.126532,0.028408,0.0346,0.009032,0.093221,0.697903635750474,0.008619
BL_40981,BL120313,2012-03-13,0.2-3 um,BBMO,2012,Mar,Spring,0.1780148205,0.0964479785,0.1851150338,3.5098034857,0.1821233884,6.70454889453,0.22227183,1.84374694864,0.0567743061,0.07774293226,0.0221231722,0,0,0,0,0,609.478277061,0.816960931,1.030509833,7.76753018,0,0.057602,0.003094,0.0408,0.119619,0.020497,0.092012,0.033214,0.007457,0.005827,0.119451,0.705426952231038,0.010338
BL_41010,BL120411,2012-04-11,0.2-3 um,BBMO,2012,Apr,Spring,0.1250543434,0.24382698771,0.11251502275,2.63753198124,0.17984163372,0.9061128147,0.0457193802,0.24121747569,0.021716194,0,0.0676196679,0,0.0008758827,0,0,0,504.651737803001,82.107517762,0.734005454,6.055850949,0,0.08049,0.001901,0.055599,0.051347,0.013921,0.131696,0.029972,0.041393,0.05013,0.102954,0.781976249602727,0.016259
BL_41040,BL120511,2012-05-11,0.2-3 um,BBMO,2012,May,Spring,0.00107436639,0.16548145673,0.00809650795,0.02474025441,0.0128951906,0.09342624621,0,0.0260735012,0,0,0.00144580961,0,0,0,0,0,647.8357552795,1.6119444435,0,1.192227861,0,0.071326,0.014073,0.023393,0.181922,0.001749,0.083907,0.08251,0.0042,0.006269,0.010593,0.646517138288349,0.014365
BL_41080,BL120620,2012-06-20,0.2-3 um,BBMO,2012,Jun,Summer,0.04704218392,0.26699355299,0.01235642676,0.01787324587,0.0071115728,0.10610693064,0.00118920221,0.11813913598,0.00169304515,0.0006852759,0.0035818374,0,0,0,0,0,669.3841125945,27.4040686665,0.298292391,4.654946397,0.0276402166,0.061413,0.011945,0.013553,0.186236,0.001033,0.045759,0.034232,0.003687,0.010957,0.028963,0.536801693269831,0.011823
BL_41093,BL120703,2012-07-03,0.2-3 um,BBMO,2012,Jul,Summer,0.05432349691,0.38210164502,0.00727914244,0,0.0033766339,0.01897353188,0.0010601525,0.07251890264,0,0.0015267834,0.00370222523,0,0,0,0,0.0005755636,709.020071238998,15.357550845,0.493199603,4.332853715,0.1004684549,0.014494,0.00345,0.008497,0.015671,0.000579,0.035198,0.011469,0.002651,0.009809,0.0044,0.130226782650914,0.004292
BL_41128,BL120807,2012-08-07,0.2-3 um,BBMO,2012,Aug,Summer,0.03504911253,0.53295356723,0.0179992041,0,0,0.04873370963,0,0.16322783528,0,0.0034385525,0.0120436677,0,0,0,0,0,793.514794239499,13.140899918,0.441700066,1.317119789,0.029704033,0.017043,0.003129,0.008367,0.022338,0.000538,0.03864,0.014089,0.002362,0.033015,0.011397,0.185335602650072,0.005936
BL_41165,BL120913,2012-09-13,0.2-3 um,BBMO,2012,Sep,Autumn,0.0148248132,0.26733635681,0.00560843285,0,0,0.02646434204,0,0.04915861018,0.00051101745,0.0020057707,0.0015040394,0,0,0,0,0,707.649259677501,35.94240106,6.11906787,0.477078457,0.00864659044,0.014385,0.00165,0.012799,0.022136,0.001563,0.039794,0.010822,0.001709,0.028134,0.011643,0.164715007208845,0.005939
BL_41191,BL121009,2012-10-09,0.2-3 um,BBMO,2012,Oct,Autumn,0.0532377149,0.15694310871,0.02592699139,0.03386634981,0.0745652253,0.50663456093,0,0.07274897932,0.0029470311,0.02930093002,0.00401924785,0,0,0,0,0,709.9904504645,23.2186381435,13.648465896,0.99409171,0.0182912197,0.02981,0.005482,0.022117,0.04992,0.004061,0.064746,0.024866,0.004609,0.048432,0.043546,0.341408055399788,0.012551
BL_41219,BL121106,2012-11-06,0.2-3 um,BBMO,2012,Nov,Autumn,0.2137537057,0.57595405898,0.07756060323,0.6323523383,0.58412388456,1.3343436607,0.0005836565,0.47570624033,0.0313485319,0.10226038086,0.046040964,0,0,0,0,0.00078102906,622.9408193,21.536042748,6.773962085,4.549459142,0.0114734054,0.079044,0.008121,0.070443,0.118805,0.010884,0.156451,0.040503,0.021682,0.048297,0.087537,0.769663021970584,0.02024
BL_41289,BL130115,2013-01-15,0.2-3 um,BBMO,2013,Jan,Winter,0.1014075179,0.25086127001,0.11824032646,2.3323890132,0.1852744717,3.33120124244,0.0570929525,0.3039404697,0.0328049076,0.06064304455,0.06087578583,0,0,0,0,0,723.066466721998,3.7859677915,5.842017284,4.130957799,0,0.068625,0.008131,0.053828,0.064831,0.02736,0.124798,0.027014,0.034851,0.015727,0.158522,0.69005990142101,0.013243
BL_41311,BL130206,2013-02-06,0.2-3 um,BBMO,2013,Feb,Winter,0.0942872867,0.07624905193,0.04773764713,9.5379631097,0.1964605477,5.08074915435,0.2182053196,0.37764923891,0.0213574285,0.15045560016,0.0710900456,0,0.0012828079,0,0,0,625.212925711,6.847999131,3.303745913,4.2039925765,0,0.067058,0.004249,0.024437,0.105781,0.027129,0.086143,0.024573,0.026735,0.013595,0.164572,0.759781114963879,0.013728
BL_41345,BL130312,2013-03-12,0.2-3 um,BBMO,2013,Mar,Spring,0.1041781164,0.09080894838,0.1118653342,6.2549341274,0.4248911689,7.254905948,0.1112537135,0.61412386474,0.00313859616,0.08085328054,0.0480854776,0,0.0010963596,0,0,0,620.607058231,4.643366442,1.846179927,9.263523814,0,0.081633,0.004741,0.031617,0.156195,0.029059,0.092343,0.039578,0.033892,0.012072,0.182085,0.948847974185633,0.017667
BL_41381,BL130417,2013-04-17,0.2-3 um,BBMO,2013,Apr,Spring,0.0593334345,0.10318684116,0.02021080282,0.1245799976,0.0714021097,0.16134126369,0.0190331121,0.1559531205,0.0108637189,0,0.0273274502,0,0,0,0,0,699.889864440001,39.813174948,1.021341759,4.300874605,0,0.043319,0.000871,0.024771,0.032078,0.003186,0.078227,0.020458,0.023097,0.06166,0.032416,0.412089743691937,0.013929
BL_41401,BL130507,2013-05-07,0.2-3 um,BBMO,2013,May,Spring,0.01288020184,0.09385134786,0.01848819726,0.2914633972,0.0543786525,4.0309908216,0.00199234686,0.20237210086,0.00360341246,0.01269292265,0.0548568296,0,0,0,0,0,597.2718366225,9.5587293245,0,1.776257679,0,0.080581,0.001899,0.005829,0.173016,0.011857,0.019789,0.04214,0.022047,0.004845,0.068757,0.589402542790927,0.015548
BL_41487,BL130801,2013-08-01,0.2-3 um,BBMO,2013,Aug,Summer,0.05152945114,0.38695749075,0.01165195831,0,0,0.01046003443,0,0.13824182418,0,0.0033982034,0.0481693975,0,0,0,0,0,702.681280756499,28.8602924165,0.583169286,2.608585917,0.0245782859,0.013167,0.003222,0.004833,0.004751,0.000492,0.017622,0.004815,0.004101,0.011318,0.010248,0.115781172175131,0.002614
BL_41534,BL130917,2013-09-17,0.2-3 um,BBMO,2013,Sep,Autumn,0.01006276585,0.17474721166,0.0122385649,0,0.00755330752,0.03196508842,0,0.04572387109,0,0.1757143205,0.0021779772,0,0,0,0,0,777.0871757995,18.121256526,5.847265008,0.418609997,0.0092312753,0.013343,0.001362,0.007562,0.026626,0.001798,0.035565,0.009479,0.001449,0.016997,0.011116,0.144873662584219,0.005387
BL_41562,BL131015,2013-10-15,0.2-3 um,BBMO,2013,Oct,Autumn,0.06491858166,0.26731918761,0.0098405318,0,0.00104527716,0.05511125281,0,0.06967280128,0,0.01734699456,0.0031292164,0,0,0,0,0,675.212672750999,66.082324537,1.611634114,0.964451847,0.015653928,0.005562,0.001687,0.004539,0.003703,0.000348,0.013837,0.002474,0.001077,0.012133,0.004268,0.0628750827704954,0.001456
BL_41583,BL131105,2013-11-05,0.2-3 um,BBMO,2013,Nov,Autumn,0.0291287562,0.14949426507,0.0041957309,0,0.0246987723,0.02257473954,0,0.031610313,0.00060733804,0.0159734711,0,0,0,0,0,0,763.7018687595,15.1663792735,6.756073858,0.663814614,0.0103056973,0.016527,0.002002,0.011655,0.020261,0.000497,0.033036,0.006145,0.001744,0.010227,0.010749,0.147345380224017,0.003046
BL_41653,BL140114,2014-01-14,0.2-3 um,BBMO,2014,Jan,Winter,0.1631795355,0.13277955413,0.2171042612,3.1453959702,0.530955716,8.0248296024,0.0573002002,0.68155412395,0.02610989756,0.205991803,0.2252304415,0,0.0011857115,0,0,0,577.508847638001,10.6731568415,27.5196031,8.444656552,0,0.067894,0.00929,0.047007,0.039648,0.034812,0.102418,0.016876,0.022436,0.036358,0.231864,0.738109615919925,0.01493
BL_41681,BL140211,2014-02-11,0.2-3 um,BBMO,2014,Feb,Winter,0.0695371086,0.09419311341,0.09297359673,5.86067802,0.2581408187,2.566726017,0.72256796771,0.41372078921,0.0387172187,0.12067394816,0.1097762059,0,0.0022929606,0,0,0,663.823022874,7.9885438545,7.177212141,4.59400724,0,0.01793,0.003592,0.024827,0.095011,0.018723,0.077979,0.015093,0.009031,0.010879,0.112122,0.652093169156912,0.013753
BL_41708,BL140310,2014-03-10,0.2-3 um,BBMO,2014,Mar,Spring,0.13409370349,0.10724534464,0.0734575095,2.01212352172,0.16816684415,1.1372813341,0.08674600664,0.31962295344,0.01733803382,0.01350285305,0.1148549433,0,0,0,0,0,676.155838354,22.2143290755,14.106170931,4.610983941,0.0022711467,0.068521,0.004056,0.021853,0.028138,0.005992,0.091093,0.011117,0.016244,0.030971,0.039967,0.390460966252152,0.006257
BL_41736,BL140407,2014-04-07,0.2-3 um,BBMO,2014,Apr,Spring,0.10962087045,0.21455752114,0.0938267231,0.528443421,0.1200059414,0.72490437835,0,0.2234292031,0,0.0038741634,0.02602388325,0,0,0,0,0,739.689842317499,19.799206502,7.629794982,3.260049865,0,0.00075,0.001421,0.00784958466335849,0.017741,0.002174,0.023137,0.005429,0.002447,0.040788,0.019427,0.222355872900859,0.014286
BL_41764,BL140505,2014-05-05,0.2-3 um,BBMO,2014,May,Spring,0.1890396963,0.54623452016,0.03982766471,0.01673728711,0.01369767533,0.04218416794,0.002774705,0.27089260844,0,0.0235007036,0.0174865246,0,0,0,0,0.00078609254,746.455280125001,13.877456574,2.840036685,3.294853988,0.050372228,0.016007,0.001999,0.012991,0.012633,0.000545,0.047108,0.006216,0.002259,0.013416,0.013877,0.190760031918424,0.006102
BL_41792,BL140602,2014-06-02,0.2-3 um,BBMO,2014,Jun,Summer,0.1169522379,0.44823646386,0.08663012631,0.01897621182,0.0158329405,0.27281109096,0,0.23973299816,0,0.0101433639,0.009707686,0,0,0,0,0,733.549918455499,9.5434740645,1.219033674,2.670968757,0.102822752,0.005137,0.004374,0.020063,0.030533,0.004674,0.074456,0.02535,0.003308,0.019729,0.02226,0.222897643560538,0.016044
BL_41827,BL140707,2014-07-07,0.2-3 um,BBMO,2014,Jul,Summer,0.1050182019,0.2541519314,0.01219091986,0.00296186828,0,0.02963283893,0.0084763943,0.10644384679,0,0.00575195726,0,0,0,0,0,0.000652693,849.001801695,3.543193509,1.09180916,1.921906555,0.02750001525,0.005498,0.005136,0.017097,0.051826,0,0.058702,0.013598,0.003804,0.00647,0.029496,0.256475210891193,0.014614
BL_41855,BL140804,2014-08-04,0.2-3 um,BBMO,2014,Aug,Summer,0.00272958615,0.12609470037,0.011506064,0,0,0.01301204914,0,0.01845990484,0,0,0.0048947664,0,0,0,0,0,888.997852351999,7.197142468,2.308327974,0.6350540875,0.0223212028,0.070087,0.0351926421228367,0.00907,0.048948,0.000814,0.031746,0.019714,0.013063,0.020385,0.064654,0.50232901056146,0.0277
BL_41898,BL140916,2014-09-16,0.2-3 um,BBMO,2014,Sep,Autumn,0.0557975428,0.43624788902,0.02797046769,0,0,0.01816685575,0,0.11118560884,0.0008228369,0.0026226438,0.0076225366,0,0,0,0,0.0007391402,884.491478853499,1.824431794,9.6902065,1.920552641,0.074457903,0.017058,0.002435,0.011636,0.020801,0.001002,0.03925,0.009562,0.001531,0.012505,0.009806,0.137758772028104,0.00754
BL_41919,BL141007,2014-10-07,0.2-3 um,BBMO,2014,Oct,Autumn,0.02103480985,0.09230208957,0.00672303573,0,0,0.05595302198,0,0.03052244714,0.00361992541,0.0087847307,0.00227257998,0,0,0,0,0.0005845868,744.018192908198,37.790306319,7.8264135833,0.921543838,0.0178852557,0.010522,0.002192,0.012153,0.025319,0.000798,0.042805,0.006646,0.002322,0.021564,0.001421,0.262016141388524,0.016329
BL_41954,BL141111,2014-11-11,0.2-3 um,BBMO,2014,Nov,Autumn,0.09586558511,0.2976567656,0.0694822724,0.01011771427,0.045298453,0.05379181643,0,0.16985490424,0,0.0078583745,0.01667996976,0,0,0,0,0.0011462724,771.036276659502,10.40861162,8.175757832,1.368040192,0.0430736037,0.030513,0.004617,0.021417,0.050651,0.001549,0.07955,0.010861,0.002522,0.012157,0.01887,0.272463505357471,0.010958
BL_41989,BL141216,2014-12-16,0.2-3 um,BBMO,2014,Dec,Winter,0.12289238273,0.32104826945,0.0881813703,0.23170040004,0.0895206031,1.03951210817,0.03828964901,0.22099332606,0.0189139034,0.02122585322,0.1076760972,0,0,0,0,0.0008608677,642.162657675301,3.210116734,3.757601458,3.338900267,0.00345060833,0.065562,0.009945,0.036615,0.117152,0.000922,0.07653,0.015928,0.018343,0.004615,0.058793,0.596326555859473,0.014747
MOLA_43857,PICO_MO200127_5,2020-01-27,0.2-3 um,MOLA,2020,Jan,Winter,0.0921711811,0.18504199983,0.0379583331,2.21156168616,0.2414986326,0.903639718,0.0235072504,0.34031284477,0.0029925764,0.04765907021,0.0294891998,0,0,0,0,0,737.977151312499,4.920292605,5.626082828,3.245139477,0,0.0409,0.0045,0.0307,0.0494,0.0113,0.0599,0.0194,0.0153,0.0105,0.0367,0.3503,0.0114
MOLA_44005,PICO_MO200625_5,2020-06-23,0.2-3 um,MOLA,2020,Jun,Summer,0.14940697475,0.82563589996,0.0229379502,0,0.0130211873,0.0020929999,0,0.1847959817,0,0.0449770982,0,0,0,0,0,0,753.955824602999,16.591232903,1.732580005,3.290702681,0.1963442988,0.0143,0.0028,0.0098,0.0201,0,0.0292,0.0187,0,0.0316,0.0036,0.1398,0.0081
MOLA_44033,PICO_MO200721_5,2020-07-21,0.2-3 um,MOLA,2020,Jul,Summer,0.1573293172,0.60012010991,0.0472869126,0.01543963631,0.0082598791,0.00654272206,0,0.2037778114,0,0.0159493659,0.0050344169,0,0,0,0,0,787.243842524499,10.618964872,3.38448336,2.197588217,0.168894745,0.0072,0.0026,0.0058,0.0074,0,0.0173,0.0091,9e-04,0.0211,0.0028,0.0908,0.006
MOLA_44068,PICO_MO200825_5,2020-08-25,0.2-3 um,MOLA,2020,Aug,Summer,0.0970270554,0.40972608962,0.0090634478,0,0,0,0,0.11350459754,0,0.01334376864,0.0022208956,0,0,0,0,0,830.028363719502,22.888310559,3.98952859,1.481020949,0.0305058218,0.008,0.0022,0.0047,0.0049,0,0.0167,0.0041,7e-04,0.0257,0.0017,0.0869,0.0056
MOLA_44231,PICO_MO210204_5,2021-02-04,0.2-3 um,MOLA,2021,Feb,Winter,0.247751396,0.1673525138,0.1089857641,4.465817145,0.3982242899,2.456796975,0.507020358,1.1909901505,0.1056583621,0.0852884565,0.1094341717,0,0.0069455929,0,0,0,629.905677459,4.731536022,6.825836509,13.156888263,0,0.0844,0.011,0.0437,0.105,0.0123,0.0873,0.0286,0.0298,0.0097,0.0434,0.5949,0.0188
MOLA_44258,PICO_MO210303_5,2021-03-03,0.2-3 um,MOLA,2021,Mar,Spring,0.2544250914,0.31109687428,0.45350030416,3.3224534894,0.3287435007,3.2928801923,0.04330179196,0.77244278786,0.0081909822,0.02884187974,0.1068647741,0,0.002260425,0,0,0,661.442989270997,20.386183035,6.556628257,5.302639503,0.0013989767,0.0966,0.0105,0.0399,0.0427,0.0259,0.1665,0.0289,0.07,0.0375,0.0768,0.7466,0.0331
MOLA_44398,PICO_MO210721_5,2021-07-21,0.2-3 um,MOLA,2021,Jul,Summer,0.06720449309,0.29255305565,0.03129082203,0.02475201464,0.0406855659,0.00265622009,0.00376668134,0.06967509754,0,0.00422332217,0.00339015147,0,0.0029865557,0,0.0013729217,0,787.2302361262,7.4868984408,0.7998890517,4.099572372,0.0120454439,0.0055,0.0026,0.0026,0.0039,0,0.0082,0.0037,0,0.016,0.0026,0.0671,0.0041
SO_42009,NANO_SO150105,2015-01-05,3-20 um,SOLA,2015,Jan,Winter,0.6268562758,0.3333474438,0.182297874,0.6886929661,0.5260701118,10.5925060422,2.4704271331,1.882290709,0.390013324,0.1523223484,0.1925232482,0,0.0185163486,0,0.006057499,0,190.51742077,49.799485866,0.127283089,6.39901714,0.0200172232,0.0556027662838696,0.0283940546418504,0.101791476370363,0.337109933117282,0.0536197513398915,0.184049837087061,0.049771263417539,0.0296280805563907,0.0258168951175379,0.103283103200715,0.536623455649345,0.00948014250934881
SO_42009,PICO_SO150105,2015-01-05,0.2-3 um,SOLA,2015,Jan,Winter,0.23267769318,0.2605076935,0.19789262693,0.8133214234,0.26285151231,7.63945454318,0.04415887677,0.71369594315,0.0571991546,0.04723134695,0.1003093798,0,0,0,0,0,672.835173362703,2.1530971989,7.923318708,8.353803594,0.00646652,0.0556027662838696,0.0283940546418504,0.101791476370363,0.337109933117282,0.0536197513398915,0.184049837087061,0.049771263417539,0.0296280805563907,0.0258168951175379,0.103283103200715,0.536623455649345,0.00948014250934881
SO_42012,NANO_SO150108,2015-01-08,3-20 um,SOLA,2015,Jan,Winter,0.5067149389,0.4636507004,0.4643069535,1.6644045029,0.5497258203,15.4157915806,1.5723347221,2.108383231,0.432756894,0.0847599127,0.24027362,0,0.013139946,0,0.0060612266,0,219.602973739,11.307691894,0.060708663,3.951019058,0.009974569,0.0818311895631379,0.0326197640211828,0.0830825475540901,0.651293415645519,0.0562171384826734,0.166376582686801,0.0713939081305164,0.0327885267267207,0.0191133438807658,0.119823496404942,0.738938483919074,0.0146938803577567
SO_42012,PICO_SO150108,2015-01-08,0.2-3 um,SOLA,2015,Jan,Winter,0.090165551,0.12797109876,0.13291255188,0.66518730504,0.22114671562,4.11115253288,0.0297814534,0.53964667484,0.040222913,0.03481929475,0.0411497588,0,0,0,0,0,726.763731780202,3.1809467155,8.074311974,4.772567763,0.00441712,0.0818311895631379,0.0326197640211828,0.0830825475540901,0.651293415645519,0.0562171384826734,0.166376582686801,0.0713939081305164,0.0327885267267207,0.0191133438807658,0.119823496404942,0.738938483919074,0.0146938803577567
SO_42019,NANO_SO150115,2015-01-15,3-20 um,SOLA,2015,Jan,Winter,0.2482563635,0.22067317596,0.2017716596,1.1280333794,0.2965069244,6.76596951232,0.8846952738,1.2181463708,0.257158954,0.06259564317,0.0954486869,0,0.0124306493,0,0,0,357.968722761,22.268874514,0.667074954,4.374995504,0.0119792055,0.0925795331967399,0.026974251886041,0.0581609172095282,0.847058210608558,0.0448388449255832,0.187791355404716,0.0813135204305508,0.0303935069367367,0.0178431432130061,0.0943914729921177,0.817988052393714,0.0160023929202727
SO_42019,PICO_SO150115,2015-01-15,0.2-3 um,SOLA,2015,Jan,Winter,0.0448532818,0.0944626625,0.0943286495,0.5985027149,0.0919451099,2.22565684906,0.0392874185,0.30551410527,0.0334053057,0.0145160422,0.0237090469,0,0,0,0,0,739.417011239499,2.3908812045,3.385773,2.519715437,0.005200489,0.0925795331967399,0.026974251886041,0.0581609172095282,0.847058210608558,0.0448388449255832,0.187791355404716,0.0813135204305508,0.0303935069367367,0.0178431432130061,0.0943914729921177,0.817988052393714,0.0160023929202727
SO_42026,PICO_SO150122,2015-01-22,0.2-3 um,SOLA,2015,Jan,Winter,0.0349192442,0.07144870074,0.05424795629,0.36342710507,0.05569753774,0.7694071536,0.0479065236,0.2126144929,0.065999927,0.00773607319,0.02803661764,0,0,0,0,0,782.742903292501,1.144535585,2.721120725,2.693408647,0.0034895588,0.154714512389392,0.0369072041877404,0.0828730251410803,1.3366526224432,0.0270355981601028,0.268263385871205,0.140825758968947,0.0548770880741979,0.0172794477867342,0.0707047009359782,1.2367775522068,0.0207699293152953
SO_42026,NANO_SO150122,2015-01-22,3-20 um,SOLA,2015,Jan,Winter,0.0383061722,0.0337530443,0.01866221323,0.14780346774,0.03933354,0.7283186197,0.1852910592,0.2344304147,0.0520088008,0.03085856079,0.01924680357,0,0.005005813,0,0,0,355.1607153935,35.2097059105,0.033176057,1.300170585,0.008984245,0.154714512389392,0.0369072041877404,0.0828730251410803,1.3366526224432,0.0270355981601028,0.268263385871205,0.140825758968947,0.0548770880741979,0.0172794477867342,0.0707047009359782,1.2367775522068,0.0207699293152953
SO_42033,PICO_SO150129,2015-01-29,0.2-3 um,SOLA,2015,Jan,Winter,0.20715890063,0.29456728975,0.20595943383,0.97269262523,0.2373476761,3.17232467329,0.1467174189,0.79845012104,0.0793202224,0.03197221026,0.0806685532,0,0.0016746611,0,0.0020105976,0,704.787892585301,1.8337380011,2.619972272,6.722183314,0.0045443994,0.178390767812459,0.0461940639611624,0.136967128255889,1.35317486971758,0.0333303817595723,0.384976584562625,0.166883314974578,0.0647154466406895,0.0165576420565862,0.0867681251190672,1.3560960136261,0.0237022605450588
SO_42033,NANO_SO150129,2015-01-29,3-20 um,SOLA,2015,Jan,Winter,0.199141019,0.14180779285,0.0710061106,0.33984559622,0.1768629959,2.08525352756,0.4745637135,0.9051323271,0.0905377622,0.0573288299,0.0698548441,0,0.0139784138,0,0,0,216.998400557,33.175886313,0.097041917,0.739065896,0.003568281,0.178390767812459,0.0461940639611624,0.136967128255889,1.35317486971758,0.0333303817595723,0.384976584562625,0.166883314974578,0.0647154466406895,0.0165576420565862,0.0867681251190672,1.3560960136261,0.0237022605450588
SO_42039,NANO_SO150204,2015-02-04,3-20 um,SOLA,2015,Feb,Winter,0.144493953,0.1394192793,0.0803406843,1.1806720499,0.162518048,3.26048798573,0.8612307199,0.7399337418,0.127155657,0.03589003495,0.0747214931,0,0.0086112097,0,0,0,379.775412977,21.553461624,0.064219592,4.140063718,0.00722843,0.124671927947313,0.0282510985061832,0.0851118948847626,1.08818499044509,0.0315801736081153,0.224788729650005,0.113219404966186,0.048529330936445,0.0134907733356303,0.0930802438569045,1.05388480675791,0.0211479686387403
SO_42039,PICO_SO150204,2015-02-04,0.2-3 um,SOLA,2015,Feb,Winter,0.0928772136,0.16530255128,0.11847207483,1.29367321898,0.1368245318,2.66834216935,0.1047026766,0.40240753251,0.0363639762,0.02207826736,0.056344761,0,0,0,0,0,744.458519571,1.4618677616,2.250981451,4.648977772,0.00322783,0.124671927947313,0.0282510985061832,0.0851118948847626,1.08818499044509,0.0315801736081153,0.224788729650005,0.113219404966186,0.048529330936445,0.0134907733356303,0.0930802438569045,1.05388480675791,0.0211479686387403
SO_42044,NANO_SO150209,2015-02-09,3-20 um,SOLA,2015,Feb,Winter,0.1561174747,0.20427717363,0.1412818978,1.4500787051,0.1456414325,2.2557507436,0.782753499,0.48209114,0.1095959385,0.03641333316,0.1230777625,0,0.0052036502,0,0,0,411.1099809915,7.0680101935,0.018222457,3.00318773,0.005820342,0.164720407438678,0.0517946210268494,0.0511741312852671,1.48679110643748,0.0227464831330694,0.143893127113816,0.157013443133488,0.0581302864612492,0.00866104140950289,0.062814679613819,1.34294310691563,0.0271224747412464
SO_42044,PICO_SO150209,2015-02-09,0.2-3 um,SOLA,2015,Feb,Winter,0.033363114,0.06030185686,0.0584181692,0.43782495659,0.04613128154,0.54103021746,0.0221916622,0.11102598127,0.0077142226,0.00690770014,0.01632718909,0,0,0,0,0,790.569206481801,0.659628161,0.7651422621,1.8748569594,0,0.164720407438678,0.0517946210268494,0.0511741312852671,1.48679110643748,0.0227464831330694,0.143893127113816,0.157013443133488,0.0581302864612492,0.00866104140950289,0.062814679613819,1.34294310691563,0.0271224747412464
SO_42051,PICO_SO150216,2015-02-16,0.2-3 um,SOLA,2015,Feb,Winter,0.0176073383,0.03964194988,0.05159757087,1.00040170114,0.03536822297,0.94443820045,0.11502022706,0.09715887239,0.0235434688,0.0078085515,0.01377778451,0,0,0,0,0,776.320445522501,1.7452425578,1.2717847635,2.608241654,0.0030666569,0.14226821946975,0.0439504599888095,0.0536110628916667,1.3129586167419,0.0659282205496428,0.0574921851257143,0.113539634990952,0.0481240661654762,0.0133038807188571,0.137981081844048,1.27604222109357,0.0314923261522024
SO_42051,NANO_SO150216,2015-02-16,3-20 um,SOLA,2015,Feb,Winter,0.0469253366,0.05885181287,0.0622495711,0.93400900467,0.05802876085,1.94786539474,0.5455494583,0.20643739584,0.0427447828,0.03077654083,0.0317160141,0,0.0062544919,0,0,0,392.8221556375,20.4525490385,0.017238796,2.091903319,0.0077747228,0.14226821946975,0.0439504599888095,0.0536110628916667,1.3129586167419,0.0659282205496428,0.0574921851257143,0.113539634990952,0.0481240661654762,0.0133038807188571,0.137981081844048,1.27604222109357,0.0314923261522024
SO_42058,PICO_SO150223,2015-02-23,0.2-3 um,SOLA,2015,Feb,Winter,0.0289610888,0.12116304716,0.0792907549,2.43654065001,0.03200210937,1.54666910335,0.0814818389,0.1518491704,0.0251600663,0.0086485052,0.05406476068,0,0,0,0,0,753.612472990999,1.482536938,1.1099566395,3.6904241115,0.0042070067,0.154365699703359,0.0645366848671875,0.0634398195390625,1.175487104425,0.0826681934507812,0.177241955784375,0.147423107528906,0.0888819063515625,0.0135407762880469,0.150333094140625,1.23663636447578,0.0286952484928125
SO_42058,NANO_SO150223,2015-02-23,3-20 um,SOLA,2015,Feb,Winter,0.0235353203,0.0838008414,0.03368236764,0.9970451086,0.0184678754,1.1737745105,0.1262001297,0.1305349011,0.02012818597,0.01714793594,0.0359787477,0,0.0060254409,0,0,0,333.2255938995,32.340030277,0,0.846830178,0.0065005464,0.154365699703359,0.0645366848671875,0.0634398195390625,1.175487104425,0.0826681934507812,0.177241955784375,0.147423107528906,0.0888819063515625,0.0135407762880469,0.150333094140625,1.23663636447578,0.0286952484928125
SO_42067,NANO_SO150304,2015-03-04,3-20 um,SOLA,2015,Mar,Spring,0.1352647208,0.173719132,0.04273900261,1.09389310882,0.0813294585,0.97374772296,0.9266558082,0.59280281356,0.0777867019,0.0361637903,0.1442684509,0,0.0169766966,0,0.0035669392,0,283.137695206001,28.1743701755,0,1.552682505,0.0057234943,0.1306602425898,0.130173094986,0.1050467707575,0.696856770534,0.04163009766375,0.36293646545775,0.097858667456,0.123105612344,0.0101897303949,0.10362991161875,1.108787655965,0.019538374107775
SO_42067,PICO_SO150304,2015-03-04,0.2-3 um,SOLA,2015,Mar,Spring,0.1131311047,0.23072806846,0.05052264314,1.99752666645,0.0759586971,0.676468713490001,0.3543264412,0.4102757171,0.0965940469,0.0111443006,0.1303273245,0,0,0,0,0,776.866682048001,1.640585834,1.129119509,7.178569381,0.0010535057,0.1306602425898,0.130173094986,0.1050467707575,0.696856770534,0.04163009766375,0.36293646545775,0.097858667456,0.123105612344,0.0101897303949,0.10362991161875,1.108787655965,0.019538374107775
SO_42074,PICO_SO150311,2015-03-11,0.2-3 um,SOLA,2015,Mar,Spring,0.3599422165,0.27160529334,0.06077468387,3.74460552336,0.25881282537,2.06284890525,0.1859632794,1.29678984221,0.126593897,0.04492491794,0.2132972519,0,0.0055649342,0,0.0021642523,0,722.664209723201,2.9619269742,1.1547510601,11.789828334,0.0054591771,0.170139606945,0,0.208324098074074,0.511130672696296,0.0249996173166667,0.854004018116666,0.177499387588889,0.147733333753704,0.0252388629716667,0.0906582326018518,1.18431729191852,0.020263054625
SO_42079,NANO_SO150316,2015-03-16,3-20 um,SOLA,2015,Mar,Spring,0.0689477212,0.0275213027,0.0035355914,1.1575130498,0.0735808063,0.8521160204,0.0703723851,0.3657577401,0.0208807506,0.0155943957,0.0647112046,0,0.0099462805,0,0,0,264.067662329,67.260323143,0,0.938288275,0.0027140367,0.153809760923645,0.0779084539323026,0.187474847671711,0.624961966714474,0.0373416761874671,0.750465568310526,0.129963538854671,0.103843597790625,0.0372603519251941,0.125301460686513,1.31978361387332,0.0214833946659803
SO_42079,PICO_SO150316,2015-03-16,0.2-3 um,SOLA,2015,Mar,Spring,0.0590989895,0.07214883662,0.02050317439,2.62409387045,0.0585682083,0.8413238614,0.07967669771,0.3151933273,0.04143712784,0.01663008,0.071685464,0,0,0,0,0,814.116015417,2.1038834665,1.7022863865,4.591748718,0,0.153809760923645,0.0779084539323026,0.187474847671711,0.624961966714474,0.0373416761874671,0.750465568310526,0.129963538854671,0.103843597790625,0.0372603519251941,0.125301460686513,1.31978361387332,0.0214833946659803
SO_42082,PICO_SO150319,2015-03-19,0.2-3 um,SOLA,2015,Mar,Spring,0.06209691486,0.04667666499,0.02581906198,1.0682040345,0.0503402935,0.33027284361,0.04833642419,0.18483428052,0.03411580287,0.005268097,0.04920259971,0,0,0,0,0,798.887582505,8.228052718,1.235618643,2.917408724,0,0.1461703092234,0.0951943423346667,0.153929572453333,0.318342938176,0.02285011751,0.605294061346,0.130224694351333,0.217288722955333,0.0351568351224,0.0750931205933333,1.03803131778267,0.028869326553
SO_42086,PICO_SO150323,2015-03-23,0.2-3 um,SOLA,2015,Mar,Spring,0.0700312613,0.14423651205,0.0949920505,1.6728945514,0.0372352693,0.82900139803,0.1651321526,0.1650700233,0.056231487,0.0022296904,0.2085684714,0,0,0,0.004049747,0,689.080404293,7.157225519,0.508852278,6.204386764,0.0030470977,0.121520225800658,0.107864147165789,0.0680077678947368,0.444762860494737,0.0375732074328947,0.409132211332895,0.0924126729302631,0.183682594613158,0.0337922881176316,0.0933907055921052,1.11190712996184,0.0214672036127632
SO_42093,PICO_SO150329,2015-03-30,0.2-3 um,SOLA,2015,Mar,Spring,0.0502821216,0.17305347353,0.18493942403,1.6059736963,0.0423741477,1.05252851907,0.10475863655,0.10793595257,0.0320467318,0.00331117945,0.09718222546,0,0,0,0,0,707.943005109203,9.462673757,0.279395159,4.485738436,0.0023103969,0.11466940122,0.0719722509,0.0866270984714286,0.552523064422857,0.0530990779457143,0.326794858037143,0.112289583728571,0.153911898163571,0.0414880257593571,0.101356703682143,1.06983120106786,0.0277314376153571
SO_42114,PICO_SO150420,2015-04-20,0.2-3 um,SOLA,2015,Apr,Spring,0.0014251581,0.09045721267,0.00208028647,0.0614339297,0,0.04460822824,0.27552735283,0.00408475246,0.0059970599,0,0.008111249,0,0,0,0,0,839.851537831496,22.482110085,0.514348533,4.399367185,0.0012959568,0.11492250195195,0.038832789105,0.060825203725,1.013415748072,0,0.2014763373075,0.1477439800725,0.0384458945475,0.06616036528875,0.03181487397,0.9852841133185,0.03087721105675
SO_42114,NANO_SO150420,2015-04-20,3-20 um,SOLA,2015,Apr,Spring,0,0.1777982022,0,0,0,0.006433425,0.007090657,0.0137726695,0,0,0.0100417641,0,0,0,0,0,263.671926134499,153.310578376,0,0.055786778,0.0031427229,0.11492250195195,0.038832789105,0.060825203725,1.013415748072,0,0.2014763373075,0.1477439800725,0.0384458945475,0.06616036528875,0.03181487397,0.9852841133185,0.03087721105675
SO_42121,NANO_SO150427,2015-04-27,3-20 um,SOLA,2015,Apr,Spring,0,0.1398533901,0,0,0,0,0.0038042032,0.00685965936,0,0,0,0,0,0,0,0,248.1016099305,52.157087318,0,0.0704852,0.0011995664,0.2196583267725,0.06707602055,0.10773727875,1.6674783076,0,0.45235142775,0.26242524185,0.046444722775,0.0296817573825,0.05404471325,1.4373178668,0.0431851346
SO_42121,PICO_SO150427,2015-04-27,0.2-3 um,SOLA,2015,Apr,Spring,0.0004992964,0.0364774937,0,0,0,0,0.05036939147,0.00370651226,0.00044078907,0,0.0010357025,0,0,0,0,0,865.413401046198,7.868991399,0.043146096,2.78749593,0.000711781,0.2196583267725,0.06707602055,0.10773727875,1.6674783076,0,0.45235142775,0.26242524185,0.046444722775,0.0296817573825,0.05404471325,1.4373178668,0.0431851346
SO_42128,NANO_SO150504,2015-05-04,3-20 um,SOLA,2015,May,Spring,0,0.0889415356,0,0,0,0,0.00090946484,0.0214393905,0,0.0010372424,0.0067797387,0,0,0,0.008494565,0,247.311393271,22.7741223195,0,0.15350914,0.0029660577,0.169797922934062,0.0674665254083333,0.109748241333333,0.936475152808333,0,0.44061301781875,0.235189056282292,0.06556843033125,0.01870480988625,0.0453045545104167,0.97501485388125,0.0263573218114583
SO_42128,PICO_SO150504,2015-05-04,0.2-3 um,SOLA,2015,May,Spring,0,0.0318715521,0,0,0,0,0.0305984264,0.0157314328,0,0,0,0,0,0,0,0,637.8186077265,17.72650325,0.014646788,1.729431788,0,0.169797922934062,0.0674665254083333,0.109748241333333,0.936475152808333,0,0.44061301781875,0.235189056282292,0.06556843033125,0.01870480988625,0.0453045545104167,0.97501485388125,0.0263573218114583
SO_42156,PICO_SO150601,2015-06-01,0.2-3 um,SOLA,2015,Jun,Summer,0.06973767622,0.27979394056,0.01433645397,0.0201461253,0.0107223461,0.04958998917,0.00648092203,0.11661618672,0.00087180658,0.0006471311,0.0242208038,0,0,0,0,0,694.064836614303,24.6621471441,0.858707082,12.953495697,0.0659787333,0.0465123537639172,0.0307347990343949,0.0910100461592357,0.131863951240764,0,0.224903194872611,0.0887245432203821,0.0268006358203822,0.0601959438771019,0.0129213368598726,0.272911875056051,0.00987551118515924
SO_42156,NANO_SO150601,2015-06-01,3-20 um,SOLA,2015,Jun,Summer,0.762863484,1.0304784817,0.1231079528,0.0826782957,0.0992131615,0.4645427149,0.0854684986,1.5810231684,0.0097564348,0.060734233,0.2364194175,0,0,0,0,0,270.426774167,55.410399527,0,4.11534653,0.492446385,0.0465123537639172,0.0307347990343949,0.0910100461592357,0.131863951240764,0,0.224903194872611,0.0887245432203821,0.0268006358203822,0.0601959438771019,0.0129213368598726,0.272911875056051,0.00987551118515924
SO_42177,NANO_SO150622,2015-06-22,3-20 um,SOLA,2015,Jun,Summer,0.1701968828,0.6895464326,0.0197398,0,0,0.0511200798,0.0188345266,1.1447695432,0.0033462057,0.0478256178,0.073240856,0,0,0,0,0,325.740166933,11.911555931,0,2.027619874,0.176757911,0.185068621431805,0.139901244853624,0.269137955550809,0.973737691171257,0.0595468362713379,0.562265621124273,0.155481614323412,0.154806028171043,0.0242514124318926,0.144911297249789,1.52206514460625,0.0208952725566172
SO_42177,PICO_SO150622,2015-06-22,0.2-3 um,SOLA,2015,Jun,Summer,0.00235538,0.0733818743,0,0,0,0.00144686597,0.0037312153,0.1037159795,0,0.0041532098,0.0031897281,0,0,0,0.0043318635,0,631.075435799,22.94836394,0.047495935,11.378516311,0.032066097,0.185068621431805,0.139901244853624,0.269137955550809,0.973737691171257,0.0595468362713379,0.562265621124273,0.155481614323412,0.154806028171043,0.0242514124318926,0.144911297249789,1.52206514460625,0.0208952725566172
SO_42184,PICO_SO150629,2015-06-29,0.2-3 um,SOLA,2015,Jun,Summer,0.1077402289,0.61807068039,0.01939336194,0,0.0096195015,0.0154559227,0,0.35378743905,0,0.002973224,0.0057763823,0,0,0,0,0.0005602074,657.6091972839,21.6888691745,0.264561423,5.068648276,0.4194548848,0.0160017765554972,0.0178765669382369,0.0347410224248234,0.042064434114915,0.0227614052513589,0.122357303494674,0.0501628234228782,0,0.0250863466889727,0,0.160909163199571,0.00537711499677629
SO_42200,NANO_SO150715,2015-07-15,3-20 um,SOLA,2015,Jul,Summer,0.3477044025,2.360433572,0.0799944232,0,0.0278128241,0.1412369627,0.239873765,2.8905549029,0.438549509,0.8071822335,0.3012808505,0,0.018679356,0,0.04267106,0,198.241547223,23.853025538,0,5.69939462,0.610443186,0.0138672108737159,0.013490322130149,0.033115826169165,0.0554940580969255,0.012112918305594,0.105890679929582,0.0449252896519726,0,0.0324089889529291,0.00946929786448602,0.150875966505368,0.00711306574715284
SO_42200,PICO_SO150715,2015-07-15,0.2-3 um,SOLA,2015,Jul,Summer,0.0660093792,0.34324852453,0.01997071265,0.01099594271,0.0093005544,0.16079744773,0.0038120798,0.1446057476,0.0076460244,0.0022846529,0.0009393678,0,0,0,0,0,775.580853664499,12.4576464485,0.80515796,4.371338078,0.0791228086,0.0138672108737159,0.013490322130149,0.033115826169165,0.0554940580969255,0.012112918305594,0.105890679929582,0.0449252896519726,0,0.0324089889529291,0.00946929786448602,0.150875966505368,0.00711306574715284
SO_42205,NANO_SO150720,2015-07-20,3-20 um,SOLA,2015,Jul,Summer,0.2171017852,0.7177844027,0.0447713768,0,0.00286484,0.0639104628,0.025144486,0.6735089795,0.0163016642,0.3597490618,0.139534796,0,0.0044625504,0,0.03158046,0,271.327602473,127.240284589,0,0.590842635,1.4931602497,0.0171548501245118,0.0246328925566923,0.0390257946607009,0.0644848775080748,0,0.124741016823793,0.0638353459687908,0.00237889660475164,0.0432047626996431,0.0116898893180698,0.187130097227747,0.00842058479913634
SO_42205,PICO_SO150720,2015-07-20,0.2-3 um,SOLA,2015,Jul,Summer,0.1157260167,0.47538171895,0.03463905425,0.02999333505,0.02099277,0.0927740055,0,0.14001539782,0.00167589923,0.002266238,0.00436910494,0,0,0,0,0,768.523319031503,9.91331544450001,0.895626157,3.928571541,0.0649554119,0.0171548501245118,0.0246328925566923,0.0390257946607009,0.0644848775080748,0,0.124741016823793,0.0638353459687908,0.00237889660475164,0.0432047626996431,0.0116898893180698,0.187130097227747,0.00842058479913634
SO_42233,NANO_SO150817,2015-08-17,3-20 um,SOLA,2015,Aug,Summer,0.030673753,0.548558532,0.027584579,0,0,0.0036556795,0.020343993,0.6125487626,0.0299312316,0.1492001525,0.124473742,0,0,0,0.023587195,0,232.464989035,72.032319843,0,0.4172515,0.392825972,0.0225364312106198,0.0173223999517212,0.0287951129947219,0.0889992718786227,0.0109822553974213,0.121391289862194,0.0416172361349312,0.00739281237605183,0.0420215830951574,0.0110345009829738,0.210538413804566,0.00736086755458297
SO_42233,PICO_SO150817,2015-08-17,0.2-3 um,SOLA,2015,Aug,Summer,0.00962302053,0.07920183988,0.0032892046,0.01665902325,0.00564855044,0.0614632876,0,0.03784955633,0.00073419005,0,0.00073999417,0,0,0,0,0,839.523915083999,16.7356463565,3.485696075,1.317161877,0.0418114822,0.0225364312106198,0.0173223999517212,0.0287951129947219,0.0889992718786227,0.0109822553974213,0.121391289862194,0.0416172361349312,0.00739281237605183,0.0420215830951574,0.0110345009829738,0.210538413804566,0.00736086755458297
SO_42240,PICO_SO150824,2015-08-24,0.2-3 um,SOLA,2015,Aug,Summer,0.0843355225,0.19707971788,0.01809840189,0.1590815782,0.0932097391,0.1915162887,0,0.13318082915,0.0119695992,0.02902321895,0.0059156491,0,0,0,0,0,734.371529939998,29.2947277565,9.7162185,2.564725679,0.0441791631,0.0221539883639135,0.0159031233852781,0.050096974694252,0.0940312662673941,0,0.147683261464241,0.0700004951069748,0.00994050657116564,0.0935546178400929,0.0173766299798735,0.27863088522927,0.00970759519312405
SO_42247,PICO_SO150831,2015-08-31,0.2-3 um,SOLA,2015,Aug,Summer,0.07157545434,0.17291901873,0.02959979149,0.0654580147,0.0169716475,0.09103453255,0.002502455,0.09637627153,0.03658448283,0.00218088674,0.0021337531,0,0,0,0,0,685.647022626499,41.284130733,8.337368624,1.718307789,0.06226319534,0.0197484547885917,0.0144370882747816,0.0316678536606492,0.133714379036332,0.0103638052106043,0.0943000234201649,0.0351132076739771,0.00393020709922955,0.0649529438869501,0.0193922033904358,0.226812085476499,0.00761691654417663
SO_42254,PICO_SO150907,2015-09-07,0.2-3 um,SOLA,2015,Sep,Autumn,0.0415800278,0.09708199334,0.0190189451,0,0.00112353451,0.00516946438,0,0.08711848231,0.0083143975,0.0037420837,0.00276014544,0,0,0,0,0,746.900231579499,18.841984295,3.447233065,3.250188433,0.1393660326,0.037503921334498,0.00898145778175786,0.0447139898463438,0.233405319894839,0.0113082145833246,0.12555361759992,0.0526921991178134,0.00448026842799316,0.0314067542432553,0,0.289444720862782,0.00662718293097349
SO_42254,NANO_SO150907,2015-09-07,3-20 um,SOLA,2015,Sep,Autumn,0.2367322296,0.4051458889,0.09684447,0.0134254611,0.0130150325,0.0395997501,0.00905292,0.9536805021,0.0664795029,0.2154496257,0.0665853874,0,0,0,0.008870048,0,282.164800156,65.7371219,0,3.23296695,0.710207558,0.037503921334498,0.00898145778175786,0.0447139898463438,0.233405319894839,0.0113082145833246,0.12555361759992,0.0526921991178134,0.00448026842799316,0.0314067542432553,0,0.289444720862782,0.00662718293097349
SO_42289,PICO_SO151012,2015-10-12,0.2-3 um,SOLA,2015,Oct,Autumn,0.09409745517,0.12252557702,0.02880582141,0.07389663546,0.0466661173,0.49800610285,0.01108504291,0.18792983705,0.094577873,0.0231341859,0.01582792656,0,0,0,0,0.0011006133,652.1854979305,34.81566024,6.92000025,3.195921686,0.0260755043,0.0509182041880764,0.02080141615905,0.0605504861048287,0.344240077979431,0,0.21584513171696,0.044788849219215,0.0207089056068459,0.0480289524905936,0.0360848904724659,0.504544622476616,0.0107991586714528
SO_42289,NANO_SO151012,2015-10-12,3-20 um,SOLA,2015,Oct,Autumn,0.0252038028,0.0235575451,0.0031230878,0.00424073536,0.0108249684,0.1023031357,0.0026080206,0.0665438009,0.0129693328,0.0315309563,0.0057863568,0,0,0,0,0,244.411847901,100.941921462,0,0.304956529,0.0854670578,0.0509182041880764,0.02080141615905,0.0605504861048287,0.344240077979431,0,0.21584513171696,0.044788849219215,0.0207089056068459,0.0480289524905936,0.0360848904724659,0.504544622476616,0.0107991586714528
SO_42296,NANO_SO151019,2015-10-19,3-20 um,SOLA,2015,Oct,Autumn,0.07191063375,0.05200160536,0.0085562138,0.00653861425,0.0152205545,0.0919542293,0.0025500832,0.15364417473,0.0046571932,0.09217541346,0.0158728671,0,0.0011790408,0,0.0046764007,0,269.985506039,123.088548206,0,0.130025688,0.1098207857,0.0485525648713149,0.0217922635833179,0.0573906799739701,0.270206178233155,0.0114783753516268,0.182389990351732,0.0526134830940641,0.0100770224439434,0.0606792531557919,0.0224906676080504,0.41811724347783,0.0118121832913452
SO_42296,PICO_SO151019,2015-10-19,0.2-3 um,SOLA,2015,Oct,Autumn,0.00444588326,0.0061307593,0.00352786864,0,0.0013115268,0.00782513159,0.0173367772,0.03955246193,0.0307768664,0.0041628729,0,0,0,0,0,0,731.408300265,32.5857372785,9.648742593,1.277098623,0.0095356672,0.0485525648713149,0.0217922635833179,0.0573906799739701,0.270206178233155,0.0114783753516268,0.182389990351732,0.0526134830940641,0.0100770224439434,0.0606792531557919,0.0224906676080504,0.41811724347783,0.0118121832913452
SO_42303,NANO_SO151026,2015-10-26,3-20 um,SOLA,2015,Oct,Autumn,0.1615016459,0.16064680621,0.03457986033,0.01457648157,0.0340780361,0.0975053842,0.0041099912,0.2953138282,0.019606548,0.10766886554,0.0335133997,0,0.0013067389,0,0.0066467677,0,263.6147415645,78.66168998,0,0.291091178,0.1018213795,0.0315266518870085,0.0236195978844685,0.0649676682992106,0.197617465838813,0,0.147745927817624,0.029457523633982,0.00923537037069007,0.0444563971337071,0.0189278059296255,0.302285596691457,0.00554365060509809
SO_42303,PICO_SO151026,2015-10-26,0.2-3 um,SOLA,2015,Oct,Autumn,0.187623531,0.26236133206,0.08434634916,0.0711137214,0.0571595258,0.2620385963,0,0.19872297303,0.015547614,0.0117047536,0.0099780923,0,0,0,0,0.0011682843,780.653206119499,9.919387182,10.612567538,2.595258808,0.03506192905,0.0315266518870085,0.0236195978844685,0.0649676682992106,0.197617465838813,0,0.147745927817624,0.029457523633982,0.00923537037069007,0.0444563971337071,0.0189278059296255,0.302285596691457,0.00554365060509809
SO_42310,PICO_SO151102,2015-11-02,0.2-3 um,SOLA,2015,Nov,Autumn,0.21299516423,0.26821638257,0.09668755352,0.0814450599,0.0713583982,0.2944038125,0.0238806972,0.23180552475,0.0592233601,0.010820931,0.03462856299,0,0,0,0,0.0011442092,689.934830963001,21.29143172,5.253682954,3.484701824,0.0208910276,0.0511679301535678,0.0391908628306519,0.0847472485652204,0.718979836262026,0,0.196172338142152,0.069949150247175,0.0226168704392071,0.0930182788142568,0.0358320472446084,0.797863986635293,0.0210005068153308
SO_42317,PICO_SO151109,2015-11-09,0.2-3 um,SOLA,2015,Nov,Autumn,0.03308285086,0.07119743561,0.01279537805,0.0968757174,0.0113392859,0.18093566166,0.00207168799,0.03698323474,0.0330184755,0.00197681385,0.0073286628,0,0,0,0,0.000527235,746.667921398598,9.7017128502,2.5955519735,0.7826226956,0.01694249356,0.180092790025739,0.0908349166500176,0.0802640447549524,1.45856912405804,0,0.282810446621897,0.159799359189348,0.0406879039020463,0.0470877150772818,0.0942255342356023,1.31935488167143,0.0273675465858867
SO_42317,NANO_SO151109,2015-11-09,3-20 um,SOLA,2015,Nov,Autumn,0.0180903273,0.05847091716,0.00432541061,0.03013591481,0.00253468272,0.11593035384,0.0030741421,0.04221155314,0.0192851469,0.014998161,0.0140661013,0,0,0,0.003358664,0,306.3660712799,93.0261072369999,0,0.316154221,0.03482191667,0.180092790025739,0.0908349166500176,0.0802640447549524,1.45856912405804,0,0.282810446621897,0.159799359189348,0.0406879039020463,0.0470877150772818,0.0942255342356023,1.31935488167143,0.0273675465858867
SO_42324,NANO_SO151116,2015-11-16,3-20 um,SOLA,2015,Nov,Autumn,0.5909927468,0.4985378675,0.066688326,0.065565488,0.0028990288,0.1595546733,0.026723613,1.8955056308,0.043238303,0.3342580705,0.2448939447,0,0.00829903,0,0.036916934,0,202.962862572,84.501975488,0,0.278159102,0.108940789,0.170046268508394,0.11881509460454,0.156127702923648,1.17032921190073,0,0.399033196971648,0.225329556767291,0.026230206149496,0.0366328797516526,0.0305214225232358,1.07717194116743,0.0199742048245527
SO_42324,PICO_SO151116,2015-11-16,0.2-3 um,SOLA,2015,Nov,Autumn,0.1277493061,0.08607808054,0.00738951514,0.0894697165,0.00581483109,0.05299664865,0.001042465,0.09025897989,0.0137977877,0.0018070536,0.0050188579,0,0,0,0,0.0007089509,759.619168097999,9.345989376,2.244914953,2.150415053,0.0521743746,0.170046268508394,0.11881509460454,0.156127702923648,1.17032921190073,0,0.399033196971648,0.225329556767291,0.026230206149496,0.0366328797516526,0.0305214225232358,1.07717194116743,0.0199742048245527
SO_42341,NANO_SO151203,2015-12-03,3-20 um,SOLA,2015,Dec,Winter,0.66295084185,0.50517635229,0.09677779281,0.1962724898,0.4042661073,0.6310728834,0.063573237,1.8450230619,0.3714867357,0.21401097503,0.1332738599,0,0.0104198384,0,0.0050636264,0,216.444349165,23.554964016,1.198438724,6.382815179,0.01870171985,0.0371021313984746,0,0.0781742107256223,0.127369518890252,0,0.19724091523407,0.0226358538692368,0.0163085666893336,0.0360366893513353,0.0256147088205903,0.347012840321229,0.00492993752445061
SO_42341,PICO_SO151203,2015-12-03,0.2-3 um,SOLA,2015,Dec,Winter,0.2370255537,0.21404292369,0.07134816204,0.1780156322,0.1937208896,0.40390070954,0.00242932855,0.4392975861,0.0559083988,0.04342560755,0.0453196223,0,0,0,0,0,638.324148113501,22.915934098,14.83820081,6.211753991,0.00295281103,0.0371021313984746,0,0.0781742107256223,0.127369518890252,0,0.19724091523407,0.0226358538692368,0.0163085666893336,0.0360366893513353,0.0256147088205903,0.347012840321229,0.00492993752445061
SO_42352,NANO_SO151214,2015-12-14,3-20 um,SOLA,2015,Dec,Winter,0.6492473976,0.38844024177,0.1857380173,0.7994837064,0.7871364756,4.1959479533,0.05950251684,2.34308589974,1.1329000215,0.29759970455,0.1965299576,0,0.0124575432,0,0.008007328,0,186.540293484,87.826939894,0.7032618355,4.193306938,0.0111790231,0.0406244858641582,0.0207412583779398,0.0774081143431608,0.220025672830031,0,0.143969616372463,0.0325553773199717,0.0223252268650668,0.0446939665430567,0.0517153213834319,0.396434384498998,0.0100090233431281
SO_42352,PICO_SO151214,2015-12-14,0.2-3 um,SOLA,2015,Dec,Winter,0.1938972761,0.1259093563,0.11171535613,0.5441240906,0.2941979476,1.85945737162,0,0.61094958781,0.0950935996,0.19302966383,0.0428665012,0,0,0,0,0,708.727667549001,12.994725278,17.55385153,5.435963745,0,0.0406244858641582,0.0207412583779398,0.0774081143431608,0.220025672830031,0,0.143969616372463,0.0325553773199717,0.0223252268650668,0.0446939665430567,0.0517153213834319,0.396434384498998,0.0100090233431281
SO_42359,NANO_SO151221,2015-12-21,3-20 um,SOLA,2015,Dec,Winter,0.7720911683,0.42420951098,0.1576181236,0.6538758975,0.62545202904,2.5115399172,0.06425372113,2.25765033014,0.6306521937,0.2359356272,0.1857056878,0,0.0057354921,0,0.006468339,0,242.5886620825,62.249041197,1.023290581,6.628394964,0.0108691575,0.0904694545437513,0.023966880634673,0.162514745315979,0.499814330768114,0,0.280133914804023,0.0674415910333128,0.0409875681906967,0.0373400351053328,0.0536507513269007,0.679770765083352,0.0117422505564435
SO_42359,PICO_SO151221,2015-12-21,0.2-3 um,SOLA,2015,Dec,Winter,0.2919139406,0.25985266797,0.1024006783,0.4483900708,0.2923129965,1.22411639596,0.023215443,0.79499744317,0.2465517653,0.1108053119,0.0634439852,0,0,0,0,0,668.288487440502,17.329936779,10.17125633,8.862863241,0.0034362967,0.0904694545437513,0.023966880634673,0.162514745315979,0.499814330768114,0,0.280133914804023,0.0674415910333128,0.0409875681906967,0.0373400351053328,0.0536507513269007,0.679770765083352,0.0117422505564435
SO_42376,NANO_SO160107,2016-01-07,3-20 um,SOLA,2016,Jan,Winter,0.0478292505,0.1320248718,0.01729559783,0.02733828272,0.0274332336,0.03769336291,0.03846693477,0.16959470448,0.0239479566,0.0745306308,0.0495187788,0,0.0016406451,0,0.0151475165,0,295.535929928499,34.994479711,0,1.524893154,0.0227442312,0.11713655711356,0.0529832007357309,0.0722895602695559,0.991953046544546,0,0.220001953528531,0.108071905259242,0.0234521265929212,0.0216498322338305,0.0335171247996806,0.817251740045434,0.0136300119989771
SO_42376,PICO_SO160107,2016-01-07,0.2-3 um,SOLA,2016,Jan,Winter,0.0518295278,0.12854649914,0.03179215625,0.13228214743,0.05738032196,0.0933900598,0.0060025136,0.08384495269,0.03324027352,0.0044303242,0.00896925374,0,0,0,0,0,758.9430437385,2.988932663,4.568959936,2.121714971,0.0019552074,0.11713655711356,0.0529832007357309,0.0722895602695559,0.991953046544546,0,0.220001953528531,0.108071905259242,0.0234521265929212,0.0216498322338305,0.0335171247996806,0.817251740045434,0.0136300119989771
SO_42380,NANO_SO160111,2016-01-11,3-20 um,SOLA,2016,Jan,Winter,0.2155120652,0.95188747227,0.1779516529,0.2731364221,0.3656268759,0.40928853349,0.0495458087,0.8101405,0.131492378,0.0614219599,0.0560612656,0,0.0092313455,0,0.006621405,0,444.7811251385,9.7785911485,3.571821173,5.426169518,0.006157166,0.0413619175760024,0.0127353892615519,0.0534613994725497,0.453766956449725,0,0.0930781384836681,0.0343209621195156,0.0120897166071826,0.0193472977265951,0.0203409236077527,0.36257896004612,0.0079362366126967
SO_42380,PICO_SO160111,2016-01-11,0.2-3 um,SOLA,2016,Jan,Winter,0.0431472587,0.35098735959,0.10630718943,0.1303932305,0.1188581035,0.1299071593,0,0.17006869119,0.02770574025,0.01320675125,0.01776743855,0,0,0,0,0,743.309331728998,0.978441739,5.871525026,2.289620382,0,0.0413619175760024,0.0127353892615519,0.0534613994725497,0.453766956449725,0,0.0930781384836681,0.0343209621195156,0.0120897166071826,0.0193472977265951,0.0203409236077527,0.36257896004612,0.0079362366126967
SO_42383,PICO_SO160114,2016-01-14,0.2-3 um,SOLA,2016,Jan,Winter,0.29701761484,0.41428751981,0.1612729505,0.4357616693,0.34346080996,0.6959880293,0.01876401765,0.67890326666,0.1164917488,0.03058911147,0.0741694689,0,0,0,0,0,678.691913960499,7.378819097,17.5180867,8.226820983,0.0021254723,0.0810879459027772,0.0306534984007349,0.149715153279977,0.533714642539664,0,0.298549977996877,0.065015395827763,0.0336800445327433,0.0459670338808823,0.040414050635797,0.628331472603168,0.0120573128793693
SO_42383,NANO_SO160114,2016-01-14,3-20 um,SOLA,2016,Jan,Winter,1.0490940822,0.85729354058,0.2294178425,0.6287049019,0.8712769796,1.53936168702,0.15717632416,2.515372439,0.6509696383,0.15001109654,0.2067302584,0,0.0188754833,0,0.00848091,0,279.362007204,35.6290751745,6.449216204,15.412698854,0.0163371895,0.0810879459027772,0.0306534984007349,0.149715153279977,0.533714642539664,0,0.298549977996877,0.065015395827763,0.0336800445327433,0.0459670338808823,0.040414050635797,0.628331472603168,0.0120573128793693
SO_42390,PICO_SO160121,2016-01-21,0.2-3 um,SOLA,2016,Jan,Winter,0.3931135396,0.1685042793,0.08454836612,0.59693434956,0.4235497872,1.1256394548,0.0465530045,0.86350734516,0.3128089197,0.0636265,0.0764865222,0,0.0084040884,0,0,0,597.6921357715,23.6502499165,10.458321367,11.199514141,0.0028462748,0.0914236090017367,0.0451694537220402,0.184525287373544,0.578472314108637,0,0.335044717230469,0.0844149844703293,0.046923325374139,0.0488075079484396,0.0573205105134302,0.754442956376035,0.0129315071075291
SO_42397,NANO_SO160128,2016-01-28,3-20 um,SOLA,2016,Jan,Winter,0.8608031148,0.3957583243,0.1243518461,0.890697844,1.3474886749,2.23351974624,0.7271536861,3.7059416413,2.286877423,0.24136410946,0.4248331693,0,0.0276977534,0.0048432183,0.015138358,0,155.329817606,9.4052313465,0.074668278,7.467708812,0.0140852213,0.0497522209632951,0.0310805563609007,0.102814981903715,0.126170791285074,0.0212609291240931,0.204661158504172,0.0317314596028819,0.0432737698587804,0.045722156967062,0.063565505763651,0.412493313222009,0.00528214609410297
SO_42397,PICO_SO160128,2016-01-28,0.2-3 um,SOLA,2016,Jan,Winter,0.37838998259,0.11389848955,0.09340105382,1.1455523851,0.64032002753,4.0469629225,0.0320891522,1.03247459774,0.1625047339,0.0584046273,0.1096703942,0,0.0032379888,0,0,0,629.574498636999,13.669375689,23.18121144,10.125105401,0.014683219,0.0497522209632951,0.0310805563609007,0.102814981903715,0.126170791285074,0.0212609291240931,0.204661158504172,0.0317314596028819,0.0432737698587804,0.045722156967062,0.063565505763651,0.412493313222009,0.00528214609410297
SO_42415,NANO_SO160215,2016-02-15,3-20 um,SOLA,2016,Feb,Winter,0.362054939,0.3664207688,0.2117730567,1.9339756649,0.7055298422,4.0966419854,2.1948527122,3.1123401267,2.938736205,0.1471047602,0.2130036404,0,0.0213108437,0,0.015698204,0,225.217458189001,18.498799227,0.479706025,15.539429409,0.011459961,0.17320519240585,0.0421163022945754,0.106936593853074,1.51691658514645,0.027096437992955,0.301238324415392,0.117178922963199,0.0409670604613454,0.0127970824913914,0.090613131755538,1.38394941852304,0.0207920950176784
SO_42415,PICO_SO160215,2016-02-15,0.2-3 um,SOLA,2016,Feb,Winter,0.166609955,0.11378008171,0.1337635063,2.2737401347,0.3674250028,3.32660221251,0.01384860983,0.98080145492,0.1381315911,0.0512912811,0.0607632225,0,0,0,0,0,704.272056433002,1.16610689,5.713548905,9.221667192,0,0.17320519240585,0.0421163022945754,0.106936593853074,1.51691658514645,0.027096437992955,0.301238324415392,0.117178922963199,0.0409670604613454,0.0127970824913914,0.090613131755538,1.38394941852304,0.0207920950176784
SO_42418,NANO_SO160218,2016-02-18,3-20 um,SOLA,2016,Feb,Winter,0.1212581101,0.3039135934,0.0783837582,0.8810989251,0.2126637923,0.9674049735,4.9211818304,1.0143185135,0.899411856,0.3690326766,0.1583870866,0,0.0368311318,0,0.0147066,0,243.9763602225,36.622352786,0.030363144,17.678641048,0.015877085,0.248156557866595,0.0615917799497527,0.107584188144113,2.20902378280935,0.0145377958990045,0.352091983868645,0.175327766866006,0.0571255105718274,0.0139303695298799,0.0861528305405479,2.00798293220102,0.0364064293262625
SO_42418,PICO_SO160218,2016-02-18,0.2-3 um,SOLA,2016,Feb,Winter,0.1780636485,0.10830051283,0.10717679414,2.2539388883,0.3402745836,3.20315429949,0.0778053357,1.17112205234,0.463405587,0.03865057678,0.0884136647,0,0.0013022344,0,0,0,667.375326077502,3.722227033,4.311287861,12.98830483,0.0050583654,0.248156557866595,0.0615917799497527,0.107584188144113,2.20902378280935,0.0145377958990045,0.352091983868645,0.175327766866006,0.0571255105718274,0.0139303695298799,0.0861528305405479,2.00798293220102,0.0364064293262625
SO_42422,NANO_SO160222,2016-02-22,3-20 um,SOLA,2016,Feb,Winter,0.2651076565,0.2274545552,0.0580017874,1.4199632403,0.2952499581,1.5411825044,2.9951358863,1.5389843983,1.213061554,0.1726599435,0.2066047188,0,0.0418751968,0,0.0121015245,0,228.162994785,25.904101879,0.026786039,15.822603607,0.011525198,0.111025158068556,0.0839318250114646,0.161098468097233,0.583535380039578,0.0357292698509305,0.336738482028912,0.0930961998620148,0.0926965772862568,0.0145364088905548,0.0867923379372106,0.912593669642417,0.0125203514969308
SO_42422,PICO_SO160222,2016-02-22,0.2-3 um,SOLA,2016,Feb,Winter,0.1471244925,0.09302059706,0.06263058366,2.1412688185,0.2647424224,1.7212971708,0.066494716,0.73790329166,0.351924526,0.0337103687,0.0683595821,0,0.0024426069,0,0,0,745.1811527366,3.8030692769,3.550443598,8.625064301,0.0044116774,0.111025158068556,0.0839318250114646,0.161098468097233,0.583535380039578,0.0357292698509305,0.336738482028912,0.0930961998620148,0.0926965772862568,0.0145364088905548,0.0867923379372106,0.912593669642417,0.0125203514969308
SO_42425,PICO_SO160225,2016-02-25,0.2-3 um,SOLA,2016,Feb,Winter,0.0418080223,0.01680410626,0.0326004695,2.4576265674,0.11447539994,1.7082550912,0.00970232521,0.33092415406,0.0730923157,0.02449249787,0.0270891973,0,0,0,0,0,756.235930218,1.812334138,3.071053896,3.333081539,0,0.109405143863346,0.0747222407994557,0.0630795158660888,0.742211692376561,0.0333920077269968,0.196334525565672,0.0793478823142156,0.0586955823309634,0.0194901076517812,0.100940363683559,0.971582352999421,0.0113937261768503
SO_42425,NANO_SO160225,2016-02-25,3-20 um,SOLA,2016,Feb,Winter,0.1082727773,0.1047615733,0.05482979824,1.7300634821,0.16688951,1.7105409149,1.6816345308,0.69576762714,0.438097383,0.1271385006,0.0901638993,0,0.029482114,0,0.0126640685,0,293.641056974001,34.031030895,0.024710778,5.619754713,0.01117816,0.109405143863346,0.0747222407994557,0.0630795158660888,0.742211692376561,0.0333920077269968,0.196334525565672,0.0793478823142156,0.0586955823309634,0.0194901076517812,0.100940363683559,0.971582352999421,0.0113937261768503
SO_42436,NANO_SO160307,2016-03-07,3-20 um,SOLA,2016,Mar,Spring,0.01299035618,0.0601940469,0.00803344857,0.19017683497,0.0165281613,0.13811215454,0.3497729386,0.09300448898,0.02278694584,0.02097447749,0.0229728384,0,0.0130215555,0,0.0068817534,0,278.0177155585,27.663068056,0,1.028432765,0.008545011,0.198827021515236,0.0678472790237726,0.055867078146599,1.75705056929966,0.0244819923837673,0.160182919952751,0.149385095552756,0.0810198863482095,0.00857056530323919,0.0815042139935061,1.68829053678682,0.0251939653003211
SO_42436,PICO_SO160307,2016-03-07,0.2-3 um,SOLA,2016,Mar,Spring,0.0233825344,0.0564288559,0.04547345928,1.60237621302,0.0655796838,0.739724676,0.00233909693,0.1419490047,0.02678955694,0.00392502657,0.0254037775,0,0,0,0,0,795.947420553,0.586029268,0.451202899,3.617200346,0,0.198827021515236,0.0678472790237726,0.055867078146599,1.75705056929966,0.0244819923837673,0.160182919952751,0.149385095552756,0.0810198863482095,0.00857056530323919,0.0815042139935061,1.68829053678682,0.0251939653003211
SO_42438,NANO_SO160309,2016-03-09,3-20 um,SOLA,2016,Mar,Spring,0.0324107997,0.05755029904,0.02792329206,0.41917412173,0.06530518776,0.52166341732,1.1050900841,0.2436627844,0.0754702252,0.0654791081,0.0451656965,0,0.0343875229,0,0.006934602,0,237.736087934,43.266519876,0,1.888997223,0.005321606,0.184695179490337,0.0620438532776735,0.0846397387471199,1.37576277136697,0.0432858077311899,0.219714421738258,0.145026539785892,0.0884174011844808,0.0115779463734701,0.112676352255868,1.38004637560468,0.0190252976902187
SO_42438,PICO_SO160309,2016-03-09,0.2-3 um,SOLA,2016,Mar,Spring,0.0339692917,0.052767573,0.0590678875,1.6204740608,0.08467068055,0.821420964,0.01311708646,0.23258786147,0.03385409969,0.00824393876,0.02119711605,0,0,0,0,0,777.595311058998,1.2206050475,1.4150333485,3.226819174,0,0.184695179490337,0.0620438532776735,0.0846397387471199,1.37576277136697,0.0432858077311899,0.219714421738258,0.145026539785892,0.0884174011844808,0.0115779463734701,0.112676352255868,1.38004637560468,0.0190252976902187
SO_42443,NANO_SO160314,2016-03-14,3-20 um,SOLA,2016,Mar,Spring,0.01338284647,0.0477892538,0.00480268652,0.139068041,0.01213217216,0.14835130002,0.05472956784,0.08958292091,0.01245703917,0.0442568032,0.03145967157,0,0.0406923136,0,0.0036379704,0,260.8750765086,36.94453573,0,1.745737077,0.00311304,0.241345439620818,0.0783065307668822,0.109246474555076,1.59180009849437,0.0514873102884664,0.363118994043123,0.264005988683521,0.20315079741781,0.0191000888216177,0.141461617113355,1.796511392774,0.0244748114007799
SO_42443,PICO_SO160314,2016-03-14,0.2-3 um,SOLA,2016,Mar,Spring,0.01363849591,0.03260575585,0.01015946097,1.36077881144,0.02915424295,0.48128955014,0.00905146508,0.06414147585,0.02278658132,0,0.0148667601,0,0,0,0,0,810.184501352499,1.1828535985,0.028837997,1.843247253,0,0.241345439620818,0.0783065307668822,0.109246474555076,1.59180009849437,0.0514873102884664,0.363118994043123,0.264005988683521,0.20315079741781,0.0191000888216177,0.141461617113355,1.796511392774,0.0244748114007799
SO_42446,NANO_SO160317,2016-03-17,3-20 um,SOLA,2016,Mar,Spring,0.0121081762,0.0398613203,0,0.1218084041,0.01115740823,0.1349680393,0.066307366,0.0814005681,0.0032015506,0.0280448405,0.0123929631,0,0.0175388221,0,0,0,332.274910233,23.67080714,0,0.110980185,0.004344607,0.128763920678247,0.105052138431218,0.0781547780876002,0.820423089254538,0.0409300647843423,0.238039410909334,0.120783858435599,0.123687387947749,0.0102360072208423,0.0969525575140319,1.03642375016919,0.0165416653313231
SO_42446,PICO_SO160317,2016-03-17,0.2-3 um,SOLA,2016,Mar,Spring,0.0010915443,0.00867370194,0.00149545091,0.8765468495,0.0159415962,0.3056295853,0,0.03791971604,0.0069569247,0,0.0008350326,0,0,0,0,0,801.814895678499,1.333302714,0.025453703,1.038932979,0,0.128763920678247,0.105052138431218,0.0781547780876002,0.820423089254538,0.0409300647843423,0.238039410909334,0.120783858435599,0.123687387947749,0.0102360072208423,0.0969525575140319,1.03642375016919,0.0165416653313231
SO_42449,PICO_SO160321,2016-03-20,0.2-3 um,SOLA,2016,Mar,Spring,0.0304837015,0.07707496325,0.06714998426,1.57180827568,0.06936892516,0.89315439781,0.00548936971,0.1500740972,0.0195012069,0.0006095052,0.017822328,0,0,0,0,0,780.913323847501,4.1457179485,0.269868982,2.325868305,0,0.110897411540456,0.0462878285803414,0.182092785267321,0.281930731262179,0.0968536445784303,0.632374980041762,0.15790501343792,0.163580313325289,0.0325577082543298,0.200261884652247,1.04376945801844,0.0160498055735726
SO_42454,PICO_SO160325,2016-03-25,0.2-3 um,SOLA,2016,Mar,Spring,0.01197838748,0.0247090532,0,0.0468115863,0.00720271107,0.02461453021,0.0985559535,0.11539329304,0.01811464946,0.0200164762,0.004389927,0,0.0120266726,0,0,0,521.0021977155,19.73314404,0,4.456990533,0.0060341363,0.16226848108316,0.0503607707729727,0.0864550258579207,1.21319020320369,0,0.286010765733037,0.160347710074481,0.0578979247925465,0.0106280882037158,0.0499760097285353,1.16630691189619,0.0131794006817805
SO_42454,NANO_SO160325,2016-03-25,3-20 um,SOLA,2016,Mar,Spring,0.08912453415,0.0711224664,0.02333559246,0.4310095107,0.03328580241,0.39052392676,0.16072305797,0.43255402832,0.1043763286,0.01769726615,0.0546062147,0,0.00398029694,0,0,0,411.550990180999,12.776373493,0,1.457078122,0.0019510031,0.16226848108316,0.0503607707729727,0.0864550258579207,1.21319020320369,0,0.286010765733037,0.160347710074481,0.0578979247925465,0.0106280882037158,0.0499760097285353,1.16630691189619,0.0131794006817805
SO_42460,PICO_SO160331,2016-03-31,0.2-3 um,SOLA,2016,Mar,Spring,0.01446692605,0.0183103799,0,0.55084229,0.0019878574,0.0666213639,0.0502207809,0.0701416342,0.0388252633,0,0.0079348124,0,0,0,0,0,641.065307981001,10.928064204,0,2.934331814,0,0.122305505636906,0.0248016283470852,0,0.755649384340807,0.0224849970470852,0.30970074394574,0.0986010716506726,0.0741810680807175,0.0159164436926906,0.0626353699686099,0.9827302851,0.0182339405858296
SO_42460,NANO_SO160331,2016-03-31,3-20 um,SOLA,2016,Mar,Spring,0.0189302006,0.03992305245,0,0.0830354376,0.0040444713,0.08378089301,0.0937092949,0.14272817686,0.0059805127,0.03506945634,0.01442700345,0,0.0102697565,0,0,0,269.1106725745,39.6072755085,0,0.980056231,0.0017953548,0.122305505636906,0.0248016283470852,0,0.755649384340807,0.0224849970470852,0.30970074394574,0.0986010716506726,0.0741810680807175,0.0159164436926906,0.0626353699686099,0.9827302851,0.0182339405858296
SO_42464,NANO_SO160404,2016-04-04,3-20 um,SOLA,2016,Apr,Spring,0.0333425211,0.11595838168,0.03123600159,0.6256530427,0.02215885305,0.3389344358,0.27512552733,0.17309254099,0.0169529635,0.02157790456,0.04811528897,0,0.0118621278,0,0.003698585,0,349.638602349,75.789373069,0,3.580415448,0.0031289826,0.1306513847562,0.041794035448,0.111707155473333,0.722431946229333,0.048322964626,0.511530471118,0.113685866173333,0.112641733732,0.0512920522578,0.12430570823,1.15829007124,0.0208888759969333
SO_42464,PICO_SO160404,2016-04-04,0.2-3 um,SOLA,2016,Apr,Spring,0.00073017494,0.022247168,0.00260515587,1.1474972551,0.00822328216,0.07387039396,0,0.01577781628,0.0045304428,0,0,0,0,0,0,0,792.657800183501,6.436564181,0.687163887,1.0431564,0,0.1306513847562,0.041794035448,0.111707155473333,0.722431946229333,0.048322964626,0.511530471118,0.113685866173333,0.112641733732,0.0512920522578,0.12430570823,1.15829007124,0.0208888759969333
SO_42471,PICO_SO160411,2016-04-11,0.2-3 um,SOLA,2016,Apr,Spring,0.0009425147,0.0183945179,0.01132998672,0.51586704874,0.00779081693,0.08161140336,0.00908176849,0.00653217615,0.0050896464,0,0.0096177531,0,0,0,0,0,716.6894859645,15.798164534,0.299542375,0.9431931505,0,0.0801728055282,0.0160368020413333,0.06719167468,0.405370357802667,0.032048787236,0.201302826308,0.0811379978433333,0.0965357606473333,0.076079905977,0.0860823577533333,0.765451306907333,0.0203986328814
SO_42471,NANO_SO160411,2016-04-11,3-20 um,SOLA,2016,Apr,Spring,0.00577385911,0.04330939344,0.01825387774,0.4271973738,0.00416114696,0.09334341438,0.06922578594,0.0172708715,0.01468244696,0.00923697433,0.01763196894,0,0.0012084407,0,0,0,327.445346186,123.299196828,0,3.0358862985,0.002196206,0.0801728055282,0.0160368020413333,0.06719167468,0.405370357802667,0.032048787236,0.201302826308,0.0811379978433333,0.0965357606473333,0.076079905977,0.0860823577533333,0.765451306907333,0.0203986328814
SO_42474,NANO_SO160414,2016-04-14,3-20 um,SOLA,2016,Apr,Spring,0.0017779331,0.07876974151,0.03422737065,0.4484286089,0.0006645313,0.02026068564,0.11216393207,0.02577573726,0.0094663043,0.0137766318,0.04195840196,0,0.0010555363,0,0.0027049037,0,391.590472856001,121.497722332,0,6.485187795,0.0051102177,0.0990430359765,0,0.1050272276,0.143470586186667,0.0161754108475,0.2009188470925,0.0720896379933333,0.224032904360833,0.107892035472,0.0571782551083333,0.830522065670833,0.0197570922913333
SO_42474,PICO_SO160414,2016-04-14,0.2-3 um,SOLA,2016,Apr,Spring,0.0201719819,0.02122099418,0.0082318378,0.183549684,0.01136286988,0.03972652789,0.0056559034,0.01744694775,0.0050538149,0,0.03044308435,0,0,0,0,0,663.293694493999,60.914894793,0.642147881,1.7973130705,0,0.0990430359765,0,0.1050272276,0.143470586186667,0.0161754108475,0.2009188470925,0.0720896379933333,0.224032904360833,0.107892035472,0.0571782551083333,0.830522065670833,0.0197570922913333
SO_42478,NANO_SO160418,2016-04-18,3-20 um,SOLA,2016,Apr,Spring,0.0120213399,0.07620540377,0.02690674396,0.2499874167,0,0.0514260592,0.0531567305,0.03495841067,0.0036986632,0.00749234739,0.0465960073,0,0.0012645216,0,0.004956036,0,236.592549131,230.177182371,0,1.584135087,0.0028708533,0.071950521489,0.01457348563,0,0.00496450553333333,0.0164621524225,0.172176781345,0.0811970088858333,0.0899060125333333,0.11569733349825,0.04588408,0.67974457485,0.0273968779169167
SO_42478,PICO_SO160418,2016-04-18,0.2-3 um,SOLA,2016,Apr,Spring,0,0.006834322,0.0014283708,0.2729512435,0,0.00785326436,0.00073356257,0,0,0,0.0013042675,0,0,0,0,0,729.338588196,30.198613993,0.615760893,0.781225852,0,0.071950521489,0.01457348563,0,0.00496450553333333,0.0164621524225,0.172176781345,0.0811970088858333,0.0899060125333333,0.11569733349825,0.04588408,0.67974457485,0.0273968779169167
SO_42481,PICO_SO160421,2016-04-21,0.2-3 um,SOLA,2016,Apr,Spring,0.1146778786,0.3139710613,0.0799437098,0.44920787123,0.0268009788,0.16729633613,0,0.16337084932,0.003270023,0,0.04391522388,0,0,0,0,0,764.946294475,32.912020058,2.078579244,3.923677004,0,0.0267105204135,0.0137797618016667,0.0239384519416667,0.06629245564,0,0.07347595755,0.0201096519275,0.0287744357175,0.07144268895825,0.0083236588875,0.271576673330833,0.00883960407216666
SO_42481,NANO_SO160421,2016-04-21,3-20 um,SOLA,2016,Apr,Spring,0.0908462726,0.3086103902,0.0927169225,0.1118529718,0.0036268501,0.0188205279,0.1289321162,0.18295216,0.0211113817,0.02885384235,0.1908435605,0,0,0,0.019533882,0,242.9050735195,193.740651293,0,2.336429401,0.006541633,0.0267105204135,0.0137797618016667,0.0239384519416667,0.06629245564,0,0.07347595755,0.0201096519275,0.0287744357175,0.07144268895825,0.0083236588875,0.271576673330833,0.00883960407216666
SO_42485,PICO_SO160425,2016-04-25,0.2-3 um,SOLA,2016,Apr,Spring,0.0009349792,0.04240560134,0.0095892537,0.0848016002,0.0066101723,0.01018384503,0.006852972,0.00956883891,0.0092591308,0,0,0,0,0,0,0,726.737790483,9.483469716,0.674281355,1.279735889,0,0.1987360154934,0.0465587655573333,0.0640862286333333,0.94005267696,0,0.238685990388,0.117583217691333,0.0422427009253333,0.0393616829508,0.0196976531766667,1.08058346106067,0.026143024658
SO_42485,NANO_SO160425,2016-04-25,3-20 um,SOLA,2016,Apr,Spring,0.0126500225,0.1964693842,0.0344134604,0.02676693703,0.003354191,0.0094448506,0.2465188721,0.0988656268,0.0200197832,0.0042773466,0.0440694025,0,0,0,0.0137648685,0,324.506231136,93.868340453,0,4.828434581,0.0058517545,0.1987360154934,0.0465587655573333,0.0640862286333333,0.94005267696,0,0.238685990388,0.117583217691333,0.0422427009253333,0.0393616829508,0.0196976531766667,1.08058346106067,0.026143024658
SO_42527,NANO_SO160606,2016-06-06,3-20 um,SOLA,2016,Jun,Summer,0.1252413986,0.2413195733,0.0181452858,0.0366783366,0.0244815381,0.0109695945,0.096120625,0.3239085138,0.022418786,0.0898115265,0.0401306372,0,0.0014637333,0,0.015106678,0,360.420655407,109.031662766,0,2.035047133,0.1343929052,0.0544383076545,0,0.09268514884,0.172951776856,0,0.301694912553,0.079840629146,0.008960249771,0.0714935752335,0.02033238295,0.492007495497,0.0163666534302
SO_42527,PICO_SO160606,2016-06-06,0.2-3 um,SOLA,2016,Jun,Summer,0.01610433737,0.05124461168,0,0,0.0116169398,0.00243849034,0.00073164934,0.01477560248,0.0094283018,0.0023580964,0,0,0,0,0,0,793.824157920502,21.031397664,1.625085482,1.266911914,0.0175616383,0.0544383076545,0,0.09268514884,0.172951776856,0,0.301694912553,0.079840629146,0.008960249771,0.0714935752335,0.02033238295,0.492007495497,0.0163666534302
SO_42534,PICO_SO160613,2016-06-13,0.2-3 um,SOLA,2016,Jun,Summer,0.02341779893,0.06305685561,0.000564652,0.01471941175,0.0041020879,0.0288604092,0.0009149675,0.03753614966,0.0021136652,0.00556821056,0.00190971865,0,0,0,0,0,780.974918616,11.8209096125,1.028375426,1.730106083,0.0163331286,0.0228166721244,0.014208253312,0.0321427461,0.062187498072,0,0.127273136904,0.038703375741,0.005699516196,0.0368528254317,0.01160293673,0.232907202714,0.0063309151032
