;PICO_MO200127_150;PICO_MO200127_40;PICO_MO200127_5;PICO_MO200625_150;PICO_MO200625_40;PICO_MO200625_5;PICO_MO200721_150;PICO_MO200721_40;PICO_MO200721_5;PICO_MO200825_150;PICO_MO200825_40;PICO_MO200825_5;PICO_MO210204_150;PICO_MO210204_40;PICO_MO210204_5;PICO_MO210303_150;PICO_MO210303_40;PICO_MO210303_5;PICO_MO210531_150;PICO_MO210531_40_2;PICO_MO210531_40;PICO_MO210531_5;PICO_MO210721_150;PICO_MO210721_40;PICO_MO210721_500;PICO_MO210721_5;PICO_MO220224_150;PICO_MO220224_40;PICO_MO220224_500;PICO_MO220224_5;PICO_MO220426_150;PICO_MO220426_40;PICO_MO220426_500;PICO_MO220517_150;PICO_MO220517_40;PICO_MO220517_500;PICO_MO220517_5;PICO_MO220616_150;PICO_MO220616_40;PICO_MO220616_500;PICO_MO220616_5;PICO_MO220728_150;PICO_MO220728_40;PICO_MO220728_500;PICO_MO220728_5;PICO_MO220829_150;PICO_MO220829_40;PICO_MO220829_500;PICO_MO220829_5;PICO_MO221011_150;PICO_MO221011_40;PICO_MO221011_500;PICO_MO221011_5;PICO_MO230216_150;PICO_MO230216_40;PICO_MO230216_500;PICO_MO230216_5;PICO_MO230329_150;PICO_MO230329_40;PICO_MO230329_500;PICO_MO230329_5;PICO_MO230821_150;PICO_MO230821_40;PICO_MO230821_500;PICO_MO230821_5;PICO_MO230910_150;PICO_MO230910_40;PICO_MO230910_500;PICO_MO230910_5;PICO_MO40721_5;PICO_MO40818_5;PICO_MO40825_5;PICO_MO41006_5;PICO_MO41103_5;PICO_MO41206_5;PICO_MO50614_5;PICO_MO50720_5;PICO_MO50817_5;PICO_MO50914_5;PICO_MO51026_5;PICO_MO51129_5;PICO_MO51220_5;PICO_MO60125_5;PICO_MO60314_5;PICO_MO60516_5;PICO_MO60606_5;PICO_MO60628_5;PICO_MO60731_5;PICO_MO60904_5;PICO_MO61002_5;PICO_MO61106_5;PICO_MO61127_5
PICO_MO200127_150;0.000000;0.399324;0.396829;0.606571;0.773031;0.834566;0.621786;0.719785;0.823502;0.721212;0.718650;0.833130;0.570263;0.623015;0.635060;0.521264;0.575922;0.622308;0.602693;0.844066;0.853861;0.828251;0.670499;0.846573;0.671897;0.731945;0.545753;0.534151;0.936622;0.669411;0.898173;0.733334;0.745361;0.653345;0.714624;0.805637;0.764879;0.665510;0.786397;0.854979;0.834205;0.649858;0.794741;0.892943;0.856516;0.695841;0.768151;0.866311;0.833811;0.695933;0.822256;0.860668;0.805799;0.888904;0.582999;0.567483;0.591224;0.586605;0.650278;0.737136;0.638459;0.734475;0.778147;0.892174;0.840186;0.709226;0.790492;0.902373;0.818087;0.891202;0.878784;0.835452;0.766492;0.755188;0.655739;0.618693;0.879552;0.856255;0.812589;0.731517;0.684360;0.554117;0.511954;0.518669;0.866071;0.943106;0.895923;0.872587;0.800884;0.779618;0.640650;0.605642
PICO_MO200127_40;0.399324;0.000000;0.342120;0.655899;0.752176;0.812362;0.694486;0.702645;0.803747;0.803589;0.703718;0.808388;0.591342;0.625858;0.639286;0.508119;0.573155;0.607785;0.598834;0.833186;0.833465;0.808737;0.685235;0.824434;0.685323;0.722909;0.529898;0.512907;0.970356;0.673324;0.898873;0.735661;0.790448;0.664224;0.716107;0.844807;0.776346;0.680680;0.771962;0.891054;0.841870;0.668467;0.791661;0.929299;0.855216;0.732591;0.771271;0.907000;0.852938;0.725821;0.808558;0.904348;0.813978;0.913614;0.586849;0.569670;0.570148;0.576451;0.654949;0.779982;0.653127;0.797951;0.778154;0.934757;0.851278;0.774338;0.791782;0.945992;0.827088;0.874087;0.856830;0.815046;0.744213;0.731125;0.641582;0.639708;0.857300;0.833491;0.789847;0.710180;0.662254;0.545819;0.511977;0.511140;0.862947;0.945185;0.881849;0.849224;0.780928;0.758506;0.629443;0.608240
PICO_MO200127_5;0.396829;0.342120;0.000000;0.643926;0.762874;0.821682;0.687187;0.721583;0.812820;0.796487;0.715649;0.819020;0.558559;0.600365;0.614025;0.496186;0.557267;0.601512;0.602375;0.837740;0.849434;0.819668;0.691626;0.835675;0.692270;0.742922;0.528174;0.518306;0.969453;0.684522;0.895766;0.732827;0.779992;0.654490;0.715311;0.838680;0.785928;0.670853;0.782745;0.886843;0.848667;0.666839;0.791136;0.924444;0.865310;0.733320;0.770427;0.902367;0.853009;0.727710;0.809492;0.900497;0.824699;0.909092;0.577346;0.563188;0.590157;0.574395;0.646339;0.767326;0.659511;0.789055;0.774162;0.930515;0.858644;0.769721;0.786614;0.941482;0.835397;0.885495;0.868970;0.825831;0.758559;0.751337;0.643484;0.635190;0.870994;0.848000;0.806398;0.730046;0.672588;0.543082;0.523746;0.516167;0.869693;0.946092;0.889664;0.864748;0.790350;0.771529;0.627610;0.610950
PICO_MO200625_150;0.606571;0.655899;0.643926;0.000000;0.901827;0.933049;0.460549;0.853428;0.927798;0.675976;0.864850;0.946473;0.678377;0.739077;0.744631;0.644263;0.691601;0.724847;0.532103;0.916274;0.929659;0.919266;0.599833;0.938244;0.604725;0.739673;0.668624;0.674797;0.934298;0.771787;0.908681;0.791839;0.733359;0.631911;0.779868;0.784504;0.811872;0.591203;0.886220;0.834007;0.877587;0.601178;0.893521;0.868871;0.915864;0.728122;0.855226;0.844519;0.879080;0.634759;0.936663;0.836580;0.874503;0.905919;0.721028;0.714026;0.757066;0.662708;0.735096;0.736370;0.738050;0.663256;0.882215;0.878116;0.901012;0.609282;0.894686;0.890080;0.901324;0.960336;0.956694;0.933894;0.903889;0.898793;0.841081;0.524801;0.953513;0.941843;0.926464;0.892944;0.875975;0.725151;0.636153;0.572249;0.890934;0.943840;0.949691;0.963772;0.918235;0.906591;0.823995;0.715799
PICO_MO200625_40;0.773031;0.752176;0.762874;0.901827;0.000000;0.418599;0.920801;0.513159;0.461998;0.926870;0.450947;0.521341;0.856925;0.861705;0.861540;0.835005;0.811555;0.806579;0.871579;0.617651;0.685672;0.563383;0.895970;0.515482;0.899713;0.747724;0.842693;0.846102;0.994851;0.905966;0.970084;0.808213;0.932604;0.907217;0.743765;0.955396;0.800411;0.880144;0.558674;0.968651;0.757940;0.767059;0.624024;0.979614;0.722255;0.700931;0.653666;0.967265;0.772455;0.892774;0.617695;0.966940;0.753750;0.969839;0.849448;0.849581;0.855828;0.849525;0.828498;0.929950;0.862740;0.943858;0.593633;0.986345;0.755374;0.943698;0.642174;0.984580;0.697081;0.635477;0.649376;0.575610;0.526908;0.550786;0.682346;0.896016;0.609631;0.599319;0.534302;0.616664;0.645218;0.793587;0.839854;0.861802;0.807166;0.848029;0.641667;0.615673;0.570713;0.495401;0.740670;0.765480
PICO_MO200625_5;0.834566;0.812362;0.821682;0.933049;0.418599;0.000000;0.944434;0.637681;0.405439;0.945073;0.595560;0.457855;0.885979;0.891688;0.893679;0.868769;0.860556;0.858747;0.904929;0.642486;0.692759;0.589462;0.915453;0.478055;0.919225;0.703767;0.880938;0.880967;0.995173;0.926219;0.976359;0.858343;0.949351;0.925229;0.811978;0.966997;0.828183;0.907392;0.650625;0.974537;0.729924;0.765596;0.717779;0.982977;0.652586;0.684274;0.750992;0.973089;0.726527;0.913135;0.619072;0.969434;0.736499;0.975817;0.877447;0.876907;0.878591;0.880539;0.872177;0.947033;0.893415;0.951887;0.689470;0.987111;0.710665;0.955644;0.735939;0.984870;0.678624;0.557483;0.575817;0.546651;0.565189;0.602243;0.744048;0.926341;0.519450;0.538250;0.565767;0.671714;0.707844;0.836902;0.875318;0.900401;0.830552;0.860836;0.610779;0.572758;0.586731;0.543572;0.795455;0.813619
PICO_MO200721_150;0.621786;0.694486;0.687187;0.460549;0.920801;0.944434;0.000000;0.873834;0.938141;0.563978;0.888604;0.954358;0.711616;0.771233;0.776981;0.683026;0.735288;0.767597;0.594096;0.929637;0.940734;0.932051;0.627444;0.948580;0.630847;0.757048;0.719848;0.721663;0.875438;0.760687;0.927027;0.830225;0.702668;0.671033;0.809889;0.744325;0.793451;0.645314;0.903101;0.786755;0.854190;0.633698;0.911711;0.814078;0.894873;0.690437;0.878841;0.784065;0.841629;0.662548;0.947583;0.771676;0.840569;0.875164;0.752948;0.744756;0.778419;0.706476;0.772079;0.705581;0.734629;0.595927;0.901216;0.812730;0.864218;0.542744;0.913335;0.821846;0.866337;0.968652;0.963806;0.946904;0.922268;0.917794;0.873544;0.576764;0.962953;0.952092;0.938992;0.917373;0.907026;0.766420;0.652015;0.611770;0.912363;0.957805;0.960922;0.971141;0.932434;0.923226;0.862471;0.744932
PICO_MO200721_40;0.719785;0.702645;0.721583;0.853428;0.513159;0.637681;0.873834;0.000000;0.611759;0.912417;0.463580;0.682448;0.821606;0.832655;0.834302;0.775056;0.748633;0.729777;0.766971;0.612769;0.624195;0.585148;0.798591;0.633234;0.804304;0.737007;0.775660;0.780827;0.992244;0.859257;0.958365;0.713137;0.900625;0.845474;0.656197;0.935222;0.740015;0.791380;0.491005;0.954826;0.778131;0.749049;0.592625;0.972905;0.783053;0.719753;0.553329;0.957858;0.817846;0.803199;0.722031;0.957066;0.798002;0.961133;0.805661;0.800205;0.795163;0.775001;0.752747;0.901898;0.787105;0.910413;0.603230;0.981373;0.821725;0.909405;0.647294;0.982908;0.766165;0.736468;0.748762;0.691213;0.627990;0.601482;0.701663;0.828944;0.744404;0.707603;0.618610;0.640934;0.692921;0.768743;0.796731;0.813504;0.735672;0.838511;0.748726;0.744353;0.684895;0.598741;0.743762;0.752077
PICO_MO200721_5;0.823502;0.803747;0.812820;0.927798;0.461998;0.405439;0.938141;0.611759;0.000000;0.941465;0.585460;0.377229;0.881225;0.885842;0.887421;0.864401;0.851431;0.845795;0.894059;0.627697;0.672475;0.571061;0.908265;0.461261;0.911754;0.678813;0.871400;0.874097;0.995017;0.920601;0.974957;0.851446;0.945692;0.923505;0.812005;0.964373;0.831862;0.902205;0.648969;0.973257;0.729133;0.758843;0.723131;0.982384;0.604262;0.658274;0.746399;0.971854;0.701696;0.905974;0.580171;0.968572;0.700933;0.973903;0.870743;0.870519;0.871627;0.876884;0.863780;0.941416;0.887420;0.949555;0.684773;0.987303;0.669347;0.952770;0.731452;0.985263;0.637555;0.512269;0.542921;0.516393;0.529578;0.554497;0.735940;0.915166;0.500263;0.492620;0.516103;0.654553;0.691743;0.828268;0.867699;0.893390;0.832063;0.848105;0.635001;0.503383;0.566029;0.499535;0.782729;0.800864
PICO_MO200825_150;0.721212;0.803589;0.796487;0.675976;0.926870;0.945073;0.563978;0.912417;0.941465;0.000000;0.910386;0.950716;0.794485;0.828732;0.833628;0.797535;0.829962;0.854540;0.772661;0.941176;0.954453;0.942796;0.786676;0.951682;0.786779;0.854307;0.839545;0.833702;0.777784;0.764821;0.948261;0.891372;0.690257;0.795203;0.865325;0.703744;0.777251;0.800829;0.928245;0.722374;0.817786;0.778044;0.926540;0.737952;0.858580;0.721845;0.910726;0.697970;0.781349;0.788156;0.946652;0.688173;0.790196;0.828185;0.828706;0.827240;0.851824;0.824141;0.858971;0.686362;0.761457;0.607961;0.916883;0.713498;0.800112;0.594041;0.925121;0.718220;0.802924;0.967825;0.965246;0.949598;0.933783;0.935115;0.904644;0.759246;0.963313;0.955955;0.946478;0.937824;0.928784;0.842392;0.754070;0.754795;0.943779;0.970963;0.962885;0.968901;0.936809;0.932904;0.902059;0.823918
PICO_MO200825_40;0.718650;0.703718;0.715649;0.864850;0.450947;0.595560;0.888604;0.463580;0.585460;0.910386;0.000000;0.614878;0.823037;0.830472;0.831312;0.789380;0.755625;0.745352;0.812629;0.670414;0.712778;0.628620;0.846790;0.631167;0.851920;0.780112;0.788579;0.795366;0.992805;0.873393;0.954042;0.734817;0.905136;0.864877;0.685338;0.937963;0.770482;0.823309;0.554350;0.957259;0.800634;0.750307;0.550699;0.972994;0.784442;0.713616;0.555407;0.958129;0.809773;0.832432;0.659065;0.958679;0.780563;0.960008;0.805333;0.804131;0.812349;0.796714;0.769435;0.906057;0.815605;0.920411;0.536304;0.982999;0.799587;0.919043;0.578344;0.982345;0.741134;0.741162;0.718861;0.630293;0.550170;0.559690;0.646586;0.848454;0.715658;0.675689;0.582728;0.589278;0.627964;0.754358;0.799377;0.819696;0.776976;0.866589;0.738913;0.723410;0.612959;0.547795;0.706987;0.732460
PICO_MO200825_5;0.833130;0.808388;0.819020;0.946473;0.521341;0.457855;0.954358;0.682448;0.377229;0.950716;0.614878;0.000000;0.895250;0.899092;0.900427;0.877319;0.869768;0.869722;0.921388;0.684717;0.713492;0.625285;0.931324;0.499806;0.934132;0.695880;0.891705;0.891002;0.995406;0.931975;0.981527;0.880110;0.956680;0.939514;0.836861;0.973331;0.854815;0.926930;0.706366;0.979639;0.761756;0.773772;0.755423;0.985887;0.591850;0.662876;0.787019;0.976750;0.691729;0.931381;0.542192;0.972086;0.671515;0.977819;0.885196;0.884926;0.883866;0.892093;0.882851;0.953123;0.901282;0.958572;0.709452;0.986998;0.628479;0.963541;0.757927;0.985346;0.614339;0.542459;0.508294;0.486263;0.489144;0.526986;0.719771;0.937436;0.494593;0.458176;0.501838;0.630327;0.662748;0.834713;0.875816;0.905978;0.861875;0.874303;0.661170;0.490168;0.510931;0.476044;0.785616;0.793815
PICO_MO210204_150;0.570263;0.591342;0.558559;0.678377;0.856925;0.885979;0.711616;0.821606;0.881225;0.794485;0.823037;0.895250;0.000000;0.457118;0.464257;0.483636;0.511030;0.581636;0.658722;0.875371;0.899956;0.878875;0.716692;0.862231;0.719126;0.796512;0.528870;0.538684;0.954468;0.703874;0.886949;0.733742;0.745392;0.635561;0.729949;0.817857;0.803782;0.651702;0.812589;0.863969;0.849819;0.686632;0.794821;0.895294;0.883796;0.745659;0.780309;0.875281;0.846803;0.728177;0.844001;0.874664;0.854538;0.886310;0.528857;0.531971;0.647797;0.589440;0.637455;0.713714;0.692119;0.734356;0.791114;0.907542;0.882090;0.735617;0.785727;0.915071;0.858350;0.934686;0.929377;0.902329;0.867977;0.861239;0.750548;0.691332;0.934006;0.920304;0.890252;0.835044;0.796328;0.651744;0.632828;0.608911;0.903236;0.955508;0.937797;0.937166;0.882968;0.872430;0.738442;0.718725
PICO_MO210204_40;0.623015;0.625858;0.600365;0.739077;0.861705;0.891688;0.771233;0.832655;0.885842;0.828732;0.830472;0.899092;0.457118;0.000000;0.456534;0.562315;0.539197;0.587839;0.717625;0.881847;0.905262;0.883418;0.769705;0.874945;0.773274;0.834459;0.573269;0.586037;0.966061;0.735047;0.884115;0.746646;0.782795;0.698278;0.747589;0.846723;0.832520;0.705272;0.831031;0.888499;0.874062;0.741144;0.812267;0.911953;0.898891;0.787558;0.797243;0.896382;0.869630;0.767448;0.856720;0.897478;0.876101;0.896108;0.555081;0.570762;0.682015;0.652408;0.662413;0.752879;0.732221;0.777574;0.804039;0.925956;0.898011;0.788440;0.804539;0.933436;0.878325;0.937563;0.933053;0.904844;0.872119;0.867256;0.765410;0.748316;0.937576;0.924464;0.895754;0.844014;0.809993;0.693587;0.671241;0.646279;0.909339;0.954589;0.940036;0.939348;0.884901;0.876368;0.756031;0.752196
PICO_MO210204_5;0.635060;0.639286;0.614025;0.744631;0.861540;0.893679;0.776981;0.834302;0.887421;0.833628;0.831312;0.900427;0.464257;0.456534;0.000000;0.571680;0.539666;0.586305;0.726811;0.883367;0.908038;0.885083;0.778248;0.874705;0.780536;0.840989;0.578924;0.596463;0.967156;0.742123;0.893451;0.743346;0.783529;0.708055;0.748190;0.850419;0.835941;0.709987;0.830378;0.890502;0.877375;0.746781;0.810159;0.912218;0.900200;0.793550;0.794656;0.898059;0.871631;0.774812;0.853815;0.900416;0.878926;0.897933;0.558893;0.575747;0.693637;0.660827;0.662367;0.757054;0.739821;0.783066;0.802848;0.927830;0.900069;0.794098;0.801134;0.935465;0.879950;0.938874;0.934608;0.905560;0.871910;0.868608;0.771679;0.755304;0.938180;0.925263;0.897752;0.848190;0.814554;0.707607;0.686676;0.655568;0.909238;0.955561;0.941113;0.940102;0.885310;0.877501;0.761017;0.761134
PICO_MO210303_150;0.521264;0.508119;0.496186;0.644263;0.835005;0.868769;0.683026;0.775056;0.864401;0.797535;0.789380;0.877319;0.483636;0.562315;0.571680;0.000000;0.480229;0.548876;0.575646;0.856542;0.866742;0.851732;0.636062;0.834529;0.634924;0.712576;0.485961;0.468692;0.961098;0.645805;0.891200;0.707659;0.756443;0.580335;0.697951;0.823494;0.766686;0.618080;0.773196;0.873445;0.823297;0.627336;0.765107;0.912548;0.863613;0.707276;0.756600;0.887006;0.831900;0.686342;0.829706;0.879529;0.826045;0.900781;0.540409;0.521022;0.570560;0.490341;0.604610;0.727765;0.618679;0.737699;0.769278;0.915367;0.864676;0.719599;0.765415;0.929206;0.838542;0.919201;0.910060;0.884179;0.841488;0.824954;0.734995;0.626475;0.916522;0.898889;0.861572;0.805345;0.781923;0.638812;0.581372;0.541309;0.877394;0.948142;0.922564;0.917421;0.864518;0.848156;0.732552;0.688188
PICO_MO210303_40;0.575922;0.573155;0.557267;0.691601;0.811555;0.860556;0.735288;0.748633;0.851431;0.829962;0.755625;0.869768;0.511030;0.539197;0.539666;0.480229;0.000000;0.400590;0.633386;0.832746;0.858509;0.833075;0.712794;0.845977;0.718234;0.789388;0.501340;0.524658;0.975530;0.697290;0.898520;0.625658;0.763452;0.668005;0.654865;0.837733;0.781486;0.639288;0.770394;0.884639;0.853387;0.692655;0.759507;0.919475;0.886753;0.755332;0.730700;0.899232;0.861311;0.734513;0.832308;0.902907;0.860739;0.904995;0.547409;0.550223;0.654584;0.561759;0.522042;0.736970;0.640679;0.783638;0.754433;0.936199;0.889747;0.778095;0.767774;0.947388;0.867645;0.915592;0.907035;0.868607;0.819086;0.811465;0.743901;0.690603;0.911884;0.891665;0.854665;0.808054;0.788550;0.677923;0.649110;0.600588;0.847872;0.927877;0.913557;0.915181;0.845851;0.829003;0.737120;0.714454
PICO_MO210303_5;0.622308;0.607785;0.601512;0.724847;0.806579;0.858747;0.767597;0.729777;0.845795;0.854540;0.745352;0.869722;0.581636;0.587839;0.586305;0.548876;0.400590;0.000000;0.648945;0.818395;0.839345;0.820653;0.721765;0.842878;0.725917;0.790757;0.523197;0.550122;0.978601;0.707557;0.904927;0.595483;0.789558;0.701299;0.636049;0.854421;0.775116;0.660133;0.757653;0.897169;0.857547;0.712172;0.755852;0.926889;0.888387;0.770796;0.718331;0.910942;0.869279;0.743820;0.834230;0.914128;0.866485;0.912273;0.579849;0.582285;0.666322;0.589294;0.517624;0.761016;0.636402;0.810181;0.747795;0.943937;0.892885;0.807740;0.771805;0.953688;0.871459;0.909569;0.901798;0.861138;0.811526;0.804380;0.757161;0.713605;0.905940;0.884459;0.847993;0.805354;0.797823;0.706294;0.676658;0.632861;0.812368;0.900225;0.905255;0.911970;0.841387;0.821885;0.750826;0.733672
PICO_MO210531_150;0.602693;0.598834;0.602375;0.532103;0.871579;0.904929;0.594096;0.766971;0.894059;0.772661;0.812629;0.921388;0.658722;0.717625;0.726811;0.575646;0.633386;0.648945;0.000000;0.846105;0.854133;0.858796;0.515211;0.895038;0.518392;0.662684;0.580040;0.579722;0.962922;0.724263;0.888674;0.702318;0.750350;0.575136;0.708869;0.813745;0.770214;0.521580;0.809111;0.862364;0.860522;0.586252;0.837905;0.904423;0.905081;0.737181;0.787063;0.879743;0.877279;0.600116;0.908141;0.870228;0.871159;0.917773;0.670462;0.652577;0.684684;0.552806;0.656693;0.750326;0.666779;0.733012;0.830968;0.914448;0.903815;0.684813;0.851269;0.929039;0.898662;0.939313;0.932360;0.906681;0.872555;0.861653;0.810085;0.491903;0.933206;0.916196;0.892504;0.853478;0.845731;0.699750;0.642075;0.567262;0.805090;0.910030;0.930852;0.947751;0.895046;0.874636;0.793061;0.706708
PICO_MO210531_40_2;0.844066;0.833186;0.837740;0.916274;0.617651;0.642486;0.929637;0.612769;0.627697;0.941176;0.670414;0.684717;0.875371;0.881847;0.883367;0.856542;0.832746;0.818395;0.846105;0.000000;0.391137;0.444500;0.870659;0.631262;0.874585;0.767438;0.851192;0.858445;0.991876;0.908623;0.962809;0.798639;0.929235;0.893962;0.773937;0.950566;0.786849;0.860523;0.634045;0.963438;0.771131;0.807083;0.742317;0.975169;0.779734;0.787534;0.733222;0.963157;0.836697;0.877277;0.759583;0.962001;0.827544;0.970025;0.868583;0.866984;0.876030;0.856003;0.832867;0.924145;0.866401;0.931352;0.721324;0.979937;0.817012;0.937278;0.776205;0.978724;0.789807;0.700337;0.736632;0.696515;0.692733;0.691227;0.811613;0.894450;0.689199;0.688136;0.692312;0.763366;0.797892;0.858516;0.880785;0.890674;0.761945;0.754586;0.654508;0.755974;0.741735;0.658164;0.831946;0.846075
PICO_MO210531_40;0.853861;0.833465;0.849434;0.929659;0.685672;0.692759;0.940734;0.624195;0.672475;0.954453;0.712778;0.713492;0.899956;0.905262;0.908038;0.866742;0.858509;0.839345;0.854133;0.391137;0.000000;0.509142;0.862215;0.641367;0.863472;0.708511;0.865983;0.865741;0.993308;0.902121;0.968212;0.817276;0.941485;0.903348;0.781350;0.958121;0.770623;0.881221;0.655163;0.968997;0.754868;0.823286;0.766335;0.981331;0.727813;0.791504;0.760846;0.971266;0.839595;0.880178;0.792430;0.968828;0.810323;0.974723;0.885663;0.880246;0.864068;0.859318;0.848372;0.936956;0.851665;0.944706;0.761055;0.984078;0.805625;0.947949;0.807545;0.984032;0.786177;0.674024;0.709266;0.724363;0.718477;0.685619;0.819646;0.904187;0.682275;0.682920;0.671167;0.753197;0.807021;0.864260;0.881590;0.898515;0.765883;0.781975;0.699756;0.684064;0.769898;0.704010;0.851701;0.854559
PICO_MO210531_5;0.828251;0.808737;0.819668;0.919266;0.563383;0.589462;0.932051;0.585148;0.571061;0.942796;0.628620;0.625285;0.878875;0.883418;0.885083;0.851732;0.833075;0.820653;0.858796;0.444500;0.509142;0.000000;0.878662;0.575285;0.883002;0.736432;0.853801;0.856953;0.993511;0.906442;0.969312;0.806923;0.935342;0.903110;0.762374;0.956166;0.773687;0.874134;0.600605;0.968099;0.744389;0.802485;0.718240;0.978913;0.728918;0.767585;0.716530;0.967091;0.823198;0.885752;0.732037;0.965279;0.797603;0.972742;0.866509;0.865462;0.865164;0.856342;0.836392;0.932407;0.864098;0.940778;0.703849;0.983957;0.785972;0.943088;0.752359;0.983674;0.751186;0.627284;0.682711;0.667251;0.642088;0.638848;0.778314;0.898521;0.645240;0.630033;0.614837;0.711133;0.762362;0.839483;0.864926;0.882286;0.785254;0.810842;0.680254;0.683643;0.696775;0.628489;0.810044;0.830763
PICO_MO210721_150;0.670499;0.685235;0.691626;0.599833;0.895970;0.915453;0.627444;0.798591;0.908265;0.786676;0.846790;0.931324;0.716692;0.769705;0.778248;0.636062;0.712794;0.721765;0.515211;0.870659;0.862215;0.878662;0.000000;0.872168;0.298150;0.476100;0.651858;0.646273;0.952140;0.736657;0.908528;0.746914;0.791514;0.625050;0.737180;0.835687;0.751962;0.571590;0.796096;0.871575;0.824988;0.532955;0.821542;0.908952;0.882845;0.698357;0.787601;0.880898;0.852191;0.498876;0.905683;0.859028;0.846406;0.920884;0.714470;0.690725;0.681606;0.602377;0.713933;0.779930;0.681580;0.701141;0.832127;0.906305;0.884187;0.663266;0.848606;0.924521;0.880543;0.943210;0.934561;0.922321;0.898141;0.881473;0.842096;0.589063;0.940854;0.926371;0.899151;0.872585;0.878490;0.755043;0.680004;0.656233;0.836305;0.925249;0.938687;0.954744;0.914871;0.896215;0.840747;0.743410
PICO_MO210721_40;0.846573;0.824434;0.835675;0.938244;0.515482;0.478055;0.948580;0.633234;0.461261;0.951682;0.631167;0.499806;0.862231;0.874945;0.874705;0.834529;0.845977;0.842878;0.895038;0.631262;0.641367;0.575285;0.872168;0.000000;0.876141;0.560666;0.852422;0.849067;0.992390;0.897421;0.973495;0.838148;0.942562;0.887676;0.785722;0.961767;0.792401;0.880125;0.577569;0.970394;0.674646;0.733995;0.662202;0.979150;0.566078;0.635809;0.701485;0.967361;0.675005;0.879803;0.595766;0.960246;0.681058;0.970104;0.847841;0.840585;0.834548;0.844862;0.852882;0.932498;0.865048;0.926232;0.647968;0.980861;0.665518;0.941253;0.695377;0.979551;0.631977;0.537422;0.569326;0.568528;0.596844;0.584735;0.753407;0.925647;0.538856;0.534833;0.546384;0.664686;0.725213;0.845519;0.877361;0.905222;0.831691;0.853502;0.644828;0.557019;0.630214;0.568222;0.811386;0.825475
PICO_MO210721_500;0.671897;0.685323;0.692270;0.604725;0.899713;0.919225;0.630847;0.804304;0.911754;0.786779;0.851920;0.934132;0.719126;0.773274;0.780536;0.634924;0.718234;0.725917;0.518392;0.874585;0.863472;0.883002;0.298150;0.876141;0.000000;0.276812;0.651743;0.643619;0.949980;0.730352;0.912668;0.751616;0.793173;0.617679;0.743351;0.836477;0.751006;0.578168;0.798893;0.871853;0.824688;0.528799;0.822956;0.909216;0.881279;0.698278;0.790733;0.881064;0.850876;0.504534;0.906167;0.859492;0.844282;0.920262;0.713607;0.686843;0.670254;0.601583;0.717483;0.781223;0.677402;0.700950;0.834496;0.904912;0.884898;0.664582;0.848709;0.922336;0.877545;0.944461;0.937044;0.924633;0.900669;0.883825;0.844400;0.585379;0.942402;0.927936;0.902485;0.874616;0.878814;0.755315;0.677103;0.653545;0.839110;0.929612;0.940592;0.955281;0.917211;0.899735;0.840672;0.747911
PICO_MO210721_5;0.731945;0.722909;0.742922;0.739673;0.747724;0.703767;0.757048;0.737007;0.678813;0.854307;0.780112;0.695880;0.796512;0.834459;0.840989;0.712576;0.789388;0.790757;0.662684;0.767438;0.708511;0.736432;0.476100;0.560666;0.276812;0.000000;0.734564;0.718834;0.964811;0.770122;0.939562;0.808337;0.858025;0.722061;0.781223;0.884885;0.739519;0.710338;0.715031;0.908436;0.700724;0.570491;0.782787;0.939756;0.615005;0.620949;0.787981;0.917452;0.724938;0.634697;0.762874;0.897979;0.708835;0.941255;0.775473;0.748451;0.691095;0.686919;0.785200;0.845889;0.726515;0.792351;0.782489;0.931634;0.718246;0.772568;0.815311;0.944514;0.718272;0.686698;0.696702;0.742239;0.755236;0.722744;0.803376;0.713359;0.681429;0.684874;0.706447;0.765366;0.805283;0.781210;0.736731;0.744919;0.830428;0.885601;0.776603;0.695430;0.782838;0.740788;0.829723;0.765617
PICO_MO220224_150;0.545753;0.529898;0.528174;0.668624;0.842693;0.880938;0.719848;0.775660;0.871400;0.839545;0.788579;0.891705;0.528870;0.573269;0.578924;0.485961;0.501340;0.523197;0.580040;0.851192;0.865983;0.853801;0.651858;0.852422;0.651743;0.734564;0.000000;0.358226;0.970583;0.576903;0.863541;0.666852;0.757080;0.585887;0.690589;0.831078;0.766791;0.591714;0.774043;0.882148;0.840835;0.648271;0.775192;0.920540;0.880682;0.743100;0.746348;0.899054;0.856118;0.688469;0.844318;0.897104;0.852126;0.901468;0.496617;0.479738;0.546851;0.505511;0.578448;0.732167;0.609593;0.774201;0.774980;0.932740;0.885844;0.760154;0.784353;0.944930;0.866596;0.919173;0.912490;0.880170;0.840480;0.823101;0.739836;0.639581;0.915105;0.897561;0.866772;0.797934;0.774858;0.623856;0.589177;0.530646;0.845998;0.925169;0.919504;0.924065;0.867516;0.848807;0.719372;0.681857
PICO_MO220224_40;0.534151;0.512907;0.518306;0.674797;0.846102;0.880967;0.721663;0.780827;0.874097;0.833702;0.795366;0.891002;0.538684;0.586037;0.596463;0.468692;0.524658;0.550122;0.579722;0.858445;0.865741;0.856953;0.646273;0.849067;0.643619;0.718834;0.358226;0.000000;0.967112;0.551449;0.866459;0.690290;0.765299;0.576805;0.699079;0.832824;0.766625;0.608604;0.776437;0.882438;0.833806;0.643898;0.775853;0.921188;0.872769;0.733384;0.754184;0.898861;0.848571;0.685801;0.842629;0.892972;0.840331;0.901205;0.491918;0.466355;0.501667;0.496147;0.598040;0.737746;0.597552;0.766473;0.777172;0.928862;0.877069;0.751273;0.783240;0.941887;0.856011;0.918289;0.910758;0.882146;0.842459;0.821518;0.732288;0.637727;0.914310;0.897561;0.865518;0.792423;0.767860;0.608923;0.572988;0.529141;0.854311;0.931335;0.920826;0.921318;0.868567;0.851798;0.713318;0.671618
PICO_MO220224_500;0.936622;0.970356;0.969453;0.934298;0.994851;0.995173;0.875438;0.992244;0.995017;0.777784;0.992805;0.995406;0.954468;0.966061;0.967156;0.961098;0.975530;0.978601;0.962922;0.991876;0.993308;0.993511;0.952140;0.992390;0.949980;0.964811;0.970583;0.967112;0.000000;0.328183;0.984323;0.983815;0.682626;0.945750;0.981511;0.573338;0.690409;0.966840;0.989543;0.529335;0.697381;0.954645;0.989089;0.616700;0.799108;0.896148;0.988302;0.516699;0.654778;0.954243;0.992611;0.551052;0.706063;0.680173;0.959407;0.954132;0.954671;0.964235;0.978924;0.651839;0.754830;0.805529;0.987832;0.500924;0.665236;0.851163;0.989596;0.526785;0.688730;0.996428;0.996347;0.995594;0.995119;0.993324;0.986377;0.959640;0.996827;0.996264;0.994850;0.993348;0.992109;0.973502;0.935782;0.948985;0.993840;0.996285;0.996188;0.997530;0.994994;0.994741;0.986883;0.969712
PICO_MO220224_5;0.669411;0.673324;0.684522;0.771787;0.905966;0.926219;0.760687;0.859257;0.920601;0.764821;0.873393;0.931975;0.703874;0.735047;0.742123;0.645805;0.697290;0.707557;0.724263;0.908623;0.902121;0.906442;0.736657;0.897421;0.730352;0.770122;0.576903;0.551449;0.328183;0.000000;0.918925;0.803783;0.661790;0.706798;0.809197;0.619573;0.617652;0.750447;0.851911;0.618964;0.657324;0.744923;0.855341;0.729336;0.764058;0.754649;0.845709;0.635246;0.654969;0.773318;0.900457;0.642170;0.670657;0.738194;0.655554;0.630781;0.608745;0.659043;0.738879;0.619366;0.546652;0.736417;0.856524;0.629629;0.666445;0.757740;0.862509;0.676830;0.682969;0.944157;0.938888;0.923966;0.901448;0.880096;0.827510;0.756394;0.943712;0.931618;0.909638;0.860930;0.852918;0.741627;0.670444;0.671003;0.904603;0.954128;0.947849;0.946958;0.918788;0.906848;0.823206;0.778814
PICO_MO220426_150;0.898173;0.898873;0.895766;0.908681;0.970084;0.976359;0.927027;0.958365;0.974957;0.948261;0.954042;0.981527;0.886949;0.884115;0.893451;0.891200;0.898520;0.904927;0.888674;0.962809;0.968212;0.969312;0.908528;0.973495;0.912668;0.939562;0.863541;0.866459;0.984323;0.918925;0.000000;0.882281;0.865743;0.853020;0.905886;0.878452;0.895450;0.870026;0.943751;0.925670;0.939870;0.903934;0.947987;0.932760;0.958123;0.937470;0.943421;0.943537;0.953515;0.887073;0.971275;0.952513;0.961232;0.955718;0.892278;0.896045;0.911957;0.872444;0.893320;0.902604;0.906005;0.920106;0.946421;0.971591;0.972689;0.927011;0.952961;0.974565;0.970846;0.983704;0.981815;0.971021;0.968674;0.958835;0.924001;0.908742;0.984678;0.980847;0.973536;0.933608;0.926612;0.898238;0.914774;0.897564;0.952610;0.966336;0.980014;0.989709;0.972382;0.966929;0.907278;0.903761
PICO_MO220426_40;0.733334;0.735661;0.732827;0.791839;0.808213;0.858343;0.830225;0.713137;0.851446;0.891372;0.734817;0.880110;0.733742;0.746646;0.743346;0.707659;0.625658;0.595483;0.702318;0.798639;0.817276;0.806923;0.746914;0.838148;0.751616;0.808337;0.666852;0.690290;0.983815;0.803783;0.882281;0.000000;0.797729;0.682944;0.541211;0.871111;0.703744;0.651203;0.699414;0.908691;0.838359;0.727710;0.714592;0.934669;0.884971;0.782857;0.665620;0.921569;0.875821;0.737847;0.845529;0.924870;0.878589;0.935078;0.725237;0.725817;0.771222;0.671489;0.575153;0.820878;0.681477;0.846701;0.731976;0.959766;0.907487;0.852952;0.765502;0.965168;0.886040;0.909090;0.895753;0.858913;0.816091;0.816972;0.798933;0.766200;0.900201;0.875694;0.842262;0.817525;0.822213;0.782936;0.779378;0.755878;0.763668;0.873953;0.892697;0.919316;0.838916;0.820420;0.802805;0.800050
PICO_MO220426_500;0.745361;0.790448;0.779992;0.733359;0.932604;0.949351;0.702668;0.900625;0.945692;0.690257;0.905136;0.956680;0.745392;0.782795;0.783529;0.756443;0.763452;0.789558;0.750350;0.929235;0.941485;0.935342;0.791514;0.942562;0.793173;0.858025;0.757080;0.765299;0.682626;0.661790;0.865743;0.797729;0.000000;0.714618;0.807502;0.522365;0.633691;0.721985;0.893357;0.564596;0.710813;0.777212;0.900294;0.578033;0.775688;0.778729;0.879027;0.584965;0.698567;0.796992;0.939311;0.605184;0.733033;0.730121;0.773349;0.768413;0.816973;0.752350;0.775645;0.521011;0.626859;0.675593;0.895792;0.626317;0.740593;0.701708;0.904856;0.610706;0.730084;0.969074;0.964665;0.950413;0.933381;0.928918;0.885178;0.766030;0.965002;0.956690;0.943793;0.918814;0.907633;0.817737;0.777444;0.752693;0.919517;0.963664;0.962647;0.973461;0.939268;0.933956;0.877650;0.832887
PICO_MO220517_150;0.653345;0.664224;0.654490;0.631911;0.907217;0.925229;0.671033;0.845474;0.923505;0.795203;0.864877;0.939514;0.635561;0.698278;0.708055;0.580335;0.668005;0.701299;0.575136;0.893962;0.903348;0.903110;0.625050;0.887676;0.617679;0.722061;0.585887;0.576805;0.945750;0.706798;0.853020;0.682944;0.714618;0.000000;0.659694;0.784491;0.734046;0.531679;0.775629;0.839064;0.796871;0.585630;0.791056;0.880122;0.870397;0.703914;0.776856;0.852615;0.831855;0.652137;0.895178;0.846273;0.846326;0.904566;0.650213;0.631623;0.662574;0.551184;0.674043;0.727016;0.665930;0.705129;0.824020;0.893008;0.885713;0.703066;0.830549;0.909938;0.874590;0.954228;0.947573;0.932643;0.910164;0.898403;0.820963;0.611475;0.952793;0.940928;0.915602;0.870044;0.855691;0.716256;0.662876;0.614003;0.890592;0.951742;0.950255;0.962708;0.923226;0.911174;0.809835;0.761889
PICO_MO220517_40;0.714624;0.716107;0.715311;0.779868;0.743765;0.811978;0.809889;0.656197;0.812005;0.865325;0.685338;0.836861;0.729949;0.747589;0.748190;0.697951;0.654865;0.636049;0.708869;0.773937;0.781350;0.762374;0.737180;0.785722;0.743351;0.781223;0.690589;0.699079;0.981511;0.809197;0.905886;0.541211;0.807502;0.659694;0.000000;0.866162;0.705952;0.647391;0.607585;0.900250;0.796825;0.685880;0.632343;0.925033;0.842333;0.720428;0.589961;0.904119;0.836732;0.728278;0.799931;0.906567;0.837450;0.934766;0.724448;0.724891;0.763022;0.677407;0.636507;0.817267;0.707060;0.826136;0.668085;0.948736;0.873704;0.830708;0.704933;0.957050;0.846687;0.877654;0.868229;0.824642;0.770028;0.764218;0.749184;0.763677;0.869731;0.844496;0.790794;0.769087;0.781961;0.758167;0.765105;0.752590;0.775249;0.844255;0.865343;0.881847;0.802510;0.772332;0.769660;0.755699
PICO_MO220517_500;0.805637;0.844807;0.838680;0.784504;0.955396;0.966997;0.744325;0.935222;0.964373;0.703744;0.937963;0.973331;0.817857;0.846723;0.850419;0.823494;0.837733;0.854421;0.813745;0.950566;0.958121;0.956166;0.835687;0.961767;0.836477;0.884885;0.831078;0.832824;0.573338;0.619573;0.878452;0.871111;0.522365;0.784491;0.866162;0.000000;0.293050;0.798423;0.928413;0.481640;0.660806;0.825111;0.933875;0.564210;0.765593;0.808868;0.920726;0.520554;0.653278;0.841321;0.961436;0.548608;0.696961;0.705534;0.838541;0.832890;0.861161;0.822132;0.849851;0.551629;0.661175;0.708659;0.928534;0.557491;0.695476;0.738072;0.938959;0.560480;0.700124;0.979133;0.976292;0.965585;0.955441;0.949069;0.916577;0.818085;0.976986;0.971003;0.961321;0.944356;0.935474;0.862536;0.819305;0.807789;0.945410;0.968854;0.971884;0.983100;0.959636;0.954329;0.914371;0.869011
PICO_MO220517_5;0.764879;0.776346;0.785928;0.811872;0.800411;0.828183;0.793451;0.740015;0.831862;0.777251;0.770482;0.854815;0.803782;0.832520;0.835941;0.766686;0.781486;0.775116;0.770214;0.786849;0.770623;0.773687;0.751962;0.792401;0.751006;0.739519;0.766791;0.766625;0.690409;0.617652;0.895450;0.703744;0.633691;0.734046;0.705952;0.293050;0.000000;0.744318;0.693257;0.615198;0.562322;0.723428;0.749733;0.703478;0.684970;0.702272;0.748170;0.653330;0.628408;0.768352;0.846421;0.657261;0.644846;0.780711;0.795256;0.781423;0.776236;0.738189;0.762742;0.643831;0.604797;0.752470;0.778330;0.676859;0.660264;0.781612;0.808651;0.696596;0.653132;0.868133;0.859346;0.842432;0.817656;0.808194;0.827539;0.804369;0.862330;0.842175;0.814349;0.816584;0.840379;0.814533;0.785365;0.795564;0.820651;0.909181;0.857592;0.879998;0.845627;0.821517;0.850705;0.819641
PICO_MO220616_150;0.665510;0.680680;0.670853;0.591203;0.880144;0.907392;0.645314;0.791380;0.902205;0.800829;0.823309;0.926930;0.651702;0.705272;0.709987;0.618080;0.639288;0.660133;0.521580;0.860523;0.881221;0.874134;0.571590;0.880125;0.578168;0.710338;0.591714;0.608604;0.966840;0.750447;0.870026;0.651203;0.721985;0.531679;0.647391;0.798423;0.744318;0.000000;0.749861;0.845757;0.824469;0.532769;0.781106;0.884937;0.882924;0.708063;0.724499;0.861411;0.847846;0.596219;0.890479;0.859121;0.863991;0.916391;0.659380;0.651069;0.708833;0.571937;0.635089;0.735410;0.681809;0.706713;0.795440;0.916127;0.904034;0.697420;0.819716;0.932004;0.896033;0.942724;0.933073;0.914065;0.886011;0.876279;0.823593;0.585452;0.939678;0.923395;0.894335;0.863555;0.861474;0.733309;0.699765;0.635578;0.831578;0.916861;0.930229;0.955419;0.899198;0.882218;0.810735;0.743841
PICO_MO220616_40;0.786397;0.771962;0.782745;0.886220;0.558674;0.650625;0.903101;0.491005;0.648969;0.928245;0.554350;0.706366;0.812589;0.831031;0.830378;0.773196;0.770394;0.757653;0.809111;0.634045;0.655163;0.600605;0.796096;0.577569;0.798893;0.715031;0.774043;0.776437;0.989543;0.851911;0.943751;0.699414;0.893357;0.775629;0.607585;0.928413;0.693257;0.749861;0.000000;0.943576;0.650489;0.695964;0.473886;0.960304;0.718879;0.645933;0.523657;0.946213;0.744418;0.785730;0.684405;0.941329;0.760265;0.956718;0.785914;0.777153;0.774200;0.755517;0.758453;0.891942;0.786057;0.877027;0.563372;0.972723;0.796343;0.901805;0.603502;0.976608;0.735430;0.740019;0.746350;0.712969;0.672383;0.655884;0.739723;0.861536;0.743274;0.713309;0.633907;0.681854;0.739334;0.804637;0.828651;0.849062;0.760818;0.855082;0.743511;0.751063;0.715077;0.651554;0.781173;0.798327
PICO_MO220616_500;0.854979;0.891054;0.886843;0.834007;0.968651;0.974537;0.786755;0.954826;0.973257;0.722374;0.957259;0.979639;0.863969;0.888499;0.890502;0.873445;0.884639;0.897169;0.862364;0.963438;0.968997;0.968099;0.871575;0.970394;0.871853;0.908436;0.882148;0.882438;0.529335;0.618964;0.925670;0.908691;0.564596;0.839064;0.900250;0.481640;0.615198;0.845757;0.943576;0.000000;0.369320;0.861856;0.950829;0.529598;0.747048;0.829780;0.940967;0.479973;0.623868;0.873262;0.968255;0.497275;0.664929;0.689801;0.877593;0.871909;0.892815;0.870839;0.889880;0.576081;0.687991;0.731507;0.944733;0.494118;0.652574;0.764605;0.953152;0.520208;0.674185;0.983216;0.982223;0.975946;0.968854;0.965066;0.942098;0.865915;0.982594;0.978619;0.972252;0.962779;0.958161;0.902311;0.862453;0.860905;0.962310;0.979433;0.979823;0.987457;0.971140;0.968086;0.940377;0.902700
PICO_MO220616_5;0.834205;0.841870;0.848667;0.877587;0.757940;0.729924;0.854190;0.778131;0.729133;0.817786;0.800634;0.761756;0.849819;0.874062;0.877375;0.823297;0.853387;0.857547;0.860522;0.771131;0.754868;0.744389;0.824988;0.674646;0.824688;0.700724;0.840835;0.833806;0.697381;0.657324;0.939870;0.838359;0.710813;0.796871;0.796825;0.660806;0.562322;0.824469;0.650489;0.369320;0.000000;0.738013;0.740126;0.723281;0.562882;0.654641;0.786965;0.671623;0.540501;0.831538;0.787785;0.664110;0.579126;0.796152;0.836030;0.821332;0.804109;0.808735;0.846566;0.705265;0.688041;0.791703;0.778351;0.673448;0.577896;0.826330;0.800688;0.709190;0.570459;0.739745;0.774967;0.794812;0.798333;0.786836;0.848737;0.882359;0.768482;0.761246;0.753398;0.815625;0.849140;0.860243;0.843387;0.867682;0.882782;0.925952;0.783429;0.780760;0.818379;0.786187;0.878264;0.860030
PICO_MO220728_150;0.649858;0.668467;0.666839;0.601178;0.767059;0.765596;0.633698;0.749049;0.758843;0.778044;0.750307;0.773772;0.686632;0.741144;0.746781;0.627336;0.692655;0.712172;0.586252;0.807083;0.823286;0.802485;0.532955;0.733995;0.528799;0.570491;0.648271;0.643898;0.954645;0.744923;0.903934;0.727710;0.777212;0.585630;0.685880;0.825111;0.723428;0.532769;0.695964;0.861856;0.738013;0.000000;0.712662;0.897174;0.745941;0.538314;0.703501;0.866705;0.714347;0.557923;0.730788;0.844793;0.738014;0.917938;0.683052;0.666488;0.677116;0.601835;0.696577;0.765356;0.689812;0.683585;0.718537;0.903447;0.782233;0.674536;0.755547;0.917808;0.762826;0.828637;0.817798;0.787935;0.769714;0.777932;0.764872;0.616404;0.817938;0.804430;0.779943;0.783447;0.787974;0.714503;0.661396;0.646990;0.848955;0.915606;0.845208;0.834876;0.775152;0.766705;0.780365;0.708436
PICO_MO220728_40;0.794741;0.791661;0.791136;0.893521;0.624024;0.717779;0.911711;0.592625;0.723131;0.926540;0.550699;0.755423;0.794821;0.812267;0.810159;0.765107;0.759507;0.755852;0.837905;0.742317;0.766335;0.718240;0.821542;0.662202;0.822956;0.782787;0.775192;0.775853;0.989089;0.855341;0.947987;0.714592;0.900294;0.791056;0.632343;0.933875;0.749733;0.781106;0.473886;0.950829;0.740126;0.712662;0.000000;0.964029;0.762245;0.647360;0.455407;0.947352;0.757451;0.787526;0.668054;0.942315;0.769690;0.954832;0.769731;0.763477;0.771971;0.758601;0.759297;0.887536;0.799903;0.879889;0.483378;0.972994;0.827422;0.900846;0.486742;0.975402;0.750217;0.820377;0.804851;0.761625;0.706059;0.688266;0.718375;0.878457;0.819976;0.788470;0.668192;0.694178;0.748797;0.808510;0.832289;0.856072;0.820927;0.900272;0.823539;0.814857;0.743645;0.695639;0.787354;0.804892
PICO_MO220728_500;0.892943;0.929299;0.924444;0.868871;0.979614;0.982977;0.814078;0.972905;0.982384;0.737952;0.972994;0.985887;0.895294;0.911953;0.912218;0.912548;0.919475;0.926889;0.904423;0.975169;0.981331;0.978913;0.908952;0.979150;0.909216;0.939756;0.920540;0.921188;0.616700;0.729336;0.932760;0.934669;0.578033;0.880122;0.925033;0.564210;0.703478;0.884937;0.960304;0.529598;0.723281;0.897174;0.964029;0.000000;0.566257;0.854430;0.957236;0.518801;0.683429;0.900694;0.976184;0.534578;0.720407;0.709740;0.908017;0.907004;0.927512;0.910406;0.922757;0.591483;0.733778;0.740104;0.959791;0.556420;0.723924;0.788169;0.966919;0.514574;0.709425;0.989063;0.988396;0.984203;0.981480;0.979078;0.960366;0.903013;0.988837;0.987109;0.982846;0.978552;0.974440;0.934854;0.897549;0.897686;0.977282;0.987183;0.986844;0.991966;0.981158;0.979435;0.957829;0.928142
PICO_MO220728_5;0.856516;0.855216;0.865310;0.915864;0.722255;0.652586;0.894873;0.783053;0.604262;0.858580;0.784442;0.591850;0.883796;0.898891;0.900200;0.863613;0.886753;0.888387;0.905081;0.779734;0.727813;0.728918;0.882845;0.566078;0.881279;0.615005;0.880682;0.872769;0.799108;0.764058;0.958123;0.884971;0.775688;0.870397;0.842333;0.765593;0.684970;0.882924;0.718879;0.747048;0.562882;0.745941;0.762245;0.566257;0.000000;0.616623;0.807353;0.756046;0.512551;0.878948;0.671411;0.742174;0.522713;0.843614;0.865400;0.855852;0.836468;0.858874;0.883384;0.769600;0.755615;0.837320;0.769614;0.765929;0.520170;0.871133;0.800828;0.770297;0.526260;0.602584;0.590595;0.669295;0.709469;0.687433;0.817726;0.918088;0.582362;0.591400;0.631493;0.752934;0.800757;0.870691;0.869271;0.897886;0.893629;0.913117;0.752934;0.566410;0.721771;0.685879;0.864724;0.850516
PICO_MO220829_150;0.695841;0.732591;0.733320;0.728122;0.700931;0.684274;0.690437;0.719753;0.658274;0.721845;0.713616;0.662876;0.745659;0.787558;0.793550;0.707276;0.755332;0.770796;0.737181;0.787534;0.791504;0.767585;0.698357;0.635809;0.698278;0.620949;0.743100;0.733384;0.896148;0.754649;0.937470;0.782857;0.778729;0.703914;0.720428;0.808868;0.702272;0.708063;0.645933;0.829780;0.654641;0.538314;0.647360;0.854430;0.616623;0.000000;0.672948;0.819003;0.525194;0.691370;0.611935;0.799252;0.604275;0.888751;0.732700;0.716845;0.710194;0.701714;0.762221;0.760325;0.711002;0.679762;0.667193;0.842473;0.650879;0.697031;0.699651;0.856104;0.620070;0.751475;0.724551;0.707392;0.706204;0.705588;0.754530;0.753454;0.736377;0.708825;0.685024;0.738887;0.765310;0.765350;0.715764;0.744981;0.858090;0.909862;0.793630;0.739508;0.696311;0.687809;0.802448;0.742020
PICO_MO220829_40;0.768151;0.771271;0.770427;0.855226;0.653666;0.750992;0.878841;0.553329;0.746399;0.910726;0.555407;0.787019;0.780309;0.797243;0.794656;0.756600;0.730700;0.718331;0.787063;0.733222;0.760846;0.716530;0.787601;0.701485;0.790733;0.787981;0.746348;0.754184;0.988302;0.845709;0.943421;0.665620;0.879027;0.776856;0.589961;0.920726;0.748170;0.724499;0.523657;0.940967;0.786965;0.703501;0.455407;0.957236;0.807353;0.672948;0.000000;0.937744;0.804839;0.725236;0.720663;0.934382;0.809727;0.949668;0.755419;0.752506;0.775754;0.740028;0.721984;0.870456;0.778967;0.858886;0.515279;0.969788;0.854434;0.875395;0.552136;0.973306;0.799937;0.839309;0.827881;0.770195;0.712169;0.690841;0.717860;0.836129;0.837382;0.802203;0.704864;0.700927;0.754029;0.792390;0.816783;0.827716;0.792517;0.879221;0.836360;0.846260;0.753603;0.699036;0.772445;0.779254
PICO_MO220829_500;0.866311;0.907000;0.902367;0.844519;0.967265;0.973089;0.784065;0.957858;0.971854;0.697970;0.958129;0.976750;0.875281;0.896382;0.898059;0.887006;0.899232;0.910942;0.879743;0.963157;0.971266;0.967091;0.880898;0.967361;0.881064;0.917452;0.899054;0.898861;0.516699;0.635246;0.943537;0.921569;0.584965;0.852615;0.904119;0.520554;0.653330;0.861411;0.946213;0.479973;0.671623;0.866705;0.947352;0.518801;0.756046;0.819003;0.937744;0.000000;0.318721;0.876635;0.965599;0.473271;0.663012;0.674078;0.887391;0.884710;0.904957;0.884975;0.903832;0.579598;0.704235;0.716825;0.944692;0.483175;0.657993;0.759284;0.951577;0.494960;0.671699;0.982618;0.981074;0.974971;0.970264;0.968083;0.948939;0.881225;0.982765;0.978992;0.971589;0.967754;0.965605;0.916237;0.871016;0.875229;0.967650;0.980888;0.978936;0.986237;0.970655;0.968104;0.949553;0.908872
PICO_MO220829_5;0.833811;0.852938;0.853009;0.879080;0.772455;0.726527;0.841629;0.817846;0.701696;0.781349;0.809773;0.691729;0.846803;0.869630;0.871631;0.831900;0.861311;0.869279;0.877279;0.836697;0.839595;0.823198;0.852191;0.675005;0.850876;0.724938;0.856118;0.848571;0.654778;0.654969;0.953515;0.875821;0.698567;0.831855;0.836732;0.653278;0.628408;0.847846;0.744418;0.623868;0.540501;0.714347;0.757451;0.683429;0.512551;0.525194;0.804839;0.318721;0.000000;0.846103;0.652418;0.610536;0.479178;0.762905;0.831637;0.820538;0.813001;0.827228;0.861653;0.680857;0.699286;0.767970;0.764875;0.629403;0.502511;0.811007;0.788331;0.657044;0.498942;0.769259;0.743438;0.750444;0.771988;0.774626;0.831233;0.891516;0.756916;0.738010;0.742442;0.809170;0.826831;0.862183;0.843925;0.872845;0.905927;0.932536;0.819236;0.755410;0.749919;0.751544;0.868809;0.840680
PICO_MO221011_150;0.695933;0.725821;0.727710;0.634759;0.892774;0.913135;0.662548;0.803199;0.905974;0.788156;0.832432;0.931381;0.728177;0.767448;0.774812;0.686342;0.734513;0.743820;0.600116;0.877277;0.880178;0.885752;0.498876;0.879803;0.504534;0.634697;0.688469;0.685801;0.954243;0.773318;0.887073;0.737847;0.796992;0.652137;0.728278;0.841321;0.768352;0.596219;0.785730;0.873262;0.831538;0.557923;0.787526;0.900694;0.878948;0.691370;0.725236;0.876635;0.846103;0.000000;0.890766;0.849531;0.840145;0.917731;0.717336;0.704723;0.711003;0.637505;0.723604;0.782648;0.712867;0.690298;0.799087;0.904834;0.888826;0.662076;0.815002;0.920755;0.876549;0.942977;0.935716;0.918519;0.895464;0.872431;0.825557;0.642344;0.939747;0.925848;0.893551;0.855785;0.860681;0.758696;0.708641;0.694427;0.849418;0.936204;0.936967;0.956368;0.910739;0.888040;0.829444;0.744674
PICO_MO221011_40;0.822256;0.808558;0.809492;0.936663;0.617695;0.619072;0.947583;0.722031;0.580171;0.946652;0.659065;0.542192;0.844001;0.856720;0.853815;0.829706;0.832308;0.834230;0.908141;0.759583;0.792430;0.732037;0.905683;0.595766;0.906167;0.762874;0.844318;0.842629;0.992611;0.900457;0.971275;0.845529;0.939311;0.895178;0.799931;0.961436;0.846421;0.890479;0.684405;0.968255;0.787785;0.730788;0.668054;0.976184;0.671411;0.611935;0.720663;0.965599;0.652418;0.890766;0.000000;0.954457;0.566887;0.964964;0.815262;0.811194;0.818843;0.834995;0.835905;0.923388;0.863193;0.925456;0.636325;0.978411;0.690228;0.938155;0.652548;0.977085;0.612441;0.713915;0.679214;0.622885;0.576510;0.614682;0.696236;0.927914;0.688524;0.656462;0.608143;0.661909;0.671196;0.816689;0.862045;0.895311;0.883706;0.910984;0.773990;0.658842;0.572878;0.566867;0.761114;0.781574
PICO_MO221011_500;0.860668;0.904348;0.900497;0.836580;0.966940;0.969434;0.771676;0.957066;0.968572;0.688173;0.958679;0.972086;0.874664;0.897478;0.900416;0.879529;0.902907;0.914128;0.870228;0.962001;0.968828;0.965279;0.859028;0.960246;0.859492;0.897979;0.897104;0.892972;0.551052;0.642170;0.952513;0.924870;0.605184;0.846273;0.906567;0.548608;0.657261;0.859121;0.941329;0.497275;0.664110;0.844793;0.942315;0.534578;0.742174;0.799252;0.934382;0.473271;0.610536;0.849531;0.954457;0.000000;0.354499;0.703576;0.883089;0.878251;0.892749;0.876312;0.906552;0.583090;0.693555;0.692003;0.938177;0.488315;0.644500;0.742433;0.945814;0.499541;0.654496;0.979066;0.977450;0.973188;0.969345;0.966351;0.947540;0.875333;0.979133;0.976085;0.968666;0.965745;0.964267;0.913499;0.863553;0.874014;0.969838;0.982791;0.977402;0.981863;0.968677;0.966434;0.950190;0.901263
PICO_MO221011_5;0.805799;0.813978;0.824699;0.874503;0.753750;0.736499;0.840569;0.798002;0.700933;0.790196;0.780563;0.671515;0.854538;0.876101;0.878926;0.826045;0.860739;0.866485;0.871159;0.827544;0.810323;0.797603;0.846406;0.681058;0.844282;0.708835;0.852126;0.840331;0.706063;0.670657;0.961232;0.878589;0.733033;0.846326;0.837450;0.696961;0.644846;0.863991;0.760265;0.664929;0.579126;0.738014;0.769690;0.720407;0.522713;0.604275;0.809727;0.663012;0.479178;0.840145;0.566887;0.354499;0.000000;0.799917;0.830860;0.817342;0.791733;0.820939;0.860388;0.707449;0.693498;0.777518;0.759337;0.664453;0.480068;0.817061;0.775494;0.690685;0.463142;0.761525;0.728742;0.722879;0.703999;0.694243;0.771793;0.884427;0.749203;0.718546;0.687787;0.731587;0.764429;0.833117;0.822622;0.861488;0.910694;0.934352;0.825688;0.712395;0.715481;0.698637;0.833322;0.804867
PICO_MO230216_150;0.888904;0.913614;0.909092;0.905919;0.969839;0.975817;0.875164;0.961133;0.973903;0.828185;0.960008;0.977819;0.886310;0.896108;0.897933;0.900781;0.904995;0.912273;0.917773;0.970025;0.974723;0.972742;0.920884;0.970104;0.920262;0.941255;0.901468;0.901205;0.680173;0.738194;0.955718;0.935078;0.730121;0.904566;0.934766;0.705534;0.780711;0.916391;0.956718;0.689801;0.796152;0.917938;0.954832;0.709740;0.843614;0.888751;0.949668;0.674078;0.762905;0.917731;0.964964;0.703576;0.799917;0.000000;0.883066;0.882401;0.904253;0.902567;0.912292;0.698138;0.778056;0.825639;0.947896;0.682781;0.782537;0.862717;0.954062;0.675141;0.778258;0.983520;0.982293;0.974840;0.968237;0.964024;0.941819;0.922382;0.983396;0.980332;0.973863;0.959842;0.952382;0.921308;0.898993;0.902961;0.972439;0.983814;0.983729;0.985111;0.971990;0.969770;0.937754;0.924476
PICO_MO230216_40;0.582999;0.586849;0.577346;0.721028;0.849448;0.877447;0.752948;0.805661;0.870743;0.828706;0.805333;0.885196;0.528857;0.555081;0.558893;0.540409;0.547409;0.579849;0.670462;0.868583;0.885663;0.866509;0.714470;0.847841;0.713607;0.775473;0.496617;0.491918;0.959407;0.655554;0.892278;0.725237;0.773349;0.650213;0.724448;0.838541;0.795256;0.659380;0.785914;0.877593;0.836030;0.683052;0.769731;0.908017;0.865400;0.732700;0.755419;0.887391;0.831637;0.717336;0.815262;0.883089;0.830860;0.883066;0.000000;0.378761;0.517232;0.534131;0.586655;0.715546;0.625844;0.747606;0.757595;0.915756;0.863921;0.750820;0.757770;0.926212;0.835942;0.921213;0.913733;0.884260;0.845687;0.836569;0.737724;0.708887;0.918484;0.904337;0.871950;0.806109;0.776610;0.658037;0.624046;0.607159;0.886298;0.949286;0.925072;0.924399;0.865752;0.855157;0.724997;0.709398
PICO_MO230216_500;0.567483;0.569670;0.563188;0.714026;0.849581;0.876907;0.744756;0.800205;0.870519;0.827240;0.804131;0.884926;0.531971;0.570762;0.575747;0.521022;0.550223;0.582285;0.652577;0.866984;0.880246;0.865462;0.690725;0.840585;0.686843;0.748451;0.479738;0.466355;0.954132;0.630781;0.896045;0.725817;0.768413;0.631623;0.724891;0.832890;0.781423;0.651069;0.777153;0.871909;0.821332;0.666488;0.763477;0.907004;0.855852;0.716845;0.752506;0.884710;0.820538;0.704723;0.811194;0.878251;0.817342;0.882401;0.378761;0.000000;0.337885;0.507379;0.585610;0.715325;0.599414;0.736161;0.754145;0.910699;0.854503;0.738712;0.751045;0.922158;0.823273;0.918915;0.910988;0.882901;0.844078;0.832219;0.736881;0.693107;0.916803;0.902185;0.868538;0.802264;0.774183;0.645355;0.614140;0.592859;0.883223;0.947519;0.923631;0.921950;0.866793;0.854318;0.723246;0.699263
PICO_MO230216_5;0.591224;0.570148;0.590157;0.757066;0.855828;0.878591;0.778419;0.795163;0.871627;0.851824;0.812349;0.883866;0.647797;0.682015;0.693637;0.570560;0.654584;0.666322;0.684684;0.876030;0.864068;0.865164;0.681606;0.834548;0.670254;0.691095;0.546851;0.501667;0.954671;0.608745;0.911957;0.771222;0.816973;0.662574;0.763022;0.861161;0.776236;0.708833;0.774200;0.892815;0.804109;0.677116;0.771971;0.927512;0.836468;0.710194;0.775754;0.904957;0.813001;0.711003;0.818843;0.892749;0.791733;0.904253;0.517232;0.337885;0.000000;0.548426;0.665184;0.779463;0.598639;0.773246;0.775420;0.919903;0.838849;0.769589;0.767835;0.933416;0.804947;0.910161;0.899269;0.880454;0.845509;0.819973;0.739198;0.713142;0.908307;0.893381;0.856249;0.784331;0.765662;0.644974;0.594879;0.621082;0.884871;0.949126;0.920645;0.909016;0.870224;0.852965;0.729305;0.710102
PICO_MO230329_150;0.586605;0.576451;0.574395;0.662708;0.849525;0.880539;0.706476;0.775001;0.876884;0.824141;0.796714;0.892093;0.589440;0.652408;0.660827;0.490341;0.561759;0.589294;0.552806;0.856003;0.859318;0.856342;0.602377;0.844862;0.601583;0.686919;0.505511;0.496147;0.964235;0.659043;0.872444;0.671489;0.752350;0.551184;0.677407;0.822132;0.738189;0.571937;0.755517;0.870839;0.808735;0.601835;0.758601;0.910406;0.858874;0.701714;0.740028;0.884975;0.827228;0.637505;0.834995;0.876312;0.820939;0.902567;0.534131;0.507379;0.548426;0.000000;0.495513;0.706641;0.509190;0.734668;0.755556;0.916533;0.862724;0.725520;0.764030;0.932652;0.838458;0.920263;0.910871;0.887029;0.847292;0.829768;0.758361;0.624764;0.916334;0.899284;0.864744;0.808364;0.796076;0.667241;0.627360;0.578876;0.850148;0.937973;0.918604;0.924182;0.872148;0.852473;0.751946;0.702557
PICO_MO230329_40;0.650278;0.654949;0.646339;0.735096;0.828498;0.872177;0.772079;0.752747;0.863780;0.858971;0.769435;0.882851;0.637455;0.662413;0.662367;0.604610;0.522042;0.517624;0.656693;0.832867;0.848372;0.836392;0.713933;0.852882;0.717483;0.785200;0.578448;0.598040;0.978924;0.738879;0.893320;0.575153;0.775645;0.674043;0.636507;0.849851;0.762742;0.635089;0.758453;0.889880;0.846566;0.696577;0.759297;0.922757;0.883384;0.762221;0.721984;0.903832;0.861653;0.723604;0.835905;0.906552;0.860388;0.912292;0.586655;0.585610;0.665184;0.495513;0.000000;0.737187;0.510548;0.793534;0.745682;0.939789;0.888374;0.793289;0.769461;0.951727;0.867369;0.914880;0.907591;0.872581;0.826369;0.820991;0.776852;0.712756;0.911785;0.890110;0.857342;0.816468;0.812564;0.728433;0.709504;0.670274;0.825477;0.915864;0.911098;0.919672;0.850941;0.835033;0.770431;0.748924
PICO_MO230329_500;0.737136;0.779982;0.767326;0.736370;0.929950;0.947033;0.705581;0.901898;0.941416;0.686362;0.906057;0.953123;0.713714;0.752879;0.757054;0.727765;0.736970;0.761016;0.750326;0.924145;0.936956;0.932407;0.779930;0.932498;0.781223;0.845889;0.732167;0.737746;0.651839;0.619366;0.902604;0.820878;0.521011;0.727016;0.817267;0.551629;0.643831;0.735410;0.891942;0.576081;0.705265;0.765356;0.887536;0.591483;0.769600;0.760325;0.870456;0.579598;0.680857;0.782648;0.923388;0.583090;0.707449;0.698138;0.715546;0.715325;0.779463;0.706641;0.737187;0.000000;0.337045;0.650028;0.873015;0.587969;0.705088;0.694672;0.889507;0.577153;0.694399;0.965104;0.962623;0.946566;0.929295;0.920491;0.872464;0.767265;0.964543;0.956179;0.941111;0.912735;0.899722;0.801767;0.762512;0.744806;0.925023;0.957250;0.961929;0.970512;0.938781;0.930588;0.863107;0.815779
PICO_MO230329_5;0.638459;0.653127;0.659511;0.738050;0.862740;0.893415;0.734629;0.787105;0.887420;0.761457;0.815605;0.901282;0.692119;0.732221;0.739821;0.618679;0.640679;0.636402;0.666779;0.866401;0.851665;0.864098;0.681580;0.865048;0.677402;0.726515;0.609593;0.597552;0.754830;0.546652;0.906005;0.681477;0.626859;0.665930;0.707060;0.661175;0.604797;0.681809;0.786057;0.687991;0.688041;0.689812;0.799903;0.733778;0.755615;0.711002;0.778967;0.704235;0.699286;0.712867;0.863193;0.693555;0.693498;0.778056;0.625844;0.599414;0.598639;0.509190;0.510548;0.337045;0.000000;0.707324;0.792914;0.707466;0.711821;0.729511;0.812346;0.721126;0.696304;0.921786;0.913132;0.891511;0.855682;0.837565;0.797917;0.710466;0.919179;0.901342;0.871424;0.825430;0.826860;0.729232;0.669150;0.663226;0.851914;0.918586;0.921696;0.923058;0.880333;0.862648;0.799701;0.752755
PICO_MO230821_150;0.734475;0.797951;0.789055;0.663256;0.943858;0.951887;0.595927;0.910413;0.949555;0.607961;0.920411;0.958572;0.734356;0.777574;0.783066;0.737699;0.783638;0.810181;0.733012;0.931352;0.944706;0.940778;0.701141;0.926232;0.700950;0.792351;0.774201;0.766473;0.805529;0.736417;0.920106;0.846701;0.675593;0.705129;0.826136;0.708659;0.752470;0.706713;0.877027;0.731507;0.791703;0.683585;0.879889;0.740104;0.837320;0.679762;0.858886;0.716825;0.767970;0.690298;0.925456;0.692003;0.777518;0.825639;0.747606;0.736161;0.773246;0.734668;0.793534;0.650028;0.707324;0.000000;0.853929;0.727869;0.794880;0.532095;0.870853;0.736482;0.789352;0.967688;0.960634;0.954383;0.950461;0.936510;0.894729;0.732171;0.969644;0.964438;0.945272;0.932310;0.930347;0.831695;0.737856;0.736365;0.944044;0.962297;0.957476;0.973288;0.951674;0.944099;0.897509;0.808151
PICO_MO230821_40;0.778147;0.778154;0.774162;0.882215;0.593633;0.689470;0.901216;0.603230;0.684773;0.916883;0.536304;0.709452;0.791114;0.804039;0.802848;0.769278;0.754433;0.747795;0.830968;0.721324;0.761055;0.703849;0.832127;0.647968;0.834496;0.782489;0.774980;0.777172;0.987832;0.856524;0.946421;0.731976;0.895792;0.824020;0.668085;0.928534;0.778330;0.795440;0.563372;0.944733;0.778351;0.718537;0.483378;0.959791;0.769614;0.667193;0.515279;0.944692;0.764875;0.799087;0.636325;0.938177;0.759337;0.947896;0.757595;0.754145;0.775420;0.755556;0.745682;0.873015;0.792914;0.853929;0.000000;0.954275;0.776950;0.881829;0.454989;0.963820;0.707160;0.794401;0.775971;0.710526;0.656102;0.648404;0.685875;0.866505;0.783957;0.748284;0.652056;0.672854;0.716563;0.791975;0.821398;0.844303;0.811498;0.870443;0.795418;0.786041;0.690436;0.641866;0.758496;0.769101
PICO_MO230821_500;0.892174;0.934757;0.930515;0.878116;0.986345;0.987111;0.812730;0.981373;0.987303;0.713498;0.982999;0.986998;0.907542;0.925956;0.927830;0.915367;0.936199;0.943937;0.914448;0.979937;0.984078;0.983957;0.906305;0.980861;0.904912;0.931634;0.932740;0.928862;0.500924;0.629629;0.971591;0.959766;0.626317;0.893008;0.948736;0.557491;0.676859;0.916127;0.972723;0.494118;0.673448;0.903447;0.972994;0.556420;0.765929;0.842473;0.969788;0.483175;0.629403;0.904834;0.978411;0.488315;0.664453;0.682781;0.915756;0.910699;0.919903;0.916533;0.939789;0.587969;0.707466;0.727869;0.954275;0.000000;0.339405;0.775562;0.970251;0.451831;0.635787;0.990721;0.990503;0.989846;0.988484;0.986327;0.970941;0.910579;0.992078;0.990086;0.986898;0.986011;0.985080;0.940358;0.890248;0.900316;0.986710;0.992526;0.990681;0.993454;0.987773;0.987669;0.972966;0.935542
PICO_MO230821_5;0.840186;0.851278;0.858644;0.901012;0.755374;0.710665;0.864218;0.821725;0.669347;0.800112;0.799587;0.628479;0.882090;0.898011;0.900069;0.864676;0.889747;0.892885;0.903815;0.817012;0.805625;0.785972;0.884187;0.665518;0.884898;0.718246;0.885844;0.877069;0.665236;0.666445;0.972689;0.907487;0.740593;0.885713;0.873704;0.695476;0.660264;0.904034;0.796343;0.652574;0.577896;0.782233;0.827422;0.723924;0.520170;0.650879;0.854434;0.657993;0.502511;0.888826;0.690228;0.644500;0.480068;0.782537;0.863921;0.854503;0.838849;0.862724;0.888374;0.705088;0.711821;0.794880;0.776950;0.339405;0.000000;0.833804;0.821844;0.648994;0.444265;0.709070;0.667567;0.675452;0.703447;0.703373;0.810903;0.910471;0.689868;0.658440;0.692431;0.764909;0.795728;0.864788;0.850024;0.884375;0.909511;0.912693;0.789317;0.668880;0.710269;0.705782;0.863291;0.834681
PICO_MO230910_150;0.709226;0.774338;0.769721;0.609282;0.943698;0.955644;0.542744;0.909405;0.952770;0.594041;0.919043;0.963541;0.735617;0.788440;0.794098;0.719599;0.778095;0.807740;0.684813;0.937278;0.947949;0.943088;0.663266;0.941253;0.664582;0.772568;0.760154;0.751273;0.851163;0.757740;0.927011;0.852952;0.701708;0.703066;0.830708;0.738072;0.781612;0.697420;0.901805;0.764605;0.826330;0.674536;0.900846;0.788169;0.871133;0.697031;0.875395;0.759284;0.811007;0.662076;0.938155;0.742433;0.817061;0.862717;0.750820;0.738712;0.769589;0.725520;0.793289;0.694672;0.729511;0.532095;0.881829;0.775562;0.833804;0.000000;0.890036;0.789623;0.833703;0.973053;0.970701;0.961995;0.946465;0.939185;0.900836;0.680661;0.972878;0.965387;0.950598;0.936545;0.935067;0.821503;0.712578;0.690838;0.940672;0.972877;0.970340;0.978553;0.949910;0.943719;0.903539;0.799165
PICO_MO230910_40;0.790492;0.791782;0.786614;0.894686;0.642174;0.735939;0.913335;0.647294;0.731452;0.925121;0.578344;0.757927;0.785727;0.804539;0.801134;0.765415;0.767774;0.771805;0.851269;0.776205;0.807545;0.752359;0.848606;0.695377;0.848709;0.815311;0.784353;0.783240;0.989596;0.862509;0.952961;0.765502;0.904856;0.830549;0.704933;0.938959;0.808651;0.819716;0.603502;0.953152;0.800688;0.755547;0.486742;0.966919;0.800828;0.699651;0.552136;0.951577;0.788331;0.815002;0.652548;0.945814;0.775494;0.954062;0.757770;0.751045;0.767835;0.764030;0.769461;0.889507;0.812346;0.870853;0.454989;0.970251;0.821844;0.890036;0.000000;0.973087;0.717288;0.835022;0.822787;0.774118;0.708050;0.693720;0.705809;0.883735;0.834010;0.802237;0.693089;0.697620;0.734600;0.801815;0.833651;0.857750;0.858520;0.920965;0.847927;0.820794;0.745719;0.699336;0.770678;0.793176
PICO_MO230910_500;0.902373;0.945992;0.941482;0.890080;0.984580;0.984870;0.821846;0.982908;0.985263;0.718220;0.982345;0.985346;0.915071;0.933436;0.935465;0.929206;0.947388;0.953688;0.929039;0.978724;0.984032;0.983674;0.924521;0.979551;0.922336;0.944514;0.944930;0.941887;0.526785;0.676830;0.974565;0.965168;0.610706;0.909938;0.957050;0.560480;0.696596;0.932004;0.976608;0.520208;0.709190;0.917808;0.975402;0.514574;0.770297;0.856104;0.973306;0.494960;0.657044;0.920755;0.977085;0.499541;0.690685;0.675141;0.926212;0.922158;0.933416;0.932652;0.951727;0.577153;0.721126;0.736482;0.963820;0.451831;0.648994;0.789623;0.973087;0.000000;0.404463;0.989174;0.989429;0.987441;0.986406;0.985590;0.971928;0.925996;0.989997;0.988528;0.985654;0.985755;0.983492;0.947683;0.903409;0.914190;0.988421;0.991818;0.989799;0.991022;0.983472;0.985054;0.972391;0.944834
PICO_MO230910_5;0.818087;0.827088;0.835397;0.901324;0.697081;0.678624;0.866337;0.766165;0.637555;0.802924;0.741134;0.614339;0.858350;0.878325;0.879950;0.838542;0.867645;0.871459;0.898662;0.789807;0.786177;0.751186;0.880543;0.631977;0.877545;0.718272;0.866596;0.856011;0.688730;0.682969;0.970846;0.886040;0.730084;0.874590;0.846687;0.700124;0.653132;0.896033;0.735430;0.674185;0.570459;0.762826;0.750217;0.709425;0.526260;0.620070;0.799937;0.671699;0.498942;0.876549;0.612441;0.654496;0.463142;0.778258;0.835942;0.823273;0.804947;0.838458;0.867369;0.694399;0.696304;0.789352;0.707160;0.635787;0.444265;0.833703;0.717288;0.404463;0.000000;0.718210;0.707641;0.702406;0.677152;0.669739;0.773417;0.910056;0.714287;0.684843;0.644889;0.716092;0.751319;0.842100;0.838515;0.877748;0.907782;0.929867;0.802700;0.679589;0.698770;0.665376;0.827706;0.820870
PICO_MO40721_5;0.891202;0.874087;0.885495;0.960336;0.635477;0.557483;0.968652;0.736468;0.512269;0.967825;0.741162;0.542459;0.934686;0.937563;0.938874;0.919201;0.915592;0.909569;0.939313;0.700337;0.674024;0.627284;0.943210;0.537422;0.944461;0.686698;0.919173;0.918289;0.996428;0.944157;0.983704;0.909090;0.969074;0.954228;0.877654;0.979133;0.868133;0.942724;0.740019;0.983216;0.739745;0.828637;0.820377;0.989063;0.602584;0.751475;0.839309;0.982618;0.769259;0.942977;0.713915;0.979066;0.761525;0.983520;0.921213;0.918915;0.910161;0.920263;0.914880;0.965104;0.921786;0.967688;0.794401;0.990721;0.709070;0.973053;0.835022;0.989174;0.718210;0.000000;0.488876;0.578031;0.649542;0.637474;0.808365;0.944559;0.453164;0.471505;0.586349;0.723611;0.775116;0.875756;0.907247;0.929023;0.854073;0.862614;0.624851;0.505861;0.669643;0.632994;0.847157;0.859127
PICO_MO40818_5;0.878784;0.856830;0.868970;0.956694;0.649376;0.575817;0.963806;0.748762;0.542921;0.965246;0.718861;0.508294;0.929377;0.933053;0.934608;0.910060;0.907035;0.901798;0.932360;0.736632;0.709266;0.682711;0.934561;0.569326;0.937044;0.696702;0.912490;0.910758;0.996347;0.938888;0.981815;0.895753;0.964665;0.947573;0.868229;0.976292;0.859346;0.933073;0.746350;0.982223;0.774967;0.817798;0.804851;0.988396;0.590595;0.724551;0.827881;0.981074;0.743438;0.935716;0.679214;0.977450;0.728742;0.982293;0.913733;0.910988;0.899269;0.910871;0.907591;0.962623;0.913132;0.960634;0.775971;0.990503;0.667567;0.970701;0.822787;0.989429;0.707641;0.488876;0.000000;0.422962;0.575616;0.575654;0.770678;0.938898;0.411527;0.396985;0.535119;0.678975;0.731689;0.862581;0.894533;0.920281;0.823615;0.856263;0.611664;0.501718;0.598564;0.576787;0.831712;0.826336
PICO_MO40825_5;0.835452;0.815046;0.825831;0.933894;0.575610;0.546651;0.946904;0.691213;0.516393;0.949598;0.630293;0.486263;0.902329;0.904844;0.905560;0.884179;0.868607;0.861138;0.906681;0.696515;0.724363;0.667251;0.922321;0.568528;0.924633;0.742239;0.880170;0.882146;0.995594;0.923966;0.971021;0.858913;0.950413;0.932643;0.824642;0.965585;0.842432;0.914065;0.712969;0.975946;0.794812;0.787935;0.761625;0.984203;0.669295;0.707392;0.770195;0.974971;0.750444;0.918519;0.622885;0.973188;0.722879;0.974840;0.884260;0.882901;0.880454;0.887029;0.872581;0.946566;0.891511;0.954383;0.710526;0.989846;0.675452;0.961995;0.774118;0.987441;0.702406;0.578031;0.422962;0.000000;0.468734;0.504573;0.705004;0.912887;0.491155;0.467785;0.529584;0.624731;0.660602;0.823494;0.866974;0.890534;0.803921;0.820438;0.606022;0.562123;0.519117;0.476564;0.771488;0.767001
PICO_MO41006_5;0.766492;0.744213;0.758559;0.903889;0.526908;0.565189;0.922268;0.627990;0.529578;0.933783;0.550170;0.489144;0.867977;0.872119;0.871910;0.841488;0.819086;0.811526;0.872555;0.692733;0.718477;0.642088;0.898141;0.596844;0.900669;0.755236;0.840480;0.842459;0.995119;0.901448;0.968674;0.816091;0.933381;0.910164;0.770028;0.955441;0.817656;0.886011;0.672383;0.968854;0.798333;0.769714;0.706059;0.981480;0.709469;0.706204;0.712169;0.970264;0.771988;0.895464;0.576510;0.969345;0.703999;0.968237;0.845687;0.844078;0.845509;0.847292;0.826369;0.929295;0.855682;0.950461;0.656102;0.988484;0.703447;0.946465;0.708050;0.986406;0.677152;0.649542;0.575616;0.468734;0.000000;0.446296;0.612687;0.879423;0.584613;0.532049;0.506183;0.543714;0.580419;0.758574;0.814982;0.843703;0.809070;0.865730;0.694592;0.587804;0.459396;0.439961;0.695402;0.709890
PICO_MO41103_5;0.755188;0.731125;0.751337;0.898793;0.550786;0.602243;0.917794;0.601482;0.554497;0.935115;0.559690;0.526986;0.861239;0.867256;0.868608;0.824954;0.811465;0.804380;0.861653;0.691227;0.685619;0.638848;0.881473;0.584735;0.883825;0.722744;0.823101;0.821518;0.993324;0.880096;0.958835;0.816972;0.928918;0.898403;0.764218;0.949069;0.808194;0.876279;0.655884;0.965066;0.786836;0.777932;0.688266;0.979078;0.687433;0.705588;0.690841;0.968083;0.774626;0.872431;0.614682;0.966351;0.694243;0.964024;0.836569;0.832219;0.819973;0.829768;0.820991;0.920491;0.837565;0.936510;0.648404;0.986327;0.703373;0.939185;0.693720;0.985590;0.669739;0.637474;0.575654;0.504573;0.446296;0.000000;0.575485;0.866929;0.586230;0.552104;0.458175;0.485596;0.566341;0.745687;0.801571;0.837427;0.797510;0.840903;0.688608;0.572171;0.551770;0.443864;0.688824;0.686683
PICO_MO41206_5;0.655739;0.641582;0.643484;0.841081;0.682346;0.744048;0.873544;0.701663;0.735940;0.904644;0.646586;0.719771;0.750548;0.765410;0.771679;0.734995;0.743901;0.757161;0.810085;0.811613;0.819646;0.778314;0.842096;0.753407;0.844400;0.803376;0.739836;0.732288;0.986377;0.827510;0.924001;0.798933;0.885178;0.820963;0.749184;0.916577;0.827539;0.823593;0.739723;0.942098;0.848737;0.764872;0.718375;0.960366;0.817726;0.754530;0.717860;0.948939;0.831233;0.825557;0.696236;0.947540;0.771793;0.941819;0.737724;0.736881;0.739198;0.758361;0.776852;0.872464;0.797917;0.894729;0.685875;0.970941;0.810903;0.900836;0.705809;0.971928;0.773417;0.808365;0.770678;0.705004;0.612687;0.575485;0.000000;0.816176;0.789506;0.760747;0.660434;0.534335;0.486102;0.590963;0.685467;0.760715;0.859298;0.916800;0.826187;0.766696;0.667036;0.637349;0.513516;0.606723
PICO_MO50614_5;0.618693;0.639708;0.635190;0.524801;0.896016;0.926341;0.576764;0.828944;0.915166;0.759246;0.848454;0.937436;0.691332;0.748316;0.755304;0.626475;0.690603;0.713605;0.491903;0.894450;0.904187;0.898521;0.589063;0.925647;0.585379;0.713359;0.639581;0.637727;0.959640;0.756394;0.908742;0.766200;0.766030;0.611475;0.763677;0.818085;0.804369;0.585452;0.861536;0.865915;0.882359;0.616404;0.878457;0.903013;0.918088;0.753454;0.836129;0.881225;0.891516;0.642344;0.927914;0.875333;0.884427;0.922382;0.708887;0.693107;0.713142;0.624764;0.712756;0.767265;0.710466;0.732171;0.866505;0.910579;0.910471;0.680661;0.883735;0.925996;0.910056;0.944559;0.938898;0.912887;0.879423;0.866929;0.816176;0.000000;0.934057;0.920136;0.899351;0.865838;0.856475;0.699383;0.606132;0.527062;0.840913;0.926795;0.933112;0.950862;0.900774;0.882016;0.797711;0.709848
PICO_MO50720_5;0.879552;0.857300;0.870994;0.953513;0.609631;0.519450;0.962953;0.744404;0.500263;0.963313;0.715658;0.494593;0.934006;0.937576;0.938180;0.916522;0.911884;0.905940;0.933206;0.689199;0.682275;0.645240;0.940854;0.538856;0.942402;0.681429;0.915105;0.914310;0.996827;0.943712;0.984678;0.900201;0.965002;0.952793;0.869731;0.976986;0.862330;0.939678;0.743274;0.982594;0.768482;0.817938;0.819976;0.988837;0.582362;0.736377;0.837382;0.982765;0.756916;0.939747;0.688524;0.979133;0.749203;0.983396;0.918484;0.916803;0.908307;0.916334;0.911785;0.964543;0.919179;0.969644;0.783957;0.992078;0.689868;0.972878;0.834010;0.989997;0.714287;0.453164;0.411527;0.491155;0.584613;0.586230;0.789506;0.934057;0.000000;0.347504;0.541582;0.689180;0.741182;0.860189;0.897134;0.916407;0.816532;0.835494;0.550401;0.466306;0.597122;0.570458;0.827018;0.836436
PICO_MO50817_5;0.856255;0.833491;0.848000;0.941843;0.599319;0.538250;0.952092;0.707603;0.492620;0.955955;0.675689;0.458176;0.920304;0.924464;0.925263;0.898889;0.891665;0.884459;0.916196;0.688136;0.682920;0.630033;0.926371;0.534833;0.927936;0.684874;0.897561;0.897561;0.996264;0.931618;0.980847;0.875694;0.956690;0.940928;0.844496;0.971003;0.842175;0.923395;0.713309;0.978619;0.761246;0.804430;0.788470;0.987109;0.591400;0.708825;0.802203;0.978992;0.738010;0.925848;0.656462;0.976085;0.718546;0.980332;0.904337;0.902185;0.893381;0.899284;0.890110;0.956179;0.901342;0.964438;0.748284;0.990086;0.658440;0.965387;0.802237;0.988528;0.684843;0.471505;0.396985;0.467785;0.532049;0.552104;0.760747;0.920136;0.347504;0.000000;0.506161;0.646566;0.706833;0.835479;0.875611;0.898368;0.787831;0.842019;0.591616;0.480729;0.538621;0.525721;0.803134;0.812942
PICO_MO50914_5;0.812589;0.789847;0.806398;0.926464;0.534302;0.565767;0.938992;0.618610;0.516103;0.946478;0.582728;0.501838;0.890252;0.895754;0.897752;0.861572;0.854665;0.847993;0.892504;0.692312;0.671167;0.614837;0.899151;0.546384;0.902485;0.706447;0.866772;0.865518;0.994850;0.909638;0.973536;0.842262;0.943793;0.915602;0.790794;0.961321;0.814349;0.894335;0.633907;0.972252;0.753398;0.779943;0.668192;0.982846;0.631493;0.685024;0.704864;0.971589;0.742442;0.893551;0.608143;0.968666;0.687787;0.973863;0.871950;0.868538;0.856249;0.864744;0.857342;0.941111;0.871424;0.945272;0.652056;0.986898;0.692431;0.950598;0.693089;0.985654;0.644889;0.586349;0.535119;0.529584;0.506183;0.458175;0.660434;0.899351;0.541582;0.506161;0.000000;0.525204;0.638835;0.794321;0.836577;0.873757;0.810602;0.858027;0.676029;0.495751;0.549865;0.463933;0.750375;0.762770
PICO_MO51026_5;0.731517;0.710180;0.730046;0.892944;0.616664;0.671714;0.917373;0.640934;0.654553;0.937824;0.589278;0.630327;0.835044;0.844014;0.848190;0.805345;0.808054;0.805354;0.853478;0.763366;0.753197;0.711133;0.872585;0.664686;0.874616;0.765366;0.797934;0.792423;0.993348;0.860930;0.933608;0.817525;0.918814;0.870044;0.769087;0.944356;0.816584;0.863555;0.681854;0.962779;0.815625;0.783447;0.694178;0.978552;0.752934;0.738887;0.700927;0.967754;0.809170;0.855785;0.661909;0.965745;0.731587;0.959842;0.806109;0.802264;0.784331;0.808364;0.816468;0.912735;0.825430;0.932310;0.672854;0.986011;0.764909;0.936545;0.697620;0.985755;0.716092;0.723611;0.678975;0.624731;0.543714;0.485596;0.534335;0.865838;0.689180;0.646566;0.525204;0.000000;0.479267;0.682141;0.762541;0.819259;0.822315;0.888018;0.769997;0.660874;0.609401;0.541554;0.602569;0.678855
PICO_MO51129_5;0.684360;0.662254;0.672588;0.875975;0.645218;0.707844;0.907026;0.692921;0.691743;0.928784;0.627964;0.662748;0.796328;0.809993;0.814554;0.781923;0.788550;0.797823;0.845731;0.797892;0.807021;0.762362;0.878490;0.725213;0.878814;0.805283;0.774858;0.767860;0.992109;0.852918;0.926612;0.822213;0.907633;0.855691;0.781961;0.935474;0.840379;0.861474;0.739334;0.958161;0.849140;0.787974;0.748797;0.974440;0.800757;0.765310;0.754029;0.965605;0.826831;0.860681;0.671196;0.964267;0.764429;0.952382;0.776610;0.774183;0.765662;0.796076;0.812564;0.899722;0.826860;0.930347;0.716563;0.985080;0.795728;0.935067;0.734600;0.983492;0.751319;0.775116;0.731689;0.660602;0.580419;0.566341;0.486102;0.856475;0.741182;0.706833;0.638835;0.479267;0.000000;0.596883;0.732228;0.792167;0.849912;0.900746;0.794684;0.707655;0.597677;0.554568;0.476162;0.577653
PICO_MO51220_5;0.554117;0.545819;0.543082;0.725151;0.793587;0.836902;0.766420;0.768743;0.828268;0.842392;0.754358;0.834713;0.651744;0.693587;0.707607;0.638812;0.677923;0.706294;0.699750;0.858516;0.864260;0.839483;0.755043;0.845519;0.755315;0.781210;0.623856;0.608923;0.973502;0.741627;0.898238;0.782936;0.817737;0.716256;0.758167;0.862536;0.814533;0.733309;0.804637;0.902311;0.860243;0.714503;0.808510;0.934854;0.870691;0.765350;0.792390;0.916237;0.862183;0.758696;0.816689;0.913499;0.833117;0.921308;0.658037;0.645355;0.644974;0.667241;0.728433;0.801767;0.729232;0.831695;0.791975;0.940358;0.864788;0.821503;0.801815;0.947683;0.842100;0.875756;0.862581;0.823494;0.758574;0.745687;0.590963;0.699383;0.860189;0.835479;0.794321;0.682141;0.596883;0.000000;0.546423;0.615730;0.860367;0.941437;0.884016;0.857424;0.782402;0.768059;0.496661;0.584294
PICO_MO60125_5;0.511954;0.511977;0.523746;0.636153;0.839854;0.875318;0.652015;0.796731;0.867699;0.754070;0.799377;0.875816;0.632828;0.671241;0.686676;0.581372;0.649110;0.676658;0.642075;0.880785;0.881590;0.864926;0.680004;0.877361;0.677103;0.736731;0.589177;0.572988;0.935782;0.670444;0.914774;0.779378;0.777444;0.662876;0.765105;0.819305;0.785365;0.699765;0.828651;0.862453;0.843387;0.661396;0.832289;0.897549;0.869271;0.715764;0.816783;0.871016;0.843925;0.708641;0.862045;0.863553;0.822622;0.898993;0.624046;0.614140;0.594879;0.627360;0.709504;0.762512;0.669150;0.737856;0.821398;0.890248;0.850024;0.712578;0.833651;0.903409;0.838515;0.907247;0.894533;0.866974;0.814982;0.801571;0.685467;0.606132;0.897134;0.875611;0.836577;0.762541;0.732228;0.546423;0.000000;0.460245;0.875879;0.950260;0.908612;0.894281;0.834355;0.822279;0.667020;0.648221
PICO_MO60314_5;0.518669;0.511140;0.516167;0.572249;0.861802;0.900401;0.611770;0.813504;0.893390;0.754795;0.819696;0.905978;0.608911;0.646279;0.655568;0.541309;0.600588;0.632861;0.567262;0.890674;0.898515;0.882286;0.656233;0.905222;0.653545;0.744919;0.530646;0.529141;0.948985;0.671003;0.897564;0.755878;0.752693;0.614003;0.752590;0.807789;0.795564;0.635578;0.849062;0.860905;0.867682;0.646990;0.856072;0.897686;0.897886;0.744981;0.827716;0.875229;0.872845;0.694427;0.895311;0.874014;0.861488;0.902961;0.607159;0.592859;0.621082;0.578876;0.670274;0.744806;0.663226;0.736365;0.844303;0.900316;0.884375;0.690838;0.857750;0.914190;0.877748;0.929023;0.920281;0.890534;0.843703;0.837427;0.760715;0.527062;0.916407;0.898368;0.873757;0.819259;0.792167;0.615730;0.460245;0.000000;0.865942;0.946640;0.922738;0.921643;0.863285;0.851996;0.732125;0.671007
PICO_MO60516_5;0.866071;0.862947;0.869693;0.890934;0.807166;0.830552;0.912363;0.735672;0.832063;0.943779;0.776976;0.861875;0.903236;0.909339;0.909238;0.877394;0.847872;0.812368;0.805090;0.761945;0.765883;0.785254;0.836305;0.831691;0.839110;0.830428;0.845998;0.854311;0.993840;0.904603;0.952610;0.763668;0.919517;0.890592;0.775249;0.945410;0.820651;0.831578;0.760818;0.962310;0.882782;0.848955;0.820927;0.977282;0.893629;0.858090;0.792517;0.967650;0.905927;0.849418;0.883706;0.969838;0.910694;0.972439;0.886298;0.883223;0.884871;0.850148;0.825477;0.925023;0.851914;0.944044;0.811498;0.986710;0.909511;0.940672;0.858520;0.988421;0.907782;0.854073;0.823615;0.803921;0.809070;0.797510;0.859298;0.840913;0.816532;0.787831;0.810602;0.822315;0.849912;0.860367;0.875879;0.865942;0.000000;0.707303;0.786152;0.886804;0.809324;0.786818;0.859375;0.848923
PICO_MO60606_5;0.943106;0.945185;0.946092;0.943840;0.848029;0.860836;0.957805;0.838511;0.848105;0.970963;0.866589;0.874303;0.955508;0.954589;0.955561;0.948142;0.927877;0.900225;0.910030;0.754586;0.781975;0.810842;0.925249;0.853502;0.929612;0.885601;0.925169;0.931335;0.996285;0.954128;0.966336;0.873953;0.963664;0.951742;0.844255;0.968854;0.909181;0.916861;0.855082;0.979433;0.925952;0.915606;0.900272;0.987183;0.913117;0.909862;0.879221;0.980888;0.932536;0.936204;0.910984;0.982791;0.934352;0.983814;0.949286;0.947519;0.949126;0.937973;0.915864;0.957250;0.918586;0.962297;0.870443;0.992526;0.912693;0.972877;0.920965;0.991818;0.929867;0.862614;0.856263;0.820438;0.865730;0.840903;0.916800;0.926795;0.835494;0.842019;0.858027;0.888018;0.900746;0.941437;0.950260;0.946640;0.707303;0.000000;0.751306;0.890616;0.875658;0.822352;0.916736;0.891156
PICO_MO60628_5;0.895923;0.881849;0.889664;0.949691;0.641667;0.610779;0.960922;0.748726;0.635001;0.962885;0.738913;0.661170;0.937797;0.940036;0.941113;0.922564;0.913557;0.905255;0.930852;0.654508;0.699756;0.680254;0.938687;0.644828;0.940592;0.776603;0.919504;0.920826;0.996188;0.947849;0.980014;0.892697;0.962647;0.950255;0.865343;0.971884;0.857592;0.930229;0.743511;0.979823;0.783429;0.845208;0.823539;0.986844;0.752934;0.793630;0.836360;0.978936;0.819236;0.936967;0.773990;0.977402;0.825688;0.983729;0.925072;0.923631;0.920645;0.918604;0.911098;0.961929;0.921696;0.957476;0.795418;0.990681;0.789317;0.970340;0.847927;0.989799;0.802700;0.624851;0.611664;0.606022;0.694592;0.688608;0.826187;0.933112;0.550401;0.591616;0.676029;0.769997;0.794684;0.884016;0.908612;0.922738;0.786152;0.751306;0.000000;0.641848;0.702983;0.645556;0.855680;0.850307
PICO_MO60731_5;0.872587;0.849224;0.864748;0.963772;0.615673;0.572758;0.971141;0.744353;0.503383;0.968901;0.723410;0.490168;0.937166;0.939348;0.940102;0.917421;0.915181;0.911970;0.947751;0.755974;0.684064;0.683643;0.954744;0.557019;0.955281;0.695430;0.924065;0.921318;0.997530;0.946958;0.989709;0.919316;0.973461;0.962708;0.881847;0.983100;0.879998;0.955419;0.751063;0.987457;0.780760;0.834876;0.814857;0.991966;0.566410;0.739508;0.846260;0.986237;0.755410;0.956368;0.658842;0.981863;0.712395;0.985111;0.924399;0.921950;0.909016;0.924182;0.919672;0.970512;0.923058;0.973288;0.786041;0.993454;0.668880;0.978553;0.820794;0.991022;0.679589;0.505861;0.501718;0.562123;0.587804;0.572171;0.766696;0.950862;0.466306;0.480729;0.495751;0.660874;0.707655;0.857424;0.894281;0.921643;0.886804;0.890616;0.641848;0.000000;0.600114;0.557728;0.816219;0.819366
PICO_MO60904_5;0.800884;0.780928;0.790350;0.918235;0.570713;0.586731;0.932434;0.684895;0.566029;0.936809;0.612959;0.510931;0.882968;0.884901;0.885310;0.864518;0.845851;0.841387;0.895046;0.741735;0.769898;0.696775;0.914871;0.630214;0.917211;0.782838;0.867516;0.868567;0.994994;0.918788;0.972382;0.838916;0.939268;0.923226;0.802510;0.959636;0.845627;0.899198;0.715077;0.971140;0.818379;0.775152;0.743645;0.981158;0.721771;0.696311;0.753603;0.970655;0.749919;0.910739;0.572878;0.968677;0.715481;0.971990;0.865752;0.866793;0.870224;0.872148;0.850941;0.938781;0.880333;0.951674;0.690436;0.987773;0.710269;0.949910;0.745719;0.983472;0.698770;0.669643;0.598564;0.519117;0.459396;0.551770;0.667036;0.900774;0.597122;0.538621;0.549865;0.609401;0.597677;0.782402;0.834355;0.863285;0.809324;0.875658;0.702983;0.600114;0.000000;0.447867;0.728041;0.735786
PICO_MO61002_5;0.779618;0.758506;0.771529;0.906591;0.495401;0.543572;0.923226;0.598741;0.499535;0.932904;0.547795;0.476044;0.872430;0.876368;0.877501;0.848156;0.829003;0.821885;0.874636;0.658164;0.704010;0.628489;0.896215;0.568222;0.899735;0.740788;0.848807;0.851798;0.994741;0.906848;0.966929;0.820420;0.933956;0.911174;0.772332;0.954329;0.821517;0.882218;0.651554;0.968086;0.786187;0.766705;0.695639;0.979435;0.685879;0.687809;0.699036;0.968104;0.751544;0.888040;0.566867;0.966434;0.698637;0.969770;0.855157;0.854318;0.852965;0.852473;0.835033;0.930588;0.862648;0.944099;0.641866;0.987669;0.705782;0.943719;0.699336;0.985054;0.665376;0.632994;0.576787;0.476564;0.439961;0.443864;0.637349;0.882016;0.570458;0.525721;0.463933;0.541554;0.554568;0.768059;0.822279;0.851996;0.786818;0.822352;0.645556;0.557728;0.447867;0.000000;0.708978;0.691608
PICO_MO61106_5;0.640650;0.629443;0.627610;0.823995;0.740670;0.795455;0.862471;0.743762;0.782729;0.902059;0.706987;0.785616;0.738442;0.756031;0.761017;0.732552;0.737120;0.750826;0.793061;0.831946;0.851701;0.810044;0.840747;0.811386;0.840672;0.829723;0.719372;0.713318;0.986883;0.823206;0.907278;0.802805;0.877650;0.809835;0.769660;0.914371;0.850705;0.810735;0.781173;0.940377;0.878264;0.780365;0.787354;0.957829;0.864724;0.802448;0.772445;0.949553;0.868809;0.829444;0.761114;0.950190;0.833322;0.937754;0.724997;0.723246;0.729305;0.751946;0.770431;0.863107;0.799701;0.897509;0.758496;0.972966;0.863291;0.903539;0.770678;0.972391;0.827706;0.847157;0.831712;0.771488;0.695402;0.688824;0.513516;0.797711;0.827018;0.803134;0.750375;0.602569;0.476162;0.496661;0.667020;0.732125;0.859375;0.916736;0.855680;0.816219;0.728041;0.708978;0.000000;0.582649
PICO_MO61127_5;0.605642;0.608240;0.610950;0.715799;0.765480;0.813619;0.744932;0.752077;0.800864;0.823918;0.732460;0.793815;0.718725;0.752196;0.761134;0.688188;0.714454;0.733672;0.706708;0.846075;0.854559;0.830763;0.743410;0.825475;0.747911;0.765617;0.681857;0.671618;0.969712;0.778814;0.903761;0.800050;0.832887;0.761889;0.755699;0.869011;0.819641;0.743841;0.798327;0.902700;0.860030;0.708436;0.804892;0.928142;0.850516;0.742020;0.779254;0.908872;0.840680;0.744674;0.781574;0.901263;0.804867;0.924476;0.709398;0.699263;0.710102;0.702557;0.748924;0.815779;0.752755;0.808151;0.769101;0.935542;0.834681;0.799165;0.793176;0.944834;0.820870;0.859127;0.826336;0.767001;0.709890;0.686683;0.606723;0.709848;0.836436;0.812942;0.762770;0.678855;0.577653;0.584294;0.648221;0.671007;0.848923;0.891156;0.850307;0.819366;0.735786;0.691608;0.582649;0.000000
