ID,pres.meta,Date,SF,ST,Year,Month,Season,Prochlorococcus,Synechococcus,Micromonas,Haptophyta,Other.Chlorophyta,Dictyochophyceae,Pelagophyceae,Bathycoccus,Chrysophyceae,Chlorodendrales,Bacillariophyceae,Bolidophyceae,Mediophyceae,Cryptophyta,Other.Photosynthetic.Eukaryotes,Other.Cyanobacteria,Coscinodiscophyceae,Dinophyceae,Ciliates,Chl_C2,Peridinine,19BF,Fucoxanthin,Prasinoxanthin,19HF,Diadinoxanthin,Alloxanthin,Zeaxanthin,Chl_b,Chl_a,bb_Carotene
BL_38097,BL040419,2004-04-20,PICO,BBMO,2004,Apr,Spring,0,58991.97402,130436.48914,170239.39792,4421.8499,14184.62285,7570.62523,21147.92338,779.20215,0,738.19147,1618.343,3111.41076,133578.59991,17797.90932,0,0,14009.57155,0,0.113186705142857,0.00509105142857143,0.00938956457142857,0.224655322285714,0.0110041782857143,0.0595310502857143,0.05207772,0.0101038011428571,0.0006143896,0.0516695005714286,0.838162104,0.016700856
BL_38133,BL040525,2004-05-26,PICO,BBMO,2004,May,Spring,764.29614,515312.90954,33121.5434,68439.7253,0,533.1943,0,0,6794.79997,0,0,0,0,38779.292,2614.133,0,0,9793.3269,0,0.0352738667472698,0.0014232596,0.0090069774621823,0.0403336650076512,0.000414814933333333,0.0556822513287738,0.0215593822923475,0.00678277887859812,0.00177968638107884,0.0157962493195723,0.269151610927094,0.0077313637298264
BL_38187,BL040719,2004-07-19,PICO,BBMO,2004,Jul,Summer,5396.085428,1349450.30113,11368.10487,125855.45365,1725.57544,7304.40969,1233.57695,477.4637,14739.08369,0,733.21605,6280.4016,6261.71427,18091.71764,2116.41376,8646.89671,0,10010.14898,0,0.0151953504,0.0067582416,0.0076340736,0.0126803328,0.000414814933333333,0.0328889904,0.0133632144,0.0067613856,0.0182881152,0.0201664872,0.1828153848,0.0113367504
BL_38259,BL040929,2004-09-29,PICO,BBMO,2004,Sep,Autumn,377672.119797,1193514.772709,8612.979143,34453.565254,935.925409,3624.579458,1061.764466,0,1243.474353,0,395.77377,471.59184,635.334806,2589.083565,327.78186,3247.086666,0,617.13624,0,0.0367269768,0.0033923088,0.0310459728,0.0450703584,0.000414814933333333,0.0848962512,0.020900772,0.018444804,0.0629995176,0.0271589184,0.3857653944,0.0201743568
BL_38279,BL041019,2004-10-19,PICO,BBMO,2004,Oct,Autumn,745825.713147,614996.584392,9568.078091,53328.231125,1515.58264,15523.73866,5387.360783,2446.626198,7403.976498,0,713.6292,1075.771355,1866.322578,4329.140824,1287.755954,789.015025,46.755013,4016.106875,0,0.0208,0.0030417568,0.0258763136,0.016369344,0.0012444448,0.0737852448,0.0119122112,0.008666176,0.037572192,0.0207221632,0.2616938432,0.0132854688
BL_38307,BL041116,2004-11-16,PICO,BBMO,2004,Nov,Autumn,327231.67365,201329.56613,13656.38143,77150.7372,9790.03927,17291.87743,15832.34708,7160.82574,1300.47165,721.36957,5772.78543,0,3174.20589,29265.60364,383.51294,0,417.89685,10353.16296,548.37146,0.0590972112,0.0047967024,0.0190431744,0.1593639936,0.000414814933333333,0.0446274696,0.037945596,0.0112430352,0.0077199672,0.0179221608,0.5119655736,0.0125094
BL_38335,BL041214,2004-12-14,PICO,BBMO,2004,Dec,Winter,493934.18206,222797.564275,13153.01223,17202.737193,673.34784,3899.43917,5634.74508,12304.48926,370.48548,0,778.443594,0,334.27599,3828.32819,159.70512,1292.26111,500.21449,2055.12854,0,0.0345534906666667,0.00339194133333333,0.036250488,0.035562944,0.00821052533333333,0.0813741973333333,0.0155404426666667,0.0193800053333333,0.0176426826666667,0.0454414426666667,0.355456098666667,0.00931054133333333
BL_38372,BL050120,2005-01-20,PICO,BBMO,2005,Jan,Winter,377648.25021,103166.384867,425934.06462,78388.217616,3859.409055,12473.664625,36236.26341,67697.66457,425.1511,336.57794,1765.97563,310.68735,435.438885,27168.77864,1490.07648,139.9631,133.99312,17522.00695,2045.19918,0.0379883712,0.0047703288,0.0245908992,0.0378238224,0.011969592,0.0594960288,0.0124636776,0.018232572,0.0059835072,0.0741794568,0.3801467472,0.0064547016
BL_38398,BL050215,2005-02-15,PICO,BBMO,2005,Feb,Winter,160926.406275,3790.893814,81832.26785,6973.527755,154.784119,137.80183,238.4512,32275.79737,0,0,430.4783,289.5479,233.34974,549.6502,0,0,0,286.14145,0,0.066284652,0.0073450536,0.0167383896,0.126517452,0.0181497072,0.0421975032,0.0227183928,0.0143663976,0.0034399344,0.0953578416,0.698484216,0.013302564
BL_38420,BL050309,2005-03-09,PICO,BBMO,2005,Mar,Spring,178806.51698,14295.496796,128644.20621,49376.73814,323.27884,3796.00792,3672.74658,134523.77613,0,0,0,0,839.2547,922.53886,0,0,0,1035.352,265.47488,0.033520464,0.0009307696,0.0193008168,0.0587922432,0.0097660824,0.0510265584,0.0263629056,0.0148704504,0.0011621664,0.04896,0.3912123936,0.007352136
BL_38455,BL050413,2005-04-13,PICO,BBMO,2005,Apr,Spring,4814.41588,22801.33819,18582.71404,15966.87398,2566.9171,433.27487,349.24203,6743.40225,0,0,0,0,575.72015,2751.95474,318.77124,0,0,1067.3463,0,0.0352086411428571,0.0148681337142857,0.009781632,0.033953304,0.00453132685714286,0.0747708754285714,0.0303404742857143,0.0209984228571429,0.0003873888,0.0225729737142857,0.271178571428571,0.007133088
BL_38482,BL050510,2005-05-10,PICO,BBMO,2005,May,Spring,1044.8993,91120.26397,9935.77695,795.78424,0,2192.30206,0,0,2126.7861,0,1054.0651,0,3797.70073,4475.21865,8108.2522,0,0,4855.0874,0,0.049484304,0.005554944,0.010956825,0.119936286,0.00283041,0.020032917,0.04396368,0.006079587,0.0003873888,0.015308109,0.439550487,0.010467948
BL_38510,BL050607,2005-06-07,PICO,BBMO,2005,Jun,Summer,76344.3532700001,1408081.20929,7588.35927,46311.258414,2943.895,5003.823694,3460.86691,317.22287,13664.88874,0,1678.03356,4054.89895,4146.79364,0,345.54633,3843.26635,0,5305.44261,0,0.0223506984,0.0053439552,0.0121372224,0.0146171736,0.000675244,0.0449543712,0.0189570336,0.010079292,0.0065170584,0.0049491888,0.1941173088,0.0060786312
BL_38538,BL050705,2005-07-05,PICO,BBMO,2005,Jul,Summer,1402.9772,51198.65751,12530.31528,0,527.26263,0,0,1280.495,0,0,1415.2839,0,2268.5715,0,10131.3546,0,1493.9108,18173.2821,0,0.0102763341176471,0.0009307696,0.00763703717647059,0.0105510832941176,0.000675244,0.0205050409411765,0.00688426164705882,0.000538836,0.0107417364705882,0.00292273411764706,0.0828054324705882,0.00344494588235294
BL_38608,BL050913,2005-09-13,PICO,BBMO,2005,Sep,Autumn,146532.758595,29005.487486,94474.26455,43162.508958,97.04451,4269.29576,3151.77983,78427.39074,0,0,715.67059,0,7947.07366,4981.12432,519.56134,0,0,2187.86813,0,0.0130981392,0.0027923088,0.0045003504,0.0223490304,0.000675244,0.0166801368,0.0107387952,0.001616508,0.0146405832,0.008075676,0.1316627928,0.0063743592
BL_38629,BL051004,2005-10-04,PICO,BBMO,2005,Oct,Autumn,3343.02711,29092.4144,33099.33276,27068.53411,1795.7814,3359.0241,0,9795.03276,0,0,0,0,0,5412.24665,1199.0666,0,0,500.32996,0,0.0219418584,0.0052879128,0.0118319712,0.0267102504,0.0062877192,0.0487573224,0.0097205568,0.0093577008,0.0163265976,0.0226702704,0.235863756,0.00788718
BL_38664,BL051108,2005-11-08,PICO,BBMO,2005,Nov,Autumn,302424.51161,514426.839969001,11160.32746,28032.739561,786.2941,3255.29069,4949.39423,1276.21397,1036.19276,0,2021.04564,305.48306,4061.33133,2107.4363,1231.91492,787.02267,1388.71019,2325.82891,0,0.0515358144,0.0056934072,0.025543056,0.1229518032,0.0034900584,0.0551291712,0.0243839256,0.0095115696,0.0093574776,0.0195113496,0.4225739376,0.0114598296
BL_38699,BL051213,2005-12-13,PICO,BBMO,2005,Dec,Winter,191065.90511,160121.290678,29036.20447,59430.381615,4172.19495,6246.40492,22286.950764,4253.87131,529.11554,0,623.58122,0,1118.0599,4480.47354,173.13301,232.46885,0,4204.05826,0,0.0452623272,0.0082615392,0.0235967328,0.110103048,0.002025732,0.0345289464,0.0162157656,0.00842034,0.0030130968,0.0294291888,0.4234886424,0.0089196576
BL_38728,BL060111,2006-01-11,PICO,BBMO,2006,Jan,Winter,216650.64177,224073.91223,116885.30707,90207.34851,3847.16775,5308.28409,31991.05881,28263.44289,235.74303,0,1609.83711,0,3848.47146,6095.83131,409.83017,390.21645,459.29245,3168.74193,271.82614,0.0575068042,0.0092105774,0.0418843635,0.1046471836,0.0200684204,0.0720283791,0.0250922711,0.0270913061,0.0113850445,0.1162667586,0.6401809132,0.0133847584
BL_38755,BL060207,2006-02-07,PICO,BBMO,2006,Feb,Winter,57704.713229,145434.660619,90148.92455,86267.91279,3260.37894,4447.92088,12207.227706,77844.08406,0,265.7385,1297.42404,3044.57616,3160.21391,16355.05435,754.28852,212.62081,532.95329,1803.41829,775.8137,0.0736583356164384,0.0266052616438356,0.0263812930136986,0.0738464928767123,0.0144284234246575,0.0722640787671233,0.0363354567123288,0.0692564205479452,0.0053039301369863,0.110365049178082,0.74850994369863,0.012252762739726
BL_38783,BL060307,2006-03-07,PICO,BBMO,2006,Mar,Spring,6406.98316,2699.55531,8510.64356,16244.051614,307.95631,2775.75165,294.97609,22639.24296,429.85434,0,0,246.42511,242.24841,0,0,0,0,1611.85151,0,0.1229059914,0.0023973912,0.0175365233,0.1472542997,0.0041454192,0.0577317836,0.0464592722,0.019378999,0.001904609,0.0367727022,0.6539733154,0.0148353972
BL_38811,BL060404,2006-04-04,PICO,BBMO,2006,Apr,Spring,2701.1621,85988.67354,12856.11614,59289.03845,2254.23546,1665.326,0,13159.08816,3239.6506,0,1311.6285,0,11444.76708,4886.6048,1723.4188,0,0,4943.9489,0,0.147634493,0.0188356206666667,0.0133778691666667,0.325638347833333,0.00612849333333333,0.0890297008333333,0.103912284166667,0.0121646996666667,0.00808623116666667,0.036362163,1.10772832683333,0.019400761
BL_38853,BL060516,2006-05-16,PICO,BBMO,2006,May,Spring,4487.34015,671945.02971,21632.58632,32404.39348,2111.92815,2060.80856,0,896.4767,2873.96184,0,10269.9195,1086.116,7559.7367,34897.6099,0,0,779.00726,7280.66547,0,0.277347018,0.0118014121428571,0.0183808964285714,0.587899982714286,0.0120339741428571,0.0784274402857143,0.205521297857143,0.038329826,0.0115672691428571,0.0863691132857143,1.890872311,0.0493230592857143
BL_38881,BL060613,2006-06-13,PICO,BBMO,2006,Jun,Summer,10324.18598,801838.82507,45702.50938,128718.90308,6909.76588,11498.9428,4506.5365,1593.91766,33170.4762,0,737.4468,1847.669,11041.4467,41301.807,10438.08336,0,6374.896,6834.4889,0,0.0190595936,0.003734477,0.0091372221,0.0269754374,0.0064054587,0.050557094,0.0247928142,0.0086466471,0.0085256262,0.02418,0.2426197237,0.0087193018
BL_38903,BL060704,2006-07-05,PICO,BBMO,2006,Jul,Summer,931.71207,809218.851725,8301.12784,92949.90324,691.1127,6535.918236,1411.65375,0,5771.52674,0,0,624.65955,506.21763,5419.5733,734.98348,4152.90783,153.94453,6547.44314,0,0.02766344675,0.0083514775,0.02251298275,0.019188941875,0.000193372833333333,0.074764188,0.03437190875,0.008932204375,0.0204463445,0.01884087775,0.260072109125,0.01230671325
BL_38930,BL060801,2006-08-01,PICO,BBMO,2006,Aug,Summer,10655.492262,1465720.523598,1960.78479,3384.840715,706.96263,519.74022,0,0,2126.46484,0,0,0,809.99102,9616.45098,640.31748,6531.23502,406.84018,178.22305,0,0.041359766,0.0044243138,0.0103453913,0.0451260397,0.0005801185,0.0423866069,0.0338939709,0.0574425226,0.0516324189,0.0183402696,0.4066737945,0.0212429484
BL_38972,BL060912,2006-09-12,PICO,BBMO,2006,Sep,Autumn,306641.60338,851430.20398,735.32285,38141.72561,0,3419.20031,0,0,688.2971,0,0,0,2094.02752,1656.9195,431.1746,3271.41527,0,1016.5256,0,0.0254866872,0.008278023,0.0137239201,0.0409554919,0.0016587728,0.0710396124,0.0164031695,0.0123634479,0.0321903783,0.0109589185,0.2744006757,0.0112474355
BL_38999,BL061010,2006-10-09,PICO,BBMO,2006,Oct,Autumn,805505.155994,622940.999408,3028.304424,27315.825073,63.38073,2671.41413,925.66066,0,1603.148741,0,129.29669,208.54306,170.87668,1573.57149,415.65967,3449.2741,183.83417,1005.24971,0,0.0215864532,0.0033554958,0.0204411892,0.0128665748,0.0017675425,0.0928733247,0.0162738034,0.0120847455,0.0529656421,0.0119894608,0.2958506545,0.0136011384
BL_39031,BL061107,2006-11-10,PICO,BBMO,2006,Nov,Autumn,182722.82195,695860.99111,12337.8607,1873.7698,461.70224,0,0,0,0,0,0,0,0,2887.66903,0,1063.76611,0,0,0,0.0282890009166667,0.0060431555,0.0177577790833333,0.051785934,0.0159355913333333,0.0463915051666667,0.0138150440833333,0.0118943745,0.0106758290833333,0.0962815308333333,0.349908774833333,0.00848415233333333
BL_39062,BL061211,2006-12-11,PICO,BBMO,2006,Dec,Winter,289729.32898,115029.748391,15235.688976,29125.596406,1301.652886,8179.3252,3978.398288,2279.886335,124.997505,0,279.634494,0,465.81037,1707.9088,0,377.35092,0,2909.6784,0,0.0659182543,0.0113184069,0.0458633623,0.1228550336,0.0023627673,0.1046364328,0.0273489967,0.01938585,0.0167956357,0.0577437837,0.5964727856,0.0138727201
BL_39098,BL070116,2007-01-16,PICO,BBMO,2007,Jan,Winter,512110.79658,170899.213235,55906.04054,51919.2423,3051.404635,4784.60663,8438.496034,6344.99007,538.23201,0,813.317165,0,160.788712,6160.80936,166.9729,0,0,4155.67047,0,0.0511690827856551,0.000785390471812523,0.0261674527059986,0.0501982515830552,0.00851732288215667,0.086883229938193,0.0141843629081367,0.02096495784779,0.00586661812803921,0.0717393742428618,0.40751300111325,0.00369946236469662
BL_39133,BL070220,2007-02-20,PICO,BBMO,2007,Feb,Winter,323460.05951,225577.42988,111453.81551,102647.2497,4663.48097,6081.11628,30982.35046,49083.70044,0,0,3859.13702,0,1496.64662,10396.82279,0,0,0,4847.18132,0,0.0423440937947793,0.000785390471812523,0.0172908004910516,0.043709411795421,0.0144825134919253,0.0817153380598092,0.0157543344636075,0.0205104308546277,0.00404441015715256,0.093951057229945,0.405618829154399,0.00207982902098411
BL_39161,BL070320,2007-03-20,PICO,BBMO,2007,Mar,Spring,42074.44473,108054.05654,33492.47298,31339.71395,505.2526,3087.90396,10511.5768,7695.5801,0,0,1691.24308,0,0,5419.7017,0,0,0,0,0,0.112779732738321,0.00541825697093392,0.0225288735218209,0.292148197887979,0.0122534132242113,0.0668927747300301,0.0457769955372046,0.0084043115266139,0.0011527953603761,0.082122090295398,0.8674961227582,0.00499352820262218
BL_39196,BL070424,2007-04-24,PICO,BBMO,2007,Apr,Spring,153246.92087,653501.949185,11021.91076,20503.01893,2964.77728,1654.01402,1119.8247,1083.84848,1305.87078,243.42131,0,0,3574.22855,71343.38312,8412.00817,0,0,1388.67987,0,0.0619430817681257,0.00685813912443941,0.0151264729175411,0.0886035594585269,0.00254422391744535,0.0926709831170563,0.039367425698253,0.028711595990058,0.00797051281136793,0.0284594242384289,0.472140141059632,0.00326033791902829
BL_39217,BL070515,2007-05-15,PICO,BBMO,2007,May,Spring,284022.3688,440349.41154,5519.1768,81739.5293,810.2933,6758.64036,5229.46066,734.63888,56226.58674,0,3278.0005,6142.2496,10106.85265,23783.3201,2803.0978,1291.25512,1106.9078,4697.90686,0,0.0238690100825503,0.006334546232866,0.0113696736705265,0.0537843564969616,0.00084807463914845,0.065830433797278,0.0295466096787307,0.00626247674082877,0.00480652053127437,0.00472790638334427,0.236576275669462,0.00218891002255594
BL_39238,BL070605,2007-06-05,PICO,BBMO,2007,Jun,Summer,308398.13826,831501.511859999,35233.82808,152700.92943,2473.96059,28304.33209,6048.20111,3245.98277,39112.2462,999.53326,3032.41623,4669.65704,566.47927,40515.8083,719.22685,3518.30362,2905.63778,8217.24142,0,0.0180892382999111,0.00661504072310173,0.0133155839891035,0.0228807432192253,0.00084807463914845,0.0413077170740952,0.0145444852231543,0.00450938702769476,0.00695528455231581,0.0139905582997254,0.174030595475755,0.00221557532620685
BL_39266,BL070703,2007-07-03,PICO,BBMO,2007,Jul,Summer,142962.978156,1430774.89289,4173.52186,6435.5444,33.89733,0,0,0,4509.5626,0,0,0,0,0,0,3097.4415,0,168.725736,0,0.00841539285765249,0.00235617141543757,0.0101663895061094,0.0117844782492471,0.00084807463914845,0.0275899855916926,0.0118065456173228,0.00157753093540224,0.0533064264489216,0.00335736763275993,0.155752675052754,0.0130171129661448
BL_39295,BL070801,2007-08-01,PICO,BBMO,2007,Aug,Summer,168388.15512,1361938.58999,1333.43967,6173.876666,562.92123,555.10288,99.853615,0,3183.997305,131.2179,0,880.42975,162.46025,545.0685,0,2320.36072,139.25165,992.748116,0,0.0105009395187302,0.00754535522004917,0.00569873784774086,0.0108919988742764,0.00084807463914845,0.0328630621512493,0.00769831910933955,0.00423350408646311,0.0436851322451663,0.00576731209193513,0.206449607999876,0.00680186461316082
BL_39337,BL070912,2007-09-12,PICO,BBMO,2007,Sep,Autumn,657958.3732,757907.831015999,1667.84938,30920.730076,626.08856,3717.6575,1866.38754,0,4841.34358,0,0,204.68282,168.94455,376.7613,0,2556.73205,0,3698.15902,0,0.00739636645196674,0.000785390471812523,0.00892735988103554,0.0106814501811859,0.00084807463914845,0.026570138976922,0.00692770034222128,0.00300709410988162,0.0109886882522881,0.00689869693217494,0.10123433352556,0.00172349411893513
BL_39371,BL071016,2007-10-16,PICO,BBMO,2007,Oct,Autumn,832582.3473,418174.067218,8060.553056,45053.193775,4246.93902,5075.49464,3164.975296,339.241336,2042.592345,0,0,810.48366,0,1455.28764,1198.22865,1308.92209,358.03822,2582.23944,189.99756,0.0253273078018573,0.00486661360932977,0.0302211754956333,0.0327922723215187,0.00084807463914845,0.0871506662704512,0.0158779512037745,0.00911407486366428,0.0182576228006683,0.0165660691890419,0.266711938412124,0.00383968460822892
BL_39399,BL071113,2007-11-13,PICO,BBMO,2007,Nov,Autumn,557331.501086,498104.070668,25693.759175,29665.01298,1597.78986,7971.310584,8226.226434,5156.50036,848.86537,0,620.5564,0,682.39454,3258.50615,580.91068,1881.96748,0,134.11658,0,0.103092042438979,0.00560525443221014,0.0602318771720347,0.214747758605395,0.008442051354589,0.140337301352697,0.0422789569413556,0.021882307124591,0.0180017515997643,0.080834334805312,0.841361453544908,0.00810842705512617
BL_39427,BL071211,2007-12-11,PICO,BBMO,2007,Dec,Winter,538647.920869,326700.236145999,11732.180399,41173.618146,5958.591095,5703.184336,18842.701866,28252.02631,333.044017,0,137.642263,468.811495,379.396698,6891.96527,183.690454,366.22304,0,1175.546064,0,0.106341060791964,0.0129449141465341,0.082911658955398,0.0814700240729352,0.0112416938264309,0.176116969152632,0.0306275873955023,0.0568012012252172,0.0218810819159995,0.110434339755131,0.764269664726663,0.00566014037375171
BL_39491,BL080212,2008-02-13,PICO,BBMO,2008,Feb,Winter,72768.64764,205276.56169,220698.78446,227197.57202,8091.42521,16295.98356,40080.41595,80869.41934,0,517.47943,8610.90919,432.89145,11910.48085,17557.95577,1011.26195,351.7243,2173.4136,3500.03257,1925.02535,0.170830299646403,0.041144229714184,0.136372129828501,0.163501111631356,0.0136960242078976,0.467566932924362,0.0818367525588926,0.0276018822235755,0.00744624525902162,0.215168,1.38832593649361,0.0242328034084186
BL_39519,BL080311,2008-03-12,PICO,BBMO,2008,Mar,Spring,42890.17722,296485.145,34622.4125,49693.4463,6849.29083,0,11424.15086,32475.96087,0,0,1345.56698,0,2598.52965,3502.188,449.93732,0,0,1632.3306,0,0.293764650040038,0.0100684890709498,0.0244014454912458,0.585613956731566,0.00200743552671517,0.126457817570743,0.104094815495806,0.0112769662782495,0.00847211726651906,0.042941,1.7945818880256,0.0412515233213802
BL_39548,BL080408,2008-04-10,PICO,BBMO,2008,Apr,Spring,5706.24329,381833.96199,228905.73356,76822.88142,7066.27786,3472.4017,11881.94471,41920.34938,1163.65342,0,0,0,3571.24316,28194.09292,1224.37763,0,179.1219,903.86365,0,0.0328078787233764,0.00158332964105349,0.00938936711485221,0.06709937586547,0.00604932965613576,0.0463834260573574,0.0218595638993825,0.0111437549415755,0.00693460901599695,0.110566,0.418212730360987,0.00746319602971201
BL_39578,BL080507,2008-05-10,PICO,BBMO,2008,May,Spring,286.4636,1545312.08981,43006.48605,169915.9311,2647.35106,2624.09161,3480.4723,24109.30787,4027.15123,973.24176,665.90216,1459.8625,2154.85948,43924.53814,9464.618,0,0,6758.37182,0,0.090593773349814,0.00775240207868928,0.0227408722686935,0.10079503229767,0.002855167783871,0.186539021722073,0.0794476126871007,0.0195125090809665,0.0111243145162501,0.072199,0.713941648637335,0.0127312961707625
BL_39631,BL080702,2008-07-02,PICO,BBMO,2008,Jul,Summer,45106.58287,1294181.24135,9473.47198,135090.48757,4877.59535,15442.55567,2806.42352,0,16275.86281,0,331.24088,0,2909.4189,2938.2517,594.2851,12936.30809,574.5695,5636.56,0,0.119955428304479,0.00594160535091773,0.0353998984859599,0.226289547018455,0.00256056568548367,0.273283311039619,0.107288171257386,0.00310601826659163,0.000973455850777288,0.055683,0.855316797116128,0.0195524812616389
BL_39666,BL080805,2008-08-06,PICO,BBMO,2008,Aug,Summer,52208.707076,1564610.773086,5359.91182,8699.54224,781.56114,346.42834,281.7838,0,622.46568,0,1242.04707,570.47639,2892.92453,1437.94652,350.55246,5017.80427,0,0,0,0.0309685904925452,0.00752234313025213,0.0222173083011398,0.0210491204928815,0.00468161261135381,0.096503326453473,0.0222597573502003,0.00259560253369208,0.0101368615486469,0.024314,0.248247078113832,0.00679138851057508
BL_39792,BL081211,2008-12-10,PICO,BBMO,2008,Dec,Winter,328719.9266,221807.30692,40725.66905,28201.287765,5958.0654,5234.50629,20728.16189,13337.55394,0,0,1488.09455,0,1189.48141,8041.94696,0,430.67877,268.39008,1943.52496,0,0.0446419828310177,0.00686809461269036,0.0305429498736107,0.071053290817646,0.00104250935819031,0.0754535176578161,0.0197766572359296,0.00834263642955443,0.0206509931117583,0.030221,0.383343713964235,0.00869621404342439
BL_39827,BL090113,2009-01-14,PICO,BBMO,2009,Jan,Winter,307550.22823,249112.781773,166907.39522,69308.648966,4732.195674,8281.12164,29800.020791,60948.89931,0,0,1352.68614,280.9618,4454.5184,6634.18604,421.54727,402.03661,180.20306,4561.49448,0,0.023116,0.001939,0.013266,0.044345,0.008909,0.021458,0.006748,0.000482,0.004786,0.062652,0.296704608255823,0.003228
BL_39973,BL090609,2009-06-09,PICO,BBMO,2009,Jun,Summer,136284.81446,1213701.7753,24147.80255,35495.52873,128.60976,5161.25128,4511.40138,3797.46744,2606.02777,0,690.4313,0,997.07654,946.13739,843.4407,371.26965,1678.6315,4984.44258,0,0.0212377034254118,0.00312081834857689,0.012479469828265,0.0555190355697985,0.00462841373986315,0.0379626750367865,0.0216774842248503,0.00113158273604668,0.00960565824133558,0.034031049539774,0.265522598702423,0.0102392160322807
BL_40029,BL090804,2009-08-04,PICO,BBMO,2009,Aug,Summer,182225.10915,1376011.22251,746.5759,56986.52051,957.28195,5451.0599,2007.9988,0,9446.94993,420.28958,0,705.0019,558.64886,2411.70114,397.3647,4505.93346,0,3897.85241,296.675,0.0127190520438225,0.00523452798116184,0.00771686868523922,0.0207537116756391,0.000491716505166681,0.0412090401393362,0.0141815156941285,0.00181263282071729,0.0217786016907407,0.0147077799581114,0.178525649647461,0.00772776776607949
BL_40121,BL091105,2009-11-04,PICO,BBMO,2009,Nov,Autumn,902810.442171,379936.338961,23888.592655,27410.894101,8696.066816,2557.011264,13935.424904,5300.454806,419.075686,0,85.98267,0,96.497582,1897.86478,82.67565,756.719064,175.261416,730.15593,0,0.031837,0.001203,0.024526,0.051707,0.004851,0.044872,0.01112,0.00457,0.032018,0.042786,0.353314683180525,0.009393
BL_40365,BL100706,2010-07-06,PICO,BBMO,2010,Jul,Summer,9242.13733,852878.705000002,14998.37677,125955.31428,2133.6338,12038.4923,3948.91695,0,2086.99242,0,0,0,0,16506.2729,3022.3857,3881.89034,950.5288,2910.0694,0,0.031966,0.009754,0.008519,0.047977,0.000697,0.033309,0.015548,0.007569,0.003173,0.015322,0.220209949816258,0.008078
BL_40393,BL100803,2010-08-03,PICO,BBMO,2010,Aug,Summer,31488.665456,1260326.465998,10018.91822,43926.536786,2688.82489,3345.85652,228.90432,598.50723,0,0,540.9593,686.72597,291.91181,4441.76065,1311.4785,8405.10883,306.23148,508.93487,0,0.014815,0.002491,0.007829,0.019712,0.001045,0.04227,0.01193,0.004497,0.016528,0.013377,0.163643278610087,0.005414
BL_40436,BL100914,2010-09-15,PICO,BBMO,2010,Sep,Autumn,98386.5631939999,985565.321942001,6181.151136,9435.768644,3896.85788,629.00176,310.52454,0,131.00253,0,0,403.08475,227.8305,0,0,4944.80669,0,0,0,0.018045,0.001811,0.006812,0.045553,0.001815,0.036306,0.014725,0.002341,0.015783,0.012039,0.171232505235251,0.006888
BL_40527,BL101214,2010-12-15,PICO,BBMO,2010,Dec,Winter,351850.67062,365800.035329999,87481.07153,30634.870895,2873.12654,8199.69106,19177.71723,16817.14222,0,0,0,0,294.889655,4478.25382,0,1092.05624,0,2544.49406,0,0.015795,0.001624,0.013646,0.014936,0.010021,0.030718,0.005844,0.006347,0.009237,0.065254,0.218704715492162,0.003669
BL_40555,BL110112,2011-01-12,PICO,BBMO,2011,Jan,Winter,58743.7326,669082.903165,5346.38274,5639.83495,831.63262,1400.23246,960.09125,12504.83007,0,0,0,0,590.42476,517.8002,290.03366,1629.05795,0,0,0,0.060772,0.009077,0.028098,0.086348,0.023553,0.062276,0.019174,0.027297,0.010144,0.166057,0.686494083359988,0.010742
BL_40582,BL110208,2011-02-08,PICO,BBMO,2011,Feb,Winter,40713.21839,301306.356982,166772.42037,160444.24126,6888.26723,21566.0997,38713.79321,161496.38293,1063.5543,406.47333,3266.05452,1101.05139,24705.30802,48717.0409,447.63522,0,1396.60682,6921.5246,1666.72698,0.083352,0.006211,0.046368,0.102897,0.019075,0.148829,0.030877,0.025099,0.005956,0.140064,0.795738173792586,0.01141
BL_40616,BL110314,2011-03-14,PICO,BBMO,2011,Mar,Spring,23609.9929,438529.981306,24884.24286,25738.94833,401.43669,2011.4258,6935.87268,36492.99352,1133.3886,0,0,1881.89976,766.31109,18641.30579,313.0843,0,0,0,0,0.103883,0.011353,0.037939,0.110553,0.02156,0.127206,0.027879,0.072787,0.028496,0.226451,1.04628986872681,0.02112
BL_40645,BL110412,2011-04-12,PICO,BBMO,2011,Apr,Spring,79126.87081,1251543.92637,4109.99678,64840.35037,1860.1886,9655.49673,2235.45107,3623.09666,1686.96762,0,0,0,0,2414.28127,810.40295,352.91742,795.93148,638.8578,0,0.051777,0.001101,0.038183,0.054094,0.000698,0.131006,0.030211,0.005996,0.02581,0.011415,0.42093320594734,0.010101
BL_40680,BL110517,2011-05-17,PICO,BBMO,2011,May,Spring,96294.49932,812728.89664,26240.39235,23141.41213,815.8085,3234.782,2422.04554,1230.80987,3120.00639,0,962.4262,0,1637.05759,0,575.14496,1324.5043,5004.579,1286.8905,0,0.037851,0.003145,0.020004,0.071544,0.003232,0.062661,0.036369,0.002176,0.017906,0.035918,0.323695294144373,0.010791
BL_40709,BL110615,2011-06-15,PICO,BBMO,2011,Jun,Summer,111964.28366,579415.310260001,10328.5731,21444.99249,0,936.106,2235.7485,4040.33563,2187.17766,0,0,1238.0758,0,0,0,8937.2661,545.6922,840.4456,0,0.045454,0.003229,0.008041,0.15794,0.001961,0.034162,0.061429,0.000619,0.005235,0.028372,0.371992823810699,0.013734
BL_40729,BL110704,2011-07-05,PICO,BBMO,2011,Jul,Summer,162638.5435,701571.167749999,3754.00705,18306.45942,1964.9953,262.64462,0,0,3931.89568,0,0,0,0,3193.2837,447.16083,6924.13279,0,2291.53163,0,0.017283,0.00391,0.013665,0.021451,0.000927,0.048169,0.01637,0.002581,0.010328,0.013779,0.166684560316025,0.005722
BL_40757,BL110802,2011-08-02,PICO,BBMO,2011,Aug,Summer,160720.85534,1305957.96537,10304.23649,7890.32737,513.73423,464.68713,0,0,0,473.62347,358.6663,0,0,1668.31214,362.18262,4675.42889,0,0,0,0.053607,0.011081,0.015041,0.034822,0.015308,0.079603,0.033016,0.056034,0.052474,0.100057,0.640586699260339,0.023712
BL_40799,BL110913,2011-09-13,PICO,BBMO,2011,Sep,Autumn,657770.326014,722318.407607999,11064.70309,4665.106714,781.06873,662.52335,265.20242,0,699.12996,0,0,0,347.911,320.6332,0,2367.94274,0,537.07832,0,0.021675,0.003568,0.009848,0.049357,0.006211,0.037923,0.015737,0.006264,0.052749,0.037897,0.307759032956378,0.013184
BL_40826,BL111010,2011-10-10,PICO,BBMO,2011,Oct,Autumn,415033.59936,757490.753304999,1821.90731,27401.388015,749.8001,5222.77074,207.50021,0,2146.71102,0,0,0,848.99026,0,0,2307.69054,0,1136.4257,0,0.030687,0.003245,0.026362,0.029384,0.001365,0.113092,0.018913,0.001766,0.032621,0.035035,0.335792058016541,0.014898
BL_40876,BL111129,2011-11-29,PICO,BBMO,2011,Nov,Autumn,64388.14335,177286.832185,11778.53565,17034.66189,1710.2294,3493.51648,6048.17348,2564.47161,0,0,2181.76889,3051.2734,1935.22269,11245.71023,549.93884,814.42568,326.17062,278.20438,0,0.338578,0.008164,0.043119,0.961425,0.007125,0.096667,0.113096,0.043238,0.006692,0.056211,2.1544366053948,0.045845
BL_40896,BL111219,2011-12-19,PICO,BBMO,2011,Dec,Winter,190516.918308,111277.872101,31653.74251,17440.079548,548.563944,1256.798,6418.923688,5187.70862,0,0,274.49747,0,0,1250.75936,0,627.32337,383.08366,2404.31824,0,0.086068,0.002141,0.032163,0.192278,0.011379,0.10264,0.031154,0.00874,0.019772,0.081873,0.730544973611377,0.01701
BL_40918,BL120110,2012-01-10,PICO,BBMO,2012,Jan,Winter,343875.059431,151899.287956,35888.48969,26632.178094,330.6799,6546.27688,7347.342914,12519.58599,207.31877,0,242.6572,0,0,2275.63135,0,562.82614,101.203,4117.56674,0,0.035234,0.001683,0.021951,0.046147,0.007963,0.070142,0.013473,0.007663,0.010228,0.05661,0.35405989195442,0.005383
BL_40953,BL120214,2012-02-14,PICO,BBMO,2012,Feb,Winter,252373.34278,161133.526436,60768.53786,84734.31548,4304.33592,10102.62208,23329.05846,86157.71851,0,0,3365.22476,726.8586,4479.57995,14509.33008,421.31731,481.15313,0,4685.30869,887.84064,0.079414,0.005824,0.048632,0.074629,0.014056,0.126532,0.028408,0.0346,0.009032,0.093221,0.697903635750474,0.008619
BL_40981,BL120313,2012-03-13,PICO,BBMO,2012,Mar,Spring,49875.2437,48660.52206,175889.52237,86716.79626,934.21757,18705.10385,10694.00125,112222.73021,405.80728,0,3810.35333,0,6270.44985,14279.7427,0,0,372.2232,7099.37585,550.7384,0.057602,0.003094,0.0408,0.119619,0.020497,0.092012,0.033214,0.007457,0.005827,0.119451,0.705426952231038,0.010338
BL_41010,BL120411,2012-04-11,PICO,BBMO,2012,Apr,Spring,25449.969784,1393125.956056,9376.046031,15603.305149,56.76706,3361.86816,3086.639894,28975.57691,1111.06069,0,0,435.57803,508.278369,6470.39737,0,876.722476,104.13819,636.96475,0,0.08049,0.001901,0.055599,0.051347,0.013921,0.131696,0.029972,0.041393,0.05013,0.102954,0.781976249602727,0.016259
BL_41080,BL120620,2012-06-20,PICO,BBMO,2012,Jun,Summer,19456.08784,1389526.78046,11821.22242,41008.80768,267.32022,1047.99124,1916.63639,1472.39172,1055.88478,0,2575.16274,906.72604,0,2337.96603,3314.7705,7236.08799,171.45364,578.15765,0,0.061413,0.011945,0.013553,0.186236,0.001033,0.045759,0.034232,0.003687,0.010957,0.028963,0.536801693269831,0.011823
BL_41093,BL120703,2012-07-03,PICO,BBMO,2012,Jul,Summer,39378.14432,1081938.92055,15480.50333,41582.87524,1997.0514,3655.89355,3090.19396,0,3470.30647,0,638.14417,711.7762,716.33503,4288.96705,507.01865,6675.81291,1212.17152,1852.80648,0,0.014494,0.00345,0.008497,0.015671,0.000579,0.035198,0.011469,0.002651,0.009809,0.0044,0.130226782650914,0.004292
BL_41128,BL120807,2012-08-07,PICO,BBMO,2012,Aug,Summer,27206.68557,701502.73972,3419.05078,46758.70686,0,1151.3808,0,0,4353.37751,0,1013.6857,1863.8738,348.0728,1958.6471,0,0,0,1032.98705,0,0.017043,0.003129,0.008367,0.022338,0.000538,0.03864,0.014089,0.002362,0.033015,0.011397,0.185335602650072,0.005936
BL_41165,BL120913,2012-09-13,PICO,BBMO,2012,Sep,Autumn,324200.32212,1062526.327835,394.06241,6601.36052,0,2239.583184,0,0,168.97838,0,0,0,0,0,0,10637.79494,0,6119.2965,0,0.014385,0.00165,0.012799,0.022136,0.001563,0.039794,0.010822,0.001709,0.028134,0.011643,0.164715007208845,0.005939
BL_41191,BL121009,2012-10-09,PICO,BBMO,2012,Oct,Autumn,671339.49955,663301.058266,13840.206804,8474.246638,679.05397,2435.6009,2692.53315,745.96874,566.21936,0,200.787,0,0,250.53954,524.27716,2293.47097,0,552.1183,0,0.02981,0.005482,0.022117,0.04992,0.004061,0.064746,0.024866,0.004609,0.048432,0.043546,0.341408055399788,0.012551
BL_41219,BL121106,2012-11-06,PICO,BBMO,2012,Nov,Autumn,300494.83661,565933.06305,25269.33253,38899.269725,2198.8561,6708.7152,23812.69389,11575.35041,910.37674,0,564.44019,303.83243,0,2548.7007,0,3729.04699,217.92117,781.72525,0,0.079044,0.008121,0.070443,0.118805,0.010884,0.156451,0.040503,0.021682,0.048297,0.087537,0.769663021970584,0.02024
BL_41289,BL130115,2013-01-15,PICO,BBMO,2013,Jan,Winter,214503.7464,139474.2651,69695.56189,30577.05702,2402.86304,2838.530486,7093.97896,43205.79311,626.42835,0,504.36287,994.60866,307.49242,7908.70707,0,460.72295,0,1196.16412,0,0.068625,0.008131,0.053828,0.064831,0.02736,0.124798,0.027014,0.034851,0.015727,0.158522,0.69005990142101,0.013243
BL_41311,BL130206,2013-02-06,PICO,BBMO,2013,Feb,Winter,120051.76093,208017.065304,89271.02851,39357.154836,4125.05269,2561.07864,6886.09708,193492.92271,0,0,1776.67836,0,4340.16367,7966.157,0,0,198.22803,2223.91094,0,0.067058,0.004249,0.024437,0.105781,0.027129,0.086143,0.024573,0.026735,0.013595,0.164572,0.759781114963879,0.013728
BL_41345,BL130312,2013-03-12,PICO,BBMO,2013,Mar,Spring,77757.85448,194867.05743,154812.35052,62207.46316,1144.37089,2443.23341,14638.24418,146400.2742,0,0,278.32886,0,3444.09451,1967.42314,247.99817,0,0,1941.85095,175.05753,0.081633,0.004741,0.031617,0.156195,0.029059,0.092343,0.039578,0.033892,0.012072,0.182085,0.948847974185633,0.017667
BL_41381,BL130417,2013-04-17,PICO,BBMO,2013,Apr,Spring,34708.450002,896234.830410001,2149.123365,15316.507338,494.40222,2381.004895,948.38678,2280.36738,512.3287,0,433.35759,0,0,6592.05411,415.29129,0,0,0,0,0.043319,0.000871,0.024771,0.032078,0.003186,0.078227,0.020458,0.023097,0.06166,0.032416,0.412089743691937,0.013929
BL_41401,BL130507,2013-05-07,PICO,BBMO,2013,May,Spring,6045.63576,713197.340739999,173446.90931,29448.56352,1301.12981,2396.38267,2139.22457,9991.97951,0,0,3097.42682,0,589.864,39675.677,519.4325,0,240.01363,0,0,0.080581,0.001899,0.005829,0.173016,0.011857,0.019789,0.04214,0.022047,0.004845,0.068757,0.589402542790927,0.015548
BL_41487,BL130801,2013-08-01,PICO,BBMO,2013,Aug,Summer,30094.20152,1227765.24347,6547.08254,42740.36641,1432.78705,4109.29457,965.47056,0,2242.99083,0,1521.90639,467.4269,268.33765,1748.4071,268.33765,15992.22505,711.84246,3080.30419,0,0.013167,0.003222,0.004833,0.004751,0.000492,0.017622,0.004815,0.004101,0.011318,0.010248,0.115781172175131,0.002614
BL_41534,BL130917,2013-09-17,PICO,BBMO,2013,Sep,Autumn,375372.80531,704064.96886,2441.6653,8867.24766,2793.29667,1698.90001,189.06052,883.02437,0,0,0,0,0,0,555.5111,863.28891,0,0,0,0.013343,0.001362,0.007562,0.026626,0.001798,0.035565,0.009479,0.001449,0.016997,0.011116,0.144873662584219,0.005387
BL_41562,BL131015,2013-10-15,PICO,BBMO,2013,Oct,Autumn,55511.722846,1319269.493961,1006.122075,11413.962976,1198.12658,4165.32589,110.75007,0,366.771,0,0,0,100.5494,703.28701,697.08876,10360.78772,0,134.85449,0,0.005562,0.001687,0.004539,0.003703,0.000348,0.013837,0.002474,0.001077,0.012133,0.004268,0.0628750827704954,0.001456
BL_41583,BL131105,2013-11-05,PICO,BBMO,2013,Nov,Autumn,335005.78645,445999.491341,1686.36867,7509.73302,0,95.905655,932.94584,0,0,0,0,0,296.971,191.26945,0,1723.67117,0,0,0,0.016527,0.002002,0.011655,0.020261,0.000497,0.033036,0.006145,0.001744,0.010227,0.010749,0.147345380224017,0.003046
BL_41653,BL140114,2014-01-14,PICO,BBMO,2014,Jan,Winter,713580.76314,210084.324688,116814.542066,31479.379626,4450.35055,2991.59934,17337.008898,37654.68812,0,0,0,0,585.09891,10499.5459,431.94165,408.6462,0,4644.75427,446.8362,0.067894,0.00929,0.047007,0.039648,0.034812,0.102418,0.016876,0.022436,0.036358,0.231864,0.738109615919925,0.01493
BL_41681,BL140211,2014-02-11,PICO,BBMO,2014,Feb,Winter,296680.230145,237533.604904,50974.602736,39340.568312,2981.34635,4650.27446,10658.945481,129060.34662,0,0,880.8922,0,12138.859614,11137.11781,753.89058,356.49552,542.91005,4383.96885,0,0.01793,0.003592,0.024827,0.095011,0.018723,0.077979,0.015093,0.009031,0.010879,0.112122,0.652093169156912,0.013753
BL_41708,BL140310,2014-03-10,PICO,BBMO,2014,Mar,Spring,469872.297991,492718.515730999,19616.94005,33197.730381,327.57209,4753.78932,4371.78472,34798.2259,3570.9942,0,131.57825,1202.32914,1025.69497,19231.755756,0,856.428194,235.756943,1133.65042,0,0.068521,0.004056,0.021853,0.028138,0.005992,0.091093,0.011117,0.016244,0.030971,0.039967,0.390460966252152,0.006257
BL_41736,BL140407,2014-04-07,PICO,BBMO,2014,Apr,Spring,315387.70491,532412.304957,17262.16163,15244.825256,470.03698,2738.53103,3340.43904,10937.87496,3576.39227,0,551.12177,0,0,8181.1264,307.9798,288.90459,148.88124,512.88896,0,0.00075,0.001421,0.00784958466335849,0.017741,0.002174,0.023137,0.005429,0.002447,0.040788,0.019427,0.222355872900859,0.014286
BL_41764,BL140505,2014-05-05,PICO,BBMO,2014,May,Spring,242639.12704,660149.89056,14122.11196,75719.73991,2515.8031,14783.65724,802.07993,578.22088,12621.38556,0,3778.7239,0,1949.23266,8647.5951,4203.11659,2640.0776,3062.3784,6209.81176,0,0.016007,0.001999,0.012991,0.012633,0.000545,0.047108,0.006216,0.002259,0.013416,0.013877,0.190760031918424,0.006102
BL_41792,BL140602,2014-06-02,PICO,BBMO,2014,Jun,Summer,130210.50446,635723.09331,19984.23655,57797.32374,1129.71369,8286.60763,1862.07926,1643.62154,4833.64071,0,972.87524,1788.8351,486.43762,5532.909,1494.29322,3814.3323,1576.8878,2266.32792,0,0.005137,0.004374,0.020063,0.030533,0.004674,0.074456,0.02535,0.003308,0.019729,0.02226,0.222897643560538,0.016044
BL_41827,BL140707,2014-07-07,PICO,BBMO,2014,Jul,Summer,93298.69743,301814.01129,15513.77392,47665.89769,2175.90454,4229.45046,2527.31368,0,3462.98591,0,0,688.2161,280.7197,723.2101,1582.77618,1917.27015,1213.3478,3398.4899,0,0.005498,0.005136,0.017097,0.051826,0,0.058702,0.013598,0.003804,0.00647,0.029496,0.256475210891193,0.014614
BL_41855,BL140804,2014-08-04,PICO,BBMO,2014,Aug,Summer,163316.2435,417364.86689,5875.95014,8070.11816,513.598,0,0,0,736.2561,0,0,1233.81591,1137.25276,0,0,2872.0095,0,740.5367,0,0.070087,0.0351926421228367,0.00907,0.048948,0.000814,0.031746,0.019714,0.013063,0.020385,0.064654,0.50232901056146,0.0277
BL_41898,BL140916,2014-09-16,PICO,BBMO,2014,Sep,Autumn,636423.352100001,135387.20959,7943.41082,23982.19096,922.53763,1153.97403,941.2192,304.03058,2094.11685,0,0,0,0,498.7168,424.28146,0,538.89777,765.60483,0,0.017058,0.002435,0.011636,0.020801,0.001002,0.03925,0.009562,0.001531,0.012505,0.009806,0.137758772028104,0.00754
BL_41919,BL141007,2014-10-07,PICO,BBMO,2014,Oct,Autumn,358677.24323,1010709.698829,2222.812882,8155.579537,678.18322,412.16499,413.30998,0,363.789454,0,0,0,740.21871,492.08148,378.86256,3458.604706,158.09647,1019.26725,0,0.010522,0.002192,0.012153,0.025319,0.000798,0.042805,0.006646,0.002322,0.021564,0.001421,0.262016141388524,0.016329
BL_41954,BL141111,2014-11-11,PICO,BBMO,2014,Nov,Autumn,426079.76167,410852.82164,7133.39334,33963.18237,309.55518,2815.70345,2065.7965,0,5231.3187,0,0,0,902.1322,2105.70445,550.7202,1850.21949,0,641.7197,0,0.030513,0.004617,0.021417,0.050651,0.001549,0.07955,0.010861,0.002522,0.012157,0.01887,0.272463505357471,0.010958
BL_41989,BL141216,2014-12-16,PICO,BBMO,2014,Dec,Winter,131417.81143,122596.257269,29793.139656,20439.500846,1925.75927,4443.509066,4753.775181,5651.35187,0,0,304.99067,0,1758.62244,8643.44052,278.52725,264.88449,75.874664,1074.97883,199.12808,0.065562,0.009945,0.036615,0.117152,0.000922,0.07653,0.015928,0.018343,0.004615,0.058793,0.596326555859473,0.014747
MOLA_43857,PICO_MO200127_5,2020-01-27,PICO,MOLA,2020,Jan,Winter,244657.11661,190071.125988,17512.75499,31911.189896,195.711446,4437.42843,8296.33404,48094.67261,0,0,0,0,693.218818,1737.12408,197.13556,479.3367,0,2038.60769,0,0.0409,0.0045,0.0307,0.0494,0.0113,0.0599,0.0194,0.0153,0.0105,0.0367,0.3503,0.0114
MOLA_44005,PICO_MO200625_5,2020-06-23,PICO,MOLA,2020,Jun,Summer,145187.91747,847652.91796,14785.311,85721.78149,1922.9538,7104.0442,2584.88823,0,19542.36912,0,0,0,1352.6986,1711.88973,0,12745.15048,602.624,4878.77411,0,0.0143,0.0028,0.0098,0.0201,0,0.0292,0.0187,0,0.0316,0.0036,0.1398,0.0081
MOLA_44033,PICO_MO200721_5,2020-07-21,PICO,MOLA,2020,Jul,Summer,276951.7955,596077.84888,14979.40465,88773.38226,1013.60214,13943.9632,542.2161,0,9825.91717,0,0,2753.3243,0,1007.6354,2951.25762,2658.70193,0,10570.20706,0,0.0072,0.0026,0.0058,0.0074,0,0.0173,0.0091,9e-04,0.0211,0.0028,0.0908,0.006
MOLA_44068,PICO_MO200825_5,2020-08-25,PICO,MOLA,2020,Aug,Summer,238887.85646,812366.57434,9046.189,47796.78518,136.19963,7794.06359,203.30286,0,7807.27503,0,0,0,0,0,0,12310.94442,0,2370.82848,0,0.008,0.0022,0.0047,0.0049,0,0.0167,0.0041,7e-04,0.0257,0.0017,0.0869,0.0056
MOLA_44231,PICO_MO210204_5,2021-02-04,PICO,MOLA,2021,Feb,Winter,240082.60467,200693.03206,54008.6977,98422.46286,2997.66541,26479.96993,21296.31919,78740.24979,0,0,1767.0128,12276.6666,24292.69049,5707.12828,3071.6543,404.59656,440.72122,4548.02985,893.4077,0.0844,0.011,0.0437,0.105,0.0123,0.0873,0.0286,0.0298,0.0097,0.0434,0.5949,0.0188
MOLA_44258,PICO_MO210303_5,2021-03-03,PICO,MOLA,2021,Mar,Spring,225699.77027,603174.88242,56178.73868,94841.791934,2512.04594,8008.5896,13000.001855,57608.35523,4365.33256,0,2176.08761,704.59438,1246.44438,14421.78197,617.52671,564.561835,0,8037.024,531.00139,0.0966,0.0105,0.0399,0.0427,0.0259,0.1665,0.0289,0.07,0.0375,0.0768,0.7466,0.0331
MOLA_44398,PICO_MO210721_5,2021-07-21,PICO,MOLA,2021,Jul,Summer,19240.265212,472964.076688999,10495.08632,40825.47527,2123.65059,3774.31148,5356.551125,1864.08597,8500.335684,0,1597.6766,0,11506.87051,1213.54619,1468.73021,8177.89514,0,4349.77593,117.73442,0.0055,0.0026,0.0026,0.0039,0,0.0082,0.0037,0,0.016,0.0026,0.0671,0.0041
SO_42009,NANO_SO150105,2015-01-05,NANO,SOLA,2015,Jan,Winter,15710.20023,1321319.501522,186582.53033,130183.431484,6458.5356,31061.401354,21852.32169,13268.41469,430.70386,0,4818.60551,0,40372.24485,12107.44215,181.27727,7422.48728,98.76485,24179.45925,1296.0093,0.0556027662838696,0.0283940546418504,0.101791476370363,0.337109933117282,0.0536197513398915,0.184049837087061,0.049771263417539,0.0296280805563907,0.0258168951175379,0.103283103200715,0.536623455649345,0.00948014250934881
SO_42009,PICO_SO150105,2015-01-05,PICO,SOLA,2015,Jan,Winter,351364.71857,69901.183742,172976.97503,65626.951752,2201.88883,11969.79431,11098.499092,19486.91383,387.98001,293.9012,867.74748,0,1584.18905,7507.30286,156.25128,380.73338,0,7617.98938,922.16964,0.0556027662838696,0.0283940546418504,0.101791476370363,0.337109933117282,0.0536197513398915,0.184049837087061,0.049771263417539,0.0296280805563907,0.0258168951175379,0.103283103200715,0.536623455649345,0.00948014250934881
SO_42012,NANO_SO150108,2015-01-08,NANO,SOLA,2015,Jan,Winter,40213.56201,543192.04991,511707.3044,254468.34331,13008.4822,43198.89998,37492.59704,72098.09894,1673.2593,0,14774.63998,0,71064.9188,22552.2665,853.0341,4226.83305,2100.229,33250.15703,2946.2048,0.0818311895631379,0.0326197640211828,0.0830825475540901,0.651293415645519,0.0562171384826734,0.166376582686801,0.0713939081305164,0.0327885267267207,0.0191133438807658,0.119823496404942,0.738938483919074,0.0146938803577567
SO_42012,PICO_SO150108,2015-01-08,PICO,SOLA,2015,Jan,Winter,317820.43567,101036.250044,88733.262395,35463.542086,1134.18967,4937.3882,7852.549784,13637.88959,0,0,1277.29659,0,680.0006,1453.92088,0,542.9881,156.57611,2491.80481,231.66875,0.0818311895631379,0.0326197640211828,0.0830825475540901,0.651293415645519,0.0562171384826734,0.166376582686801,0.0713939081305164,0.0327885267267207,0.0191133438807658,0.119823496404942,0.738938483919074,0.0146938803577567
SO_42019,NANO_SO150115,2015-01-15,NANO,SOLA,2015,Jan,Winter,52971.93791,921514.1349,206576.50115,111354.25006,4793.22621,11418.89603,22201.29966,36084.25881,0,0,4556.61824,0,32035.04519,4359.46733,341.54196,2822.59719,1302.5703,14142.96764,794.82862,0.0925795331967399,0.026974251886041,0.0581609172095282,0.847058210608558,0.0448388449255832,0.187791355404716,0.0813135204305508,0.0303935069367367,0.0178431432130061,0.0943914729921177,0.817988052393714,0.0160023929202727
SO_42019,PICO_SO150115,2015-01-15,PICO,SOLA,2015,Jan,Winter,173702.01511,118879.468275,67946.24825,33545.35246,755.86825,3361.94097,5360.83089,14904.4154,332.38188,0,954.0362,0,2097.07065,2634.14938,279.7895,0,0,3452.66276,0,0.0925795331967399,0.026974251886041,0.0581609172095282,0.847058210608558,0.0448388449255832,0.187791355404716,0.0813135204305508,0.0303935069367367,0.0178431432130061,0.0943914729921177,0.817988052393714,0.0160023929202727
SO_42026,PICO_SO150122,2015-01-22,PICO,SOLA,2015,Jan,Winter,142022.25489,77462.17065,35649.26383,28951.96316,1280.88028,4742.92032,6454.53078,11002.346,570.7733,0,3519.6256,793.812,2175.52593,5357.41013,0,0,392.65268,926.80398,0,0.154714512389392,0.0369072041877404,0.0828730251410803,1.3366526224432,0.0270355981601028,0.268263385871205,0.140825758968947,0.0548770880741979,0.0172794477867342,0.0707047009359782,1.2367775522068,0.0207699293152953
SO_42026,NANO_SO150122,2015-01-22,NANO,SOLA,2015,Jan,Winter,4983.40607,1116253.558744,18243.52645,22041.17162,1416.36655,3495.15433,2823.51131,1468.75942,0,0,2266.54635,0,4947.56597,2660.33409,0,1232.22945,0,3433.00732,0,0.154714512389392,0.0369072041877404,0.0828730251410803,1.3366526224432,0.0270355981601028,0.268263385871205,0.140825758968947,0.0548770880741979,0.0172794477867342,0.0707047009359782,1.2367775522068,0.0207699293152953
SO_42033,PICO_SO150129,2015-01-29,PICO,SOLA,2015,Jan,Winter,160352.005334,73674.852934,102745.92409,128377.518029,2973.25235,18240.43833,16918.073842,33744.37781,1172.4305,0,5586.86174,468.26804,4355.70088,9424.96852,331.08194,155.62202,716.9345,10136.43876,523.266,0.178390767812459,0.0461940639611624,0.136967128255889,1.35317486971758,0.0333303817595723,0.384976584562625,0.166883314974578,0.0647154466406895,0.0165576420565862,0.0867681251190672,1.3560960136261,0.0237022605450588
SO_42033,NANO_SO150129,2015-01-29,NANO,SOLA,2015,Jan,Winter,6602.48606,1386269.66714,51940.91234,111453.71497,4540.96097,12701.7409,20409.30134,7476.85804,586.60406,0,4646.91823,464.39484,19841.53058,11703.35299,672.57184,3191.61228,807.0862,7268.65211,261.8065,0.178390767812459,0.0461940639611624,0.136967128255889,1.35317486971758,0.0333303817595723,0.384976584562625,0.166883314974578,0.0647154466406895,0.0165576420565862,0.0867681251190672,1.3560960136261,0.0237022605450588
SO_42039,NANO_SO150204,2015-02-04,NANO,SOLA,2015,Feb,Winter,44036.87898,969878.609070001,105216.72918,75924.84148,2978.86646,15934.7677,9311.15024,23084.66414,0,0,8837.08992,0,30144.13094,9427.81284,0,395.75592,211.5247,15225.84592,689.25878,0.124671927947313,0.0282510985061832,0.0851118948847626,1.08818499044509,0.0315801736081153,0.224788729650005,0.113219404966186,0.048529330936445,0.0134907733356303,0.0930802438569045,1.05388480675791,0.0211479686387403
SO_42039,PICO_SO150204,2015-02-04,PICO,SOLA,2015,Feb,Winter,132254.57306,74603.157172,81628.72454,71515.35061,2627.95201,8436.92742,10801.162,47367.69054,574.6809,0,2022.72213,1018.05884,3326.72194,7089.73366,555.43597,0,315.08368,6297.88567,0,0.124671927947313,0.0282510985061832,0.0851118948847626,1.08818499044509,0.0315801736081153,0.224788729650005,0.113219404966186,0.048529330936445,0.0134907733356303,0.0930802438569045,1.05388480675791,0.0211479686387403
SO_42044,NANO_SO150209,2015-02-09,NANO,SOLA,2015,Feb,Winter,31673.20009,457381.24934,116836.08125,92896.34692,4852.97382,15764.96355,19736.79525,65483.59545,1655.0785,0,4999.56822,0,50141.88667,22917.77366,0,0,507.8088,30210.31505,0,0.164720407438678,0.0517946210268494,0.0511741312852671,1.48679110643748,0.0227464831330694,0.143893127113816,0.157013443133488,0.0581302864612492,0.00866104140950289,0.062814679613819,1.34294310691563,0.0271224747412464
SO_42044,PICO_SO150209,2015-02-09,PICO,SOLA,2015,Feb,Winter,45193.81889,39604.02602,27493.02176,24832.483539,802.61145,1611.52522,3986.06406,15383.98844,0,0,1136.52988,0,1318.34947,2772.45913,0,0,0,1457.84583,299.47296,0.164720407438678,0.0517946210268494,0.0511741312852671,1.48679110643748,0.0227464831330694,0.143893127113816,0.157013443133488,0.0581302864612492,0.00866104140950289,0.062814679613819,1.34294310691563,0.0271224747412464
SO_42051,PICO_SO150216,2015-02-16,PICO,SOLA,2015,Feb,Winter,89614.1317899999,69114.169018,39098.42628,16211.251545,686.04059,1165.18318,2493.64517,36743.4272,1369.708,0,2264.8274,246.92017,3641.48615,1370.31196,192.04901,311.545726,71.5217,1467.45755,375.40802,0.14226821946975,0.0439504599888095,0.0536110628916667,1.3129586167419,0.0659282205496428,0.0574921851257143,0.113539634990952,0.0481240661654762,0.0133038807188571,0.137981081844048,1.27604222109357,0.0314923261522024
SO_42051,NANO_SO150216,2015-02-16,NANO,SOLA,2015,Feb,Winter,8183.20422,966282.153199999,51641.31357,29317.87688,5540.27964,6773.70104,4586.58787,27443.95465,2957.8848,0,1799.17474,0,23208.35793,5775.92349,283.48627,0,154.45113,2352.8971,1202.4384,0.14226821946975,0.0439504599888095,0.0536110628916667,1.3129586167419,0.0659282205496428,0.0574921851257143,0.113539634990952,0.0481240661654762,0.0133038807188571,0.137981081844048,1.27604222109357,0.0314923261522024
SO_42058,PICO_SO150223,2015-02-23,PICO,SOLA,2015,Feb,Winter,83009.94362,80637.356244,45766.37423,26328.937016,1083.742266,3653.17176,1616.67398,77904.26205,1478.56405,0,6407.31942,0,5335.70242,6193.61857,1926.8418,351.43652,677.53804,3681.70826,755.70224,0.154365699703359,0.0645366848671875,0.0634398195390625,1.175487104425,0.0826681934507812,0.177241955784375,0.147423107528906,0.0888819063515625,0.0135407762880469,0.150333094140625,1.23663636447578,0.0286952484928125
SO_42058,NANO_SO150223,2015-02-23,NANO,SOLA,2015,Feb,Winter,682.16972,862738.467877,14687.74971,6617.75201,2386.47544,2494.809294,1331.1137,22776.2526,0,0,1519.71416,0,1473.36943,1253.00024,0,872.99977,98.367584,1540.39181,382.9074,0.154365699703359,0.0645366848671875,0.0634398195390625,1.175487104425,0.0826681934507812,0.177241955784375,0.147423107528906,0.0888819063515625,0.0135407762880469,0.150333094140625,1.23663636447578,0.0286952484928125
SO_42067,NANO_SO150304,2015-03-04,NANO,SOLA,2015,Mar,Spring,1243.06135,1150897.681992,21577.89455,68030.809895,4578.140474,16520.198445,5532.7597,25159.84763,0,302.78146,1541.1332,0,35126.95761,23333.75012,195.6434,0,263.10666,7808.5491,2416.7715,0.1306602425898,0.130173094986,0.1050467707575,0.696856770534,0.04163009766375,0.36293646545775,0.097858667456,0.123105612344,0.0101897303949,0.10362991161875,1.108787655965,0.019538374107775
SO_42067,PICO_SO150304,2015-03-04,PICO,SOLA,2015,Mar,Spring,91342.45292,102228.34346,13112.57098,65675.60818,2980.11117,7190.86272,8574.87076,79730.1944,306.97324,0,653.70632,0,11113.41384,31252.63305,421.71567,156.81123,149.78177,3934.21736,2060.43738,0.1306602425898,0.130173094986,0.1050467707575,0.696856770534,0.04163009766375,0.36293646545775,0.097858667456,0.123105612344,0.0101897303949,0.10362991161875,1.108787655965,0.019538374107775
SO_42074,PICO_SO150311,2015-03-11,PICO,SOLA,2015,Mar,Spring,59695.69363,118575.377025,43971.284403,188520.373211,3368.029584,28557.45368,8684.550138,84008.4519,0,0,3711.93391,216.12407,5212.904926,59312.33011,1445.471279,298.669505,461.64862,5081.858116,1422.406106,0.170139606945,0,0.208324098074074,0.511130672696296,0.0249996173166667,0.854004018116666,0.177499387588889,0.147733333753704,0.0252388629716667,0.0906582326018518,1.18431729191852,0.020263054625
SO_42079,NANO_SO150316,2015-03-16,NANO,SOLA,2015,Mar,Spring,1930.71609,1738199.71803,14186.32313,33978.095185,2726.13155,6532.47389,778.90024,22230.57945,0,0,604.215,0,1440.03288,15048.36987,1122.76453,0,0,2928.54089,1563.0433,0.153809760923645,0.0779084539323026,0.187474847671711,0.624961966714474,0.0373416761874671,0.750465568310526,0.129963538854671,0.103843597790625,0.0372603519251941,0.125301460686513,1.31978361387332,0.0214833946659803
SO_42079,PICO_SO150316,2015-03-16,PICO,SOLA,2015,Mar,Spring,66626.88655,81934.965459,14974.521628,42597.471068,1462.95309,5639.44874,2466.993865,45686.7305,1311.00394,0,4138.41459,268.87012,2911.57932,20524.85225,6119.87985,271.88395,1844.7477,1529.06911,942.39558,0.153809760923645,0.0779084539323026,0.187474847671711,0.624961966714474,0.0373416761874671,0.750465568310526,0.129963538854671,0.103843597790625,0.0372603519251941,0.125301460686513,1.31978361387332,0.0214833946659803
SO_42082,PICO_SO150319,2015-03-19,PICO,SOLA,2015,Mar,Spring,54124.10282,262124.731229,5796.724414,25654.764,0,2708.632855,2135.21445,19980.59686,1075.84346,0,1219.50445,0,464.34126,16197.4428,0,0,0,1941.28536,0,0.1461703092234,0.0951943423346667,0.153929572453333,0.318342938176,0.02285011751,0.605294061346,0.130224694351333,0.217288722955333,0.0351568351224,0.0750931205933333,1.03803131778267,0.028869326553
SO_42086,PICO_SO150323,2015-03-23,PICO,SOLA,2015,Mar,Spring,29473.23603,276690.19934,23287.84987,53172.29134,2947.10284,8331.25695,1325.67006,38508.27383,5312.91043,0,0,0,3509.13613,91184.07802,415.49496,0,298.01016,1616.25153,580.01984,0.121520225800658,0.107864147165789,0.0680077678947368,0.444762860494737,0.0375732074328947,0.409132211332895,0.0924126729302631,0.183682594613158,0.0337922881176316,0.0933907055921052,1.11190712996184,0.0214672036127632
SO_42093,PICO_SO150329,2015-03-30,PICO,SOLA,2015,Mar,Spring,15172.101473,383975.746339,27866.435804,27344.866532,2997.75866,6173.10429,1089.149816,41937.03101,2176.58223,0,848.20776,0,3954.94218,32057.86205,831.97516,0,77.459755,4069.60811,101.64402,0.11466940122,0.0719722509,0.0866270984714286,0.552523064422857,0.0530990779457143,0.326794858037143,0.112289583728571,0.153911898163571,0.0414880257593571,0.101356703682143,1.06983120106786,0.0277314376153571
SO_42114,PICO_SO150420,2015-04-20,PICO,SOLA,2015,Apr,Spring,21201.805208,734248.707736001,9089.40974,10137.83899,0,810.04819,179.72406,528.43412,2345.70117,0,1666.623694,0,8308.06207,4203.9315,234.77469,420.32242,0,683.46093,0,0.11492250195195,0.038832789105,0.060825203725,1.013415748072,0,0.2014763373075,0.1477439800725,0.0384458945475,0.06616036528875,0.03181487397,0.9852841133185,0.03087721105675
SO_42114,NANO_SO150420,2015-04-20,NANO,SOLA,2015,Apr,Spring,295.59303,2159343.552628,397.56278,2036.394739,172.25928,157.54142,0,0,93.12957,0,0,0,237.43846,536.86613,0,85.018295,0,329.043596,0,0.11492250195195,0.038832789105,0.060825203725,1.013415748072,0,0.2014763373075,0.1477439800725,0.0384458945475,0.06616036528875,0.03181487397,0.9852841133185,0.03087721105675
SO_42121,NANO_SO150427,2015-04-27,NANO,SOLA,2015,Apr,Spring,0,2174120.51093,0,1908.24526,0,297.22525,0,0,0,2408.2866,0,0,630.3569,0,0,0,0,1037.7672,0,0.2196583267725,0.06707602055,0.10773727875,1.6674783076,0,0.45235142775,0.26242524185,0.046444722775,0.0296817573825,0.05404471325,1.4373178668,0.0431851346
SO_42121,PICO_SO150427,2015-04-27,PICO,SOLA,2015,Apr,Spring,4645.25672,334291.386872,12001.255,7299.784995,0,159.481,0,0,524.87574,0,556.73366,335.09998,4736.67798,876.35957,0,167.54999,0,526.1383,0,0.2196583267725,0.06707602055,0.10773727875,1.6674783076,0,0.45235142775,0.26242524185,0.046444722775,0.0296817573825,0.05404471325,1.4373178668,0.0431851346
SO_42128,NANO_SO150504,2015-05-04,NANO,SOLA,2015,May,Spring,0,2055516.05416,1684.3171,23233.72194,281.77048,1390.6736,0,0,0,552.7036,0,0,0,2435.643,0,311.2699,0,25371.55516,780.2874,0.169797922934062,0.0674665254083333,0.109748241333333,0.936475152808333,0,0.44061301781875,0.235189056282292,0.06556843033125,0.01870480988625,0.0453045545104167,0.97501485388125,0.0263573218114583
SO_42128,PICO_SO150504,2015-05-04,PICO,SOLA,2015,May,Spring,2207.72739,1144937.80353,11008.5009,6798.98777,261.98285,731.29463,0,0,775.80725,1027.7788,0,0,3094.6307,0,0,480.0404,0,5715.53624,0,0.169797922934062,0.0674665254083333,0.109748241333333,0.936475152808333,0,0.44061301781875,0.235189056282292,0.06556843033125,0.01870480988625,0.0453045545104167,0.97501485388125,0.0263573218114583
SO_42156,PICO_SO150601,2015-06-01,PICO,SOLA,2015,Jun,Summer,63918.78483,1082702.449457,13674.943984,106784.033118,1054.10084,8533.87323,841.28349,0,4982.591394,0,5429.5644,0,11557.66327,10696.56286,4225.51704,2459.64029,4101.67812,4950.71909,0,0.0465123537639172,0.0307347990343949,0.0910100461592357,0.131863951240764,0,0.224903194872611,0.0887245432203821,0.0268006358203822,0.0601959438771019,0.0129213368598726,0.272911875056051,0.00987551118515924
SO_42156,NANO_SO150601,2015-06-01,NANO,SOLA,2015,Jun,Summer,905.07811,997647.01401,15853.25489,485779.61654,1265.49665,62059.1711,13112.18474,5442.50001,3694.56951,0,33791.11015,0,26934.42682,70402.3513,7378.3472,6420.64054,862.39233,27716.2322,3077.2168,0.0465123537639172,0.0307347990343949,0.0910100461592357,0.131863951240764,0,0.224903194872611,0.0887245432203821,0.0268006358203822,0.0601959438771019,0.0129213368598726,0.272911875056051,0.00987551118515924
SO_42177,NANO_SO150622,2015-06-22,NANO,SOLA,2015,Jun,Summer,0,586389.97928,0,467590.96422,5217.627,50633.27422,4779.60982,948.65955,1657.9376,0,7282.6174,0,1757.06964,0,869.6045,1853.48189,305.8609,79541.49749,1799.36764,0.185068621431805,0.139901244853624,0.269137955550809,0.973737691171257,0.0595468362713379,0.562265621124273,0.155481614323412,0.154806028171043,0.0242514124318926,0.144911297249789,1.52206514460625,0.0208952725566172
SO_42177,PICO_SO150622,2015-06-22,PICO,SOLA,2015,Jun,Summer,9276.54576,1303944.88124,6063.2435,18930.23158,1138.7462,3697.18811,0,0,0,0,3813.5841,0,2344.72815,0,1549.51073,11499.84871,240.31471,57199.72763,315.3451,0.185068621431805,0.139901244853624,0.269137955550809,0.973737691171257,0.0595468362713379,0.562265621124273,0.155481614323412,0.154806028171043,0.0242514124318926,0.144911297249789,1.52206514460625,0.0208952725566172
SO_42184,PICO_SO150629,2015-06-29,PICO,SOLA,2015,Jun,Summer,18058.81771,1241366.18101,18333.00331,143354.41408,1351.063125,17870.97811,2681.70031,0,11743.00707,0,190.05742,760.2297,904.2497,1873.42594,755.10476,9203.66796,749.4207,3441.29684,0,0.0160017765554972,0.0178765669382369,0.0347410224248234,0.042064434114915,0.0227614052513589,0.122357303494674,0.0501628234228782,0,0.0250863466889727,0,0.160909163199571,0.00537711499677629
SO_42200,NANO_SO150715,2015-07-15,NANO,SOLA,2015,Jul,Summer,0,930813.647370001,0,420627.87323,47023.6844,32536.90645,2812.67833,0,7744.8384,17955.898,34974.4863,3168.6882,31416.8885,7281.322,17893.7489,4475.306,4545.4287,132644.9059,5193.997,0.0138672108737159,0.013490322130149,0.033115826169165,0.0554940580969255,0.012112918305594,0.105890679929582,0.0449252896519726,0,0.0324089889529291,0.00946929786448602,0.150875966505368,0.00711306574715284
SO_42200,PICO_SO150715,2015-07-15,PICO,SOLA,2015,Jul,Summer,35209.42948,696070.92052,32345.0751,51364.3637,652.41736,8636.45496,1702.55214,307.86377,2494.2659,0,0,0,2374.52076,1633.2064,1374.3209,11489.12639,0,2058.481,0,0.0138672108737159,0.013490322130149,0.033115826169165,0.0554940580969255,0.012112918305594,0.105890679929582,0.0449252896519726,0,0.0324089889529291,0.00946929786448602,0.150875966505368,0.00711306574715284
SO_42205,NANO_SO150720,2015-07-20,NANO,SOLA,2015,Jul,Summer,0,1716042.390895,4310.27415,72050.929444,13276.97744,3813.58228,266.2715,0,127.01997,5760.682,0,0,0,1421.6191,18376.07344,17399.20019,0,21657.10357,162.65454,0.0171548501245118,0.0246328925566923,0.0390257946607009,0.0644848775080748,0,0.124741016823793,0.0638353459687908,0.00237889660475164,0.0432047626996431,0.0116898893180698,0.187130097227747,0.00842058479913634
SO_42205,PICO_SO150720,2015-07-20,PICO,SOLA,2015,Jul,Summer,72455.96989,587465.02155,19330.89787,73725.13107,2290.0469,9191.23862,2137.11821,1102.48883,14548.92236,0,0,708.4722,303.21445,1304.0905,1133.5555,8138.47729,0,832.5549,0,0.0171548501245118,0.0246328925566923,0.0390257946607009,0.0644848775080748,0,0.124741016823793,0.0638353459687908,0.00237889660475164,0.0432047626996431,0.0116898893180698,0.187130097227747,0.00842058479913634
SO_42233,NANO_SO150817,2015-08-17,NANO,SOLA,2015,Aug,Summer,0,464690.856463,822.58043,35475.43583,874.39764,3491.5531,0,0,0,10119.472,212.35373,0,0,0,1207.95753,538.43428,0,1339453.112606,0,0.0225364312106198,0.0173223999517212,0.0287951129947219,0.0889992718786227,0.0109822553974213,0.121391289862194,0.0416172361349312,0.00739281237605183,0.0420215830951574,0.0110345009829738,0.210538413804566,0.00736086755458297
SO_42233,PICO_SO150817,2015-08-17,PICO,SOLA,2015,Aug,Summer,224588.06251,733163.322940001,16911.37583,14067.52103,149.0796,2184.35563,2022.75917,0,3093.28525,0,671.67282,0,262.17447,838.99615,821.9524,4468.62514,0,367.88995,0,0.0225364312106198,0.0173223999517212,0.0287951129947219,0.0889992718786227,0.0109822553974213,0.121391289862194,0.0416172361349312,0.00739281237605183,0.0420215830951574,0.0110345009829738,0.210538413804566,0.00736086755458297
SO_42240,PICO_SO150824,2015-08-24,PICO,SOLA,2015,Aug,Summer,404434.18377,877142.909113002,14520.7823,36084.85757,1263.47654,7335.54307,3857.245195,3379.4202,1699.74749,0,1611.73625,0,519.21225,197.88159,974.4646,2638.49575,120.77601,2189.4725,0,0.0221539883639135,0.0159031233852781,0.050096974694252,0.0940312662673941,0,0.147683261464241,0.0700004951069748,0.00994050657116564,0.0935546178400929,0.0173766299798735,0.27863088522927,0.00970759519312405
SO_42247,PICO_SO150831,2015-08-31,PICO,SOLA,2015,Aug,Summer,346856.69383,1053110.255789,4202.41282,22465.137499,1035.72392,5052.45548,915.70385,664.85397,2706.552996,0,1396.66296,0,503.84301,0,202.43881,3612.86588,483.98725,1718.376,0,0.0197484547885917,0.0144370882747816,0.0316678536606492,0.133714379036332,0.0103638052106043,0.0943000234201649,0.0351132076739771,0.00393020709922955,0.0649529438869501,0.0193922033904358,0.226812085476499,0.00761691654417663
SO_42254,PICO_SO150907,2015-09-07,PICO,SOLA,2015,Sep,Autumn,263953.37272,854312.344434999,8256.672,31972.46062,302.67426,5866.43174,1159.99743,615.1756,1620.40452,0,1980.56899,0,4424.18689,261.63367,1317.83828,6662.36922,0,36262.92931,0,0.037503921334498,0.00898145778175786,0.0447139898463438,0.233405319894839,0.0113082145833246,0.12555361759992,0.0526921991178134,0.00448026842799316,0.0314067542432553,0,0.289444720862782,0.00662718293097349
SO_42254,NANO_SO150907,2015-09-07,NANO,SOLA,2015,Sep,Autumn,595.2461,1503625.6697,3269.98433,138009.653504,14618.9564,28941.8995,2433.39825,0,0,1097.008,4108.6648,0,14161.016,2236.8309,3453.1265,7341.20586,1062.2063,216419.73374,2297.0906,0.037503921334498,0.00898145778175786,0.0447139898463438,0.233405319894839,0.0113082145833246,0.12555361759992,0.0526921991178134,0.00448026842799316,0.0314067542432553,0,0.289444720862782,0.00662718293097349
SO_42289,PICO_SO151012,2015-10-12,PICO,SOLA,2015,Oct,Autumn,331701.83944,914787.856555002,15035.6185,35889.12278,327.23968,3298.38459,1741.278165,978.12463,529.3085,0,3135.88627,1273.10971,1299.82866,5014.16008,737.2511,5666.71431,427.09717,2612.35427,0,0.0509182041880764,0.02080141615905,0.0605504861048287,0.344240077979431,0,0.21584513171696,0.044788849219215,0.0207089056068459,0.0480289524905936,0.0360848904724659,0.504544622476616,0.0107991586714528
SO_42289,NANO_SO151012,2015-10-12,NANO,SOLA,2015,Oct,Autumn,1498.06974,1620451.581246,1336.90784,4308.91864,298.107085,1909.34563,0,134.37422,0,0,697.96327,0,377.2192,176.88809,963.3598,2272.86989,161.9441,3743.736014,425.0117,0.0509182041880764,0.02080141615905,0.0605504861048287,0.344240077979431,0,0.21584513171696,0.044788849219215,0.0207089056068459,0.0480289524905936,0.0360848904724659,0.504544622476616,0.0107991586714528
SO_42296,NANO_SO151019,2015-10-19,NANO,SOLA,2015,Oct,Autumn,534.33358,1774570.839491,1581.718496,12430.330369,2341.02824,621.963668,217.145905,197.16212,205.96622,0,0,0,302.349036,555.560705,941.65984,6550.822066,0,5111.31694,146.214562,0.0485525648713149,0.0217922635833179,0.0573906799739701,0.270206178233155,0.0114783753516268,0.182389990351732,0.0526134830940641,0.0100770224439434,0.0606792531557919,0.0224906676080504,0.41811724347783,0.0118121832913452
SO_42296,PICO_SO151019,2015-10-19,PICO,SOLA,2015,Oct,Autumn,437493.515494,816413.089151001,3323.5889,7188.72072,560.44824,1788.62313,309.54681,0,510.40826,0,262.2281,0,567.721214,405.43066,548.64785,1858.69529,98.56159,500.49335,0,0.0485525648713149,0.0217922635833179,0.0573906799739701,0.270206178233155,0.0114783753516268,0.182389990351732,0.0526134830940641,0.0100770224439434,0.0606792531557919,0.0224906676080504,0.41811724347783,0.0118121832913452
SO_42303,NANO_SO151026,2015-10-26,NANO,SOLA,2015,Oct,Autumn,334.69201,1528558.208778,4152.1706,26379.465405,2852.5241,6531.70998,1310.94456,0,0,616.40045,421.93082,489.64068,603.52091,2924.401,1630.03674,5745.12774,82.895226,1825.81819,0,0.0315266518870085,0.0236195978844685,0.0649676682992106,0.197617465838813,0,0.147745927817624,0.029457523633982,0.00923537037069007,0.0444563971337071,0.0189278059296255,0.302285596691457,0.00554365060509809
SO_42303,PICO_SO151026,2015-10-26,PICO,SOLA,2015,Oct,Autumn,509523.33197,350896.0486,12212.49044,30021.16198,1465.35199,5679.30965,4056.04614,1160.51828,522.63407,0,1536.58179,0,729.11885,3163.3356,0,919.09044,1371.01367,3153.52635,0,0.0315266518870085,0.0236195978844685,0.0649676682992106,0.197617465838813,0,0.147745927817624,0.029457523633982,0.00923537037069007,0.0444563971337071,0.0189278059296255,0.302285596691457,0.00554365060509809
SO_42310,PICO_SO151102,2015-11-02,PICO,SOLA,2015,Nov,Autumn,235217.20469,602801.13921,8100.266126,34695.19827,1840.00744,3472.5701,2072.70765,3256.57606,1837.39577,0,2639.91272,0,1501.52576,9435.2348,0,1646.03155,708.311,1518.08276,0,0.0511679301535678,0.0391908628306519,0.0847472485652204,0.718979836262026,0,0.196172338142152,0.069949150247175,0.0226168704392071,0.0930182788142568,0.0358320472446084,0.797863986635293,0.0210005068153308
SO_42317,PICO_SO151109,2015-11-09,PICO,SOLA,2015,Nov,Autumn,153958.700201,404799.038696,7101.45131,8217.228066,144.19028,3463.97075,1086.83525,3024.07153,188.51732,0,407.83504,0,930.36423,5990.59465,0,1410.3145,218.40622,404.75047,0,0.180092790025739,0.0908349166500176,0.0802640447549524,1.45856912405804,0,0.282810446621897,0.159799359189348,0.0406879039020463,0.0470877150772818,0.0942255342356023,1.31935488167143,0.0273675465858867
SO_42317,NANO_SO151109,2015-11-09,NANO,SOLA,2015,Nov,Autumn,796.66291,1644675.154099,1348.626629,3404.612546,1147.1051,599.891636,0,438.121788,0,0,190.0718,0,728.528123,564.16665,698.85552,5496.059725,83.42165,1306.568247,0,0.180092790025739,0.0908349166500176,0.0802640447549524,1.45856912405804,0,0.282810446621897,0.159799359189348,0.0406879039020463,0.0470877150772818,0.0942255342356023,1.31935488167143,0.0273675465858867
SO_42324,NANO_SO151116,2015-11-16,NANO,SOLA,2015,Nov,Autumn,392.33228,1536409.84975,2813.05092,156653.63077,12252.18414,25914.50957,2585.90289,1220.33485,0,1156.8772,319.9873,0,6213.07265,9799.48495,0,15813.26517,311.16006,71104.27898,2633.4599,0.170046268508394,0.11881509460454,0.156127702923648,1.17032921190073,0,0.399033196971648,0.225329556767291,0.026230206149496,0.0366328797516526,0.0305214225232358,1.07717194116743,0.0199742048245527
SO_42324,PICO_SO151116,2015-11-16,PICO,SOLA,2015,Nov,Autumn,204242.30931,473799.73934,10896.41051,52987.20816,178.5778,5435.52907,0,3274.63067,3286.67758,0,1543.71269,0,874.31696,4716.3088,967.16473,3678.73061,1294.9006,635.4047,494.52316,0.170046268508394,0.11881509460454,0.156127702923648,1.17032921190073,0,0.399033196971648,0.225329556767291,0.026230206149496,0.0366328797516526,0.0305214225232358,1.07717194116743,0.0199742048245527
SO_42341,NANO_SO151203,2015-12-03,NANO,SOLA,2015,Dec,Winter,75184.7784,1037102.49899,18190.29867,228506.52736,12506.75697,30747.94007,33756.01772,6532.76613,698.73224,0,11484.26359,0,4956.39032,31746.51502,2008.96278,6066.0245,3437.6016,11231.85161,237.4147,0.0371021313984746,0,0.0781742107256223,0.127369518890252,0,0.19724091523407,0.0226358538692368,0.0163085666893336,0.0360366893513353,0.0256147088205903,0.347012840321229,0.00492993752445061
SO_42341,PICO_SO151203,2015-12-03,PICO,SOLA,2015,Dec,Winter,485036.960022,458127.670760001,10479.37188,46389.448848,272.44467,6387.90097,7329.29854,993.68372,969.46206,0,748.226246,0,0,4954.34346,175.88202,4890.56188,0,1399.88508,0,0.0371021313984746,0,0.0781742107256223,0.127369518890252,0,0.19724091523407,0.0226358538692368,0.0163085666893336,0.0360366893513353,0.0256147088205903,0.347012840321229,0.00492993752445061
SO_42352,NANO_SO151214,2015-12-14,NANO,SOLA,2015,Dec,Winter,19564.113895,1534993.318193,48021.863655,105067.821494,7197.365055,20149.805445,21994.429924,12755.22324,123.82441,0,16596.17089,0,3748.045274,28425.69346,435.13485,10487.51597,2186.7114,10032.61415,109.12861,0.0406244858641582,0.0207412583779398,0.0774081143431608,0.220025672830031,0,0.143969616372463,0.0325553773199717,0.0223252268650668,0.0446939665430567,0.0517153213834319,0.396434384498998,0.0100090233431281
SO_42352,PICO_SO151214,2015-12-14,PICO,SOLA,2015,Dec,Winter,467345.86064,217196.904277,21004.00069,31481.187189,3021.607505,3633.377705,8518.720414,5165.108406,0,0,714.41692,0,819.63974,3579.10526,284.51852,2830.88277,678.09233,661.0871,0,0.0406244858641582,0.0207412583779398,0.0774081143431608,0.220025672830031,0,0.143969616372463,0.0325553773199717,0.0223252268650668,0.0446939665430567,0.0517153213834319,0.396434384498998,0.0100090233431281
SO_42359,NANO_SO151221,2015-12-21,NANO,SOLA,2015,Dec,Winter,40130.91056,1384209.320846,34225.65769,139249.388654,7315.01527,27285.87369,30636.1991,11883.02719,371.64712,0,14966.70672,0,11175.23602,41813.72055,553.38909,2306.14615,2615.0896,14840.70268,363.55515,0.0904694545437513,0.023966880634673,0.162514745315979,0.499814330768114,0,0.280133914804023,0.0674415910333128,0.0409875681906967,0.0373400351053328,0.0536507513269007,0.679770765083352,0.0117422505564435
SO_42359,PICO_SO151221,2015-12-21,PICO,SOLA,2015,Dec,Winter,334455.33826,297202.470313,23581.07507,59447.249204,3043.72816,7271.294446,8698.05788,8754.25889,244.815675,0,3183.166794,0,2026.438035,14145.3497,720.448,472.13483,1294.3008,2679.45051,167.94058,0.0904694545437513,0.023966880634673,0.162514745315979,0.499814330768114,0,0.280133914804023,0.0674415910333128,0.0409875681906967,0.0373400351053328,0.0536507513269007,0.679770765083352,0.0117422505564435
SO_42376,NANO_SO160107,2016-01-07,NANO,SOLA,2016,Jan,Winter,5442.48651,1191568.817035,3086.93739,18553.73676,2744.3478,4385.73797,2885.02074,0,0,0,4844.47519,0,3682.3767,767.41614,1393.1554,1946.42004,0,3073.96089,409.7516,0.11713655711356,0.0529832007357309,0.0722895602695559,0.991953046544546,0,0.220001953528531,0.108071905259242,0.0234521265929212,0.0216498322338305,0.0335171247996806,0.817251740045434,0.0136300119989771
SO_42376,PICO_SO160107,2016-01-07,PICO,SOLA,2016,Jan,Winter,250885.52083,149146.03831,7752.99032,21455.79203,0,3712.69109,5059.03748,3771.8769,343.6773,0,3494.72361,433.9464,2383.76449,2815.86712,0,696.0008,311.24432,1718.56337,0,0.11713655711356,0.0529832007357309,0.0722895602695559,0.991953046544546,0,0.220001953528531,0.108071905259242,0.0234521265929212,0.0216498322338305,0.0335171247996806,0.817251740045434,0.0136300119989771
SO_42380,NANO_SO160111,2016-01-11,NANO,SOLA,2016,Jan,Winter,228351.64925,467508.81527,27424.48056,113726.85548,10438.36964,16186.18375,34019.97575,6790.0936,1070.6959,0,5689.48622,0,6794.5875,5829.3018,733.7247,968.39942,1343.908,15491.5299,0,0.0413619175760024,0.0127353892615519,0.0534613994725497,0.453766956449725,0,0.0930781384836681,0.0343209621195156,0.0120897166071826,0.0193472977265951,0.0203409236077527,0.36257896004612,0.0079362366126967
SO_42380,PICO_SO160111,2016-01-11,PICO,SOLA,2016,Jan,Winter,332300.37767,68021.56162,10385.4329,36002.65498,2007.36717,7809.3008,12245.83269,7256.21429,0,0,433.6145,0,0,2375.18575,391.9208,736.0116,421.6527,3328.3588,0,0.0413619175760024,0.0127353892615519,0.0534613994725497,0.453766956449725,0,0.0930781384836681,0.0343209621195156,0.0120897166071826,0.0193472977265951,0.0203409236077527,0.36257896004612,0.0079362366126967
SO_42383,PICO_SO160114,2016-01-14,PICO,SOLA,2016,Jan,Winter,660776.93296,185051.013771,12279.43118,78020.382776,2782.24458,12070.85724,17618.647755,11161.8477,1006.26187,0,2179.58739,0,2144.1163,10571.91444,633.12815,626.26479,641.1222,1341.59014,0,0.0810879459027772,0.0306534984007349,0.149715153279977,0.533714642539664,0,0.298549977996877,0.065015395827763,0.0336800445327433,0.0459670338808823,0.040414050635797,0.628331472603168,0.0120573128793693
SO_42383,NANO_SO160114,2016-01-14,NANO,SOLA,2016,Jan,Winter,246102.095365,818154.965476999,27926.813785,196869.368219,7598.58484,34334.913175,39317.339571,10597.14727,2890.13207,0,13161.92915,496.84357,8857.748536,32827.29416,2503.47966,2629.33846,2469.655,8194.73068,209.07896,0.0810879459027772,0.0306534984007349,0.149715153279977,0.533714642539664,0,0.298549977996877,0.065015395827763,0.0336800445327433,0.0459670338808823,0.040414050635797,0.628331472603168,0.0120573128793693
SO_42390,PICO_SO160121,2016-01-21,PICO,SOLA,2016,Jan,Winter,396894.968695,596300.840375,23255.27259,81375.359695,2058.41995,13715.17917,20700.38518,15283.49469,254.92075,0,5881.15158,299.04163,4349.72824,14780.40855,393.67508,2422.5588,2305.4599,4399.73638,0,0.0914236090017367,0.0451694537220402,0.184525287373544,0.578472314108637,0,0.335044717230469,0.0844149844703293,0.046923325374139,0.0488075079484396,0.0573205105134302,0.754442956376035,0.0129315071075291
SO_42397,NANO_SO160128,2016-01-28,NANO,SOLA,2016,Jan,Winter,44153.17966,487628.75943,69175.9717,466347.80061,23338.8681,56963.91375,108446.92572,29164.59569,325.2023,0,100427.28307,1707.4007,41376.13643,133595.22415,0,4114.456,15831.744,32588.55045,3848.5546,0.0497522209632951,0.0310805563609007,0.102814981903715,0.126170791285074,0.0212609291240931,0.204661158504172,0.0317314596028819,0.0432737698587804,0.045722156967062,0.063565505763651,0.412493313222009,0.00528214609410297
SO_42397,PICO_SO160128,2016-01-28,PICO,SOLA,2016,Jan,Winter,695972.768239,265901.008482,50394.4457,68986.442014,755.523636,15669.405775,20364.808621,16976.579085,97.72951,0,1539.58158,136.46912,247.418516,9816.9863,455.155085,2113.32552,52.23473,3100.265365,274.17325,0.0497522209632951,0.0310805563609007,0.102814981903715,0.126170791285074,0.0212609291240931,0.204661158504172,0.0317314596028819,0.0432737698587804,0.045722156967062,0.063565505763651,0.412493313222009,0.00528214609410297
SO_42415,NANO_SO160215,2016-02-15,NANO,SOLA,2016,Feb,Winter,54122.53135,657851.80396,87057.88306,348156.5536,11766.81402,39154.88146,45413.23996,49309.0011,522.51685,0,81549.90033,0,67262.87541,35829.44975,0,0,5935.071,17356.52075,0,0.17320519240585,0.0421163022945754,0.106936593853074,1.51691658514645,0.027096437992955,0.301238324415392,0.117178922963199,0.0409670604613454,0.0127970824913914,0.090613131755538,1.38394941852304,0.0207920950176784
SO_42415,PICO_SO160215,2016-02-15,PICO,SOLA,2016,Feb,Winter,280148.12897,73834.876365,82306.06728,122290.39535,2670.20343,12052.35755,11521.08079,57473.30379,0,0,2851.20598,0,1228.47231,9272.71822,293.0068,312.22037,525.3915,3770.93343,428.00047,0.17320519240585,0.0421163022945754,0.106936593853074,1.51691658514645,0.027096437992955,0.301238324415392,0.117178922963199,0.0409670604613454,0.0127970824913914,0.090613131755538,1.38394941852304,0.0207920950176784
SO_42418,NANO_SO160218,2016-02-18,NANO,SOLA,2016,Feb,Winter,16614.11791,1114061.37589,18446.60779,138264.06406,8913.2865,12489.4514,25300.412,19440.23352,0,0,16003.73081,1506.0195,100522.15995,22308.87313,1293.38519,2310.3933,2161.6575,15968.01076,0,0.248156557866595,0.0615917799497527,0.107584188144113,2.20902378280935,0.0145377958990045,0.352091983868645,0.175327766866006,0.0571255105718274,0.0139303695298799,0.0861528305405479,2.00798293220102,0.0364064293262625
SO_42418,PICO_SO160218,2016-02-18,PICO,SOLA,2016,Feb,Winter,201989.54719,111071.764821,72944.02384,168842.13715,3158.8601,15765.33835,15008.49613,53967.79281,0,0,7317.67091,1410.41873,4527.41511,20242.745,278.6765,0,1499.0874,5127.86813,327.8547,0.248156557866595,0.0615917799497527,0.107584188144113,2.20902378280935,0.0145377958990045,0.352091983868645,0.175327766866006,0.0571255105718274,0.0139303695298799,0.0861528305405479,2.00798293220102,0.0364064293262625
SO_42422,NANO_SO160222,2016-02-22,NANO,SOLA,2016,Feb,Winter,17582.54243,1043122.22039,29834.55431,190326.63553,10308.39317,38779.16889,18056.50562,24848.05082,444.13712,1357.9364,26324.11096,1144.38997,83812.94471,41685.40504,378.65536,770.5163,4684.881,20099.0959,1137.32977,0.111025158068556,0.0839318250114646,0.161098468097233,0.583535380039578,0.0357292698509305,0.336738482028912,0.0930961998620148,0.0926965772862568,0.0145364088905548,0.0867923379372106,0.912593669642417,0.0125203514969308
SO_42422,PICO_SO160222,2016-02-22,PICO,SOLA,2016,Feb,Winter,172870.05947,181363.838979,43475.46887,140698.378969,1998.22338,11472.602364,14222.624917,54142.31684,0,0,9389.76326,636.49915,2614.5928,20766.73031,1989.47602,0,1474.9221,3394.4792,0,0.111025158068556,0.0839318250114646,0.161098468097233,0.583535380039578,0.0357292698509305,0.336738482028912,0.0930961998620148,0.0926965772862568,0.0145364088905548,0.0867923379372106,0.912593669642417,0.0125203514969308
SO_42425,PICO_SO160225,2016-02-25,PICO,SOLA,2016,Feb,Winter,162547.11769,94338.2597139999,51371.90002,58937.22405,1003.05885,852.24103,5016.05441,71343.20132,493.32434,0,0,0,0,4534.43594,1161.67007,0,884.5816,905.39526,0,0.109405143863346,0.0747222407994557,0.0630795158660888,0.742211692376561,0.0333920077269968,0.196334525565672,0.0793478823142156,0.0586955823309634,0.0194901076517812,0.100940363683559,0.971582352999421,0.0113937261768503
SO_42425,NANO_SO160225,2016-02-25,NANO,SOLA,2016,Feb,Winter,15190.12435,1361688.4217,41335.52368,92446.8363,8178.42127,9577.4808,8604.21072,33229.43991,0,355.0012,8103.73567,498.9206,36608.55612,15840.87988,963.6731,199.92845,763.8646,11971.79569,1115.0374,0.109405143863346,0.0747222407994557,0.0630795158660888,0.742211692376561,0.0333920077269968,0.196334525565672,0.0793478823142156,0.0586955823309634,0.0194901076517812,0.100940363683559,0.971582352999421,0.0113937261768503
SO_42436,NANO_SO160307,2016-03-07,NANO,SOLA,2016,Mar,Spring,0,1192676.510009,4929.79257,14566.160656,2345.58038,963.594766,547.88864,5220.63261,0,0,0,393.3638,11595.7786,3362.0466,0,306.43625,0,1212.36266,323.94666,0.198827021515236,0.0678472790237726,0.055867078146599,1.75705056929966,0.0244819923837673,0.160182919952751,0.149385095552756,0.0810198863482095,0.00857056530323919,0.0815042139935061,1.68829053678682,0.0251939653003211
SO_42436,PICO_SO160307,2016-03-07,PICO,SOLA,2016,Mar,Spring,38743.29471,50788.04275,30557.64774,29651.89838,663.45134,3436.59479,5108.2646,54321.58783,813.96082,0,1417.89627,818.7031,0,9921.61964,0,0,0,1062.9141,0,0.198827021515236,0.0678472790237726,0.055867078146599,1.75705056929966,0.0244819923837673,0.160182919952751,0.149385095552756,0.0810198863482095,0.00857056530323919,0.0815042139935061,1.68829053678682,0.0251939653003211
SO_42438,NANO_SO160309,2016-03-09,NANO,SOLA,2016,Mar,Spring,1113.10792,1481663.68821,9571.66832,21996.5604,5362.32475,2503.49245,5620.14787,11490.22808,0,0,1157.79297,0,27966.5702,7159.5564,0,0,267.83765,6398.72026,260.64737,0.184695179490337,0.0620438532776735,0.0846397387471199,1.37576277136697,0.0432858077311899,0.219714421738258,0.145026539785892,0.0884174011844808,0.0115779463734701,0.112676352255868,1.38004637560468,0.0190252976902187
SO_42438,PICO_SO160309,2016-03-09,PICO,SOLA,2016,Mar,Spring,78133.0942800001,79110.06512,22576.9432,26291.435015,195.95451,1942.06674,3052.93161,54829.25625,341.9961,0,533.75894,0,1264.24588,4409.9776,0,0,250.01093,1765.85703,0,0.184695179490337,0.0620438532776735,0.0846397387471199,1.37576277136697,0.0432858077311899,0.219714421738258,0.145026539785892,0.0884174011844808,0.0115779463734701,0.112676352255868,1.38004637560468,0.0190252976902187
SO_42443,NANO_SO160314,2016-03-14,NANO,SOLA,2016,Mar,Spring,0,1856748.21679,4140.391484,14403.706831,4146.26513,1081.58753,251.12505,3300.0729,0,352.15234,486.574,0,1087.20488,9368.45351,0,0,211.29141,2926.31644,0,0.241345439620818,0.0783065307668822,0.109246474555076,1.59180009849437,0.0514873102884664,0.363118994043123,0.264005988683521,0.20315079741781,0.0191000888216177,0.141461617113355,1.796511392774,0.0244748114007799
SO_42443,PICO_SO160314,2016-03-14,PICO,SOLA,2016,Mar,Spring,11224.28037,67080.821096,17313.22772,10488.57602,1015.83101,528.2691,2108.66856,38474.0329,0,0,0,0,0,5002.84892,0,0,0,735.38535,0,0.241345439620818,0.0783065307668822,0.109246474555076,1.59180009849437,0.0514873102884664,0.363118994043123,0.264005988683521,0.20315079741781,0.0191000888216177,0.141461617113355,1.796511392774,0.0244748114007799
SO_42446,NANO_SO160317,2016-03-17,NANO,SOLA,2016,Mar,Spring,0,1327158.57513,7125.95896,16451.50071,4487.93107,1459.88394,10667.51417,1927.32205,604.9563,0,4884.8366,0,3628.1269,8168.7641,0,0,0,2749.06319,0,0.128763920678247,0.105052138431218,0.0781547780876002,0.820423089254538,0.0409300647843423,0.238039410909334,0.120783858435599,0.123687387947749,0.0102360072208423,0.0969525575140319,1.03642375016919,0.0165416653313231
SO_42446,PICO_SO160317,2016-03-17,PICO,SOLA,2016,Mar,Spring,6146.14599,76393.11606,8404.11464,8035.0017,0,783.2229,667.92186,23473.35749,0,0,0,0,3307.56394,0,584.1466,0,0,0,0,0.128763920678247,0.105052138431218,0.0781547780876002,0.820423089254538,0.0409300647843423,0.238039410909334,0.120783858435599,0.123687387947749,0.0102360072208423,0.0969525575140319,1.03642375016919,0.0165416653313231
SO_42449,PICO_SO160321,2016-03-20,PICO,SOLA,2016,Mar,Spring,22664.45129,224229.565435,27261.43075,29985.85756,853.7617,4231.17501,5509.56986,52309.8083,989.70205,0,675.2585,0,247.69629,7430.63294,0,0,138.36827,0,0,0.110897411540456,0.0462878285803414,0.182092785267321,0.281930731262179,0.0968536445784303,0.632374980041762,0.15790501343792,0.163580313325289,0.0325577082543298,0.200261884652247,1.04376945801844,0.0160498055735726
SO_42454,PICO_SO160325,2016-03-25,PICO,SOLA,2016,Mar,Spring,9988.30777,957175.613520001,2498.5841,20489.26468,1840.95727,4502.3498,2441.96106,242.53624,1231.35313,0,1092.92796,0,2217.50087,1267.4917,0,0,154.72139,0,0,0.16226848108316,0.0503607707729727,0.0864550258579207,1.21319020320369,0,0.286010765733037,0.160347710074481,0.0578979247925465,0.0106280882037158,0.0499760097285353,1.16630691189619,0.0131794006817805
SO_42454,NANO_SO160325,2016-03-25,NANO,SOLA,2016,Mar,Spring,91.67407,396336.303483,16599.305,50451.773563,1558.590836,5437.89371,3936.050276,5321.59352,321.13359,0,2085.18566,379.91055,4813.423956,11266.81253,133.4496,0,72.707016,9340.45742,283.02063,0.16226848108316,0.0503607707729727,0.0864550258579207,1.21319020320369,0,0.286010765733037,0.160347710074481,0.0578979247925465,0.0106280882037158,0.0499760097285353,1.16630691189619,0.0131794006817805
SO_42460,PICO_SO160331,2016-03-31,PICO,SOLA,2016,Mar,Spring,8225.17862,508915.82917,8512.89697,19349.95103,0,669.07492,0,21711.98777,0,358.75626,819.27428,0,1750.31453,6572.7556,0,0,0,437.23416,0,0.122305505636906,0.0248016283470852,0,0.755649384340807,0.0224849970470852,0.30970074394574,0.0986010716506726,0.0741810680807175,0.0159164436926906,0.0626353699686099,0.9827302851,0.0182339405858296
SO_42460,NANO_SO160331,2016-03-31,NANO,SOLA,2016,Mar,Spring,0,1639802.858183,1899.61734,26735.26005,1808.95968,2366.09695,864.46766,986.34533,103.09464,1430.78165,251.51538,0,924.05577,7830.42403,0,0,0,5258.32257,719.44902,0.122305505636906,0.0248016283470852,0,0.755649384340807,0.0224849970470852,0.30970074394574,0.0986010716506726,0.0741810680807175,0.0159164436926906,0.0626353699686099,0.9827302851,0.0182339405858296
SO_42464,NANO_SO160404,2016-04-04,NANO,SOLA,2016,Apr,Spring,1380.494446,1713327.941309,4563.909545,21191.849023,823.45519,2788.092226,1946.431344,9692.37794,116.18231,0,549.63594,148.10628,3961.36993,6937.68417,0,132.57901,134.602687,2556.41116,148.77644,0.1306513847562,0.041794035448,0.111707155473333,0.722431946229333,0.048322964626,0.511530471118,0.113685866173333,0.112641733732,0.0512920522578,0.12430570823,1.15829007124,0.0208888759969333
SO_42464,PICO_SO160404,2016-04-04,PICO,SOLA,2016,Apr,Spring,35191.45998,231088.974794,4491.34723,4637.484975,0,688.88752,370.1187,22272.83458,121.629105,0,123.81668,1439.7474,0,0,0,0,0,0,0,0.1306513847562,0.041794035448,0.111707155473333,0.722431946229333,0.048322964626,0.511530471118,0.113685866173333,0.112641733732,0.0512920522578,0.12430570823,1.15829007124,0.0208888759969333
SO_42471,PICO_SO160411,2016-04-11,PICO,SOLA,2016,Apr,Spring,17483.89587,543710.943123,6043.49717,5372.22526,0,1068.97166,0,10082.83043,1331.52081,0,593.45466,0,677.46925,3250.12184,269.71686,0,107.886734,703.0821,0,0.0801728055282,0.0160368020413333,0.06719167468,0.405370357802667,0.032048787236,0.201302826308,0.0811379978433333,0.0965357606473333,0.076079905977,0.0860823577533333,0.765451306907333,0.0203986328814
SO_42471,NANO_SO160411,2016-04-11,NANO,SOLA,2016,Apr,Spring,643.19053,1858408.192167,2206.162011,988.701562,338.631166,48.478996,0,4333.510289,183.66838,0,533.390325,0,547.311628,2856.28056,71.49118,0,0,481.897293,0,0.0801728055282,0.0160368020413333,0.06719167468,0.405370357802667,0.032048787236,0.201302826308,0.0811379978433333,0.0965357606473333,0.076079905977,0.0860823577533333,0.765451306907333,0.0203986328814
SO_42474,NANO_SO160414,2016-04-14,NANO,SOLA,2016,Apr,Spring,1761.189038,1895836.240261,981.360026,334.118534,288.860838,38.284184,0,2224.46555,1331.886508,62.82533,209.209335,0,1817.121966,1687.92781,272.24307,210.361636,33.795692,427.909335,100.00766,0.0990430359765,0,0.1050272276,0.143470586186667,0.0161754108475,0.2009188470925,0.0720896379933333,0.224032904360833,0.107892035472,0.0571782551083333,0.830522065670833,0.0197570922913333
SO_42474,PICO_SO160414,2016-04-14,PICO,SOLA,2016,Apr,Spring,23694.78016,1271730.760594,1938.594966,7012.17131,420.24764,1566.661445,90.80401,3334.53395,995.27486,0,285.791134,0,542.9563,6715.2997,0,0,0,501.24318,0,0.0990430359765,0,0.1050272276,0.143470586186667,0.0161754108475,0.2009188470925,0.0720896379933333,0.224032904360833,0.107892035472,0.0571782551083333,0.830522065670833,0.0197570922913333
SO_42478,NANO_SO160418,2016-04-18,NANO,SOLA,2016,Apr,Spring,0,2046623.541276,1156.206868,1223.147708,766.367492,144.527955,0,898.268289,91.016558,0,170.16854,172.444884,1011.49776,4459.408525,0,348.5447,28.432821,1548.291682,0,0.071950521489,0.01457348563,0,0.00496450553333333,0.0164621524225,0.172176781345,0.0811970088858333,0.0899060125333333,0.11569733349825,0.04588408,0.67974457485,0.0273968779169167
SO_42478,PICO_SO160418,2016-04-18,PICO,SOLA,2016,Apr,Spring,27835.01565,916485.034498999,2708.3372,850.062,0,0,0,4923.73473,0,0,0,0,277.28214,370.9761,568.10373,0,0,0,0,0.071950521489,0.01457348563,0,0.00496450553333333,0.0164621524225,0.172176781345,0.0811970088858333,0.0899060125333333,0.11569733349825,0.04588408,0.67974457485,0.0273968779169167
SO_42481,PICO_SO160421,2016-04-21,PICO,SOLA,2016,Apr,Spring,98170.627385,972684.829689,5036.0468,47917.46079,397.42372,5819.27542,2068.45342,10081.89618,2903.77011,0,0,0,0,15576.08696,179.0313,371.89456,0,874.5941,0,0.0267105204135,0.0137797618016667,0.0239384519416667,0.06629245564,0,0.07347595755,0.0201096519275,0.0287744357175,0.07144268895825,0.0083236588875,0.271576673330833,0.00883960407216666
SO_42481,NANO_SO160421,2016-04-21,NANO,SOLA,2016,Apr,Spring,87.010025,2059759.07825,1122.255,3700.801982,1845.55281,1649.51446,88.861305,775.616247,859.844689,803.1695,464.76107,0,2205.406598,15512.834849,0,774.042242,0,1865.909451,84.09023,0.0267105204135,0.0137797618016667,0.0239384519416667,0.06629245564,0,0.07347595755,0.0201096519275,0.0287744357175,0.07144268895825,0.0083236588875,0.271576673330833,0.00883960407216666
SO_42485,PICO_SO160425,2016-04-25,PICO,SOLA,2016,Apr,Spring,65418.73812,604894.96985,11226.05813,20949.01304,0,1364.98116,488.99802,6691.33899,1831.54722,0,1137.46755,0,1167.96042,707.4865,319.7295,0,0,392.7386,0,0.1987360154934,0.0465587655573333,0.0640862286333333,0.94005267696,0,0.238685990388,0.117583217691333,0.0422427009253333,0.0393616829508,0.0196976531766667,1.08058346106067,0.026143024658
SO_42485,NANO_SO160425,2016-04-25,NANO,SOLA,2016,Apr,Spring,0,1997036.356641,1379.61508,6290.14003,1442.88113,1043.692204,151.22783,0,437.32938,0,3234.138854,0,6625.49147,6453.1492,0,825.59702,448.4687,8418.814344,218.21465,0.1987360154934,0.0465587655573333,0.0640862286333333,0.94005267696,0,0.238685990388,0.117583217691333,0.0422427009253333,0.0393616829508,0.0196976531766667,1.08058346106067,0.026143024658
SO_42527,NANO_SO160606,2016-06-06,NANO,SOLA,2016,Jun,Summer,0,1697296.238994,3459.4347,10972.524188,1188.013924,496.43931,1302.098116,599.5361,136.33434,270.92078,1521.92514,0,1733.6433,3821.78128,188.67697,8938.874795,72.86835,68648.56352,0,0.0544383076545,0,0.09268514884,0.172951776856,0,0.301694912553,0.079840629146,0.008960249771,0.0714935752335,0.02033238295,0.492007495497,0.0163666534302
SO_42527,PICO_SO160606,2016-06-06,PICO,SOLA,2016,Jun,Summer,125722.30532,946948.601019999,17171.336,14124.05494,0,12418.45433,362.89355,0,0,0,0,0,0,0,0,4120.17029,0,1100.98946,0,0.0544383076545,0,0.09268514884,0.172951776856,0,0.301694912553,0.079840629146,0.008960249771,0.0714935752335,0.02033238295,0.492007495497,0.0163666534302
SO_42534,PICO_SO160613,2016-06-13,PICO,SOLA,2016,Jun,Summer,96173.8138400001,791308.02926,16081.65768,32674.95787,2857.9589,9996.8565,500.12878,960.78634,377.1921,0,767.24304,0,0,0,0,9439.2845,232.81856,1263.9326,0,0.0228166721244,0.014208253312,0.0321427461,0.062187498072,0,0.127273136904,0.038703375741,0.005699516196,0.0368528254317,0.01160293673,0.232907202714,0.0063309151032
