;NANO_SO150105;NANO_SO150108;NANO_SO150115;NANO_SO150122;NANO_SO150129;NANO_SO150204;NANO_SO150209;NANO_SO150216;NANO_SO150223;NANO_SO150304;NANO_SO150316;NANO_SO150420;NANO_SO150427;NANO_SO150504;NANO_SO150601;NANO_SO150622;NANO_SO150715;NANO_SO150720;NANO_SO150817;NANO_SO150907;NANO_SO151012;NANO_SO151019;NANO_SO151026;NANO_SO151109;NANO_SO151116;NANO_SO151203;NANO_SO151214;NANO_SO151221;NANO_SO160107;NANO_SO160111;NANO_SO160114;NANO_SO160128;NANO_SO160215;NANO_SO160218;NANO_SO160222;NANO_SO160225;NANO_SO160307;NANO_SO160309;NANO_SO160314;NANO_SO160317;NANO_SO160325;NANO_SO160331;NANO_SO160404;NANO_SO160411;NANO_SO160414;NANO_SO160418;NANO_SO160421;NANO_SO160425;NANO_SO160606
NANO_SO150105;0.000000;0.716995;0.678190;0.721277;0.696482;0.736045;0.733855;0.722450;0.776162;0.763541;0.856920;0.930064;0.949706;0.953924;0.948644;0.967467;0.968342;0.943406;0.962386;0.933921;0.899497;0.889085;0.877825;0.869777;0.910947;0.816350;0.716933;0.732133;0.829919;0.785436;0.754016;0.791852;0.806549;0.804048;0.790530;0.802300;0.880244;0.844170;0.885427;0.890197;0.903627;0.925502;0.892167;0.912924;0.916205;0.923230;0.928273;0.942194;0.924273
NANO_SO150108;0.716995;0.000000;0.635234;0.789420;0.814393;0.729924;0.730727;0.777189;0.809981;0.828696;0.864053;0.948020;0.970583;0.977126;0.960678;0.973706;0.970540;0.969778;0.976272;0.960973;0.951447;0.938934;0.926590;0.923071;0.941517;0.871454;0.802859;0.794616;0.889895;0.800464;0.812078;0.841440;0.791760;0.863303;0.822224;0.816369;0.909250;0.877094;0.927571;0.910122;0.907509;0.950785;0.913119;0.927771;0.927695;0.937408;0.944161;0.954994;0.950645
NANO_SO150115;0.678190;0.635234;0.000000;0.621643;0.718892;0.591314;0.590612;0.619516;0.683675;0.728985;0.791432;0.908563;0.946670;0.958073;0.947527;0.963199;0.968867;0.959026;0.966385;0.943133;0.911505;0.896513;0.884148;0.871071;0.921226;0.842982;0.765626;0.727840;0.812843;0.705289;0.743402;0.809661;0.756528;0.800252;0.765778;0.736347;0.841261;0.812673;0.871870;0.843518;0.854780;0.910530;0.855602;0.875605;0.876055;0.897062;0.910775;0.923296;0.915581
NANO_SO150122;0.721277;0.789420;0.621643;0.000000;0.597030;0.621660;0.615747;0.506503;0.529357;0.623577;0.692762;0.842737;0.887884;0.906670;0.951432;0.961969;0.971766;0.953571;0.961492;0.936993;0.847939;0.837642;0.818727;0.812082;0.903713;0.827175;0.772659;0.713209;0.711199;0.728280;0.759162;0.831239;0.817080;0.732983;0.730820;0.693371;0.751518;0.718977;0.785044;0.754909;0.831083;0.841525;0.803347;0.829242;0.839083;0.846566;0.863476;0.877088;0.891926
NANO_SO150129;0.696482;0.814393;0.718892;0.597030;0.000000;0.701927;0.687489;0.589105;0.631927;0.619010;0.729617;0.878268;0.898636;0.908453;0.956214;0.965153;0.972654;0.958756;0.967537;0.945393;0.860203;0.856404;0.844528;0.834255;0.919652;0.813698;0.732132;0.729272;0.745888;0.764096;0.753703;0.781907;0.827662;0.754543;0.744431;0.756131;0.778119;0.731069;0.770991;0.805998;0.865398;0.858518;0.838568;0.866138;0.883303;0.877392;0.894318;0.914568;0.915815
NANO_SO150204;0.736045;0.729924;0.591314;0.621660;0.701927;0.000000;0.567943;0.588549;0.650983;0.703487;0.748953;0.893747;0.928266;0.941739;0.954051;0.966968;0.973040;0.963527;0.970507;0.948857;0.906965;0.893917;0.882217;0.872122;0.929857;0.847362;0.786888;0.743362;0.796042;0.699898;0.746947;0.825507;0.768889;0.776976;0.743374;0.703899;0.811944;0.773792;0.834590;0.806475;0.837438;0.884954;0.828457;0.855401;0.856970;0.886072;0.898592;0.904523;0.912854
NANO_SO150209;0.733855;0.730727;0.590612;0.615747;0.687489;0.567943;0.000000;0.532528;0.628194;0.664192;0.755123;0.905467;0.942595;0.952528;0.952166;0.968712;0.976838;0.971102;0.976576;0.955056;0.910905;0.898503;0.881699;0.875697;0.936820;0.839083;0.779908;0.737468;0.794333;0.680030;0.729007;0.801941;0.762440;0.772310;0.729986;0.699160;0.808581;0.777041;0.837700;0.798277;0.823676;0.887460;0.822033;0.850937;0.852768;0.888812;0.905451;0.921813;0.921583
NANO_SO150216;0.722450;0.777189;0.619516;0.506503;0.589105;0.588549;0.532528;0.000000;0.487246;0.543544;0.673000;0.855497;0.903937;0.915749;0.953776;0.965923;0.975975;0.962750;0.969853;0.946604;0.867874;0.857279;0.837828;0.829899;0.925742;0.829579;0.767440;0.710582;0.726650;0.696606;0.725498;0.800817;0.780587;0.712922;0.691119;0.662888;0.722508;0.693528;0.748608;0.736147;0.799869;0.830980;0.766497;0.805162;0.813027;0.849284;0.868847;0.880865;0.901485
NANO_SO150223;0.776162;0.809981;0.683675;0.529357;0.631927;0.650983;0.628194;0.487246;0.000000;0.523608;0.582700;0.789292;0.839540;0.869283;0.953714;0.965590;0.977649;0.962967;0.968352;0.940910;0.848147;0.844472;0.824390;0.800895;0.913323;0.843815;0.796455;0.728583;0.697802;0.739696;0.758016;0.822998;0.810581;0.727258;0.697764;0.666941;0.671163;0.637227;0.704453;0.699950;0.783885;0.770102;0.730914;0.763032;0.789208;0.799218;0.835378;0.848555;0.881954
NANO_SO150304;0.763541;0.828696;0.728985;0.623577;0.619010;0.703487;0.664192;0.543544;0.523608;0.000000;0.650322;0.785686;0.825711;0.873690;0.952427;0.967728;0.977302;0.967211;0.973701;0.943204;0.854878;0.849392;0.833606;0.811025;0.922818;0.840376;0.785653;0.741970;0.740335;0.756641;0.750735;0.804445;0.819813;0.742606;0.724293;0.715163;0.696932;0.687347;0.656049;0.751540;0.803388;0.750145;0.717867;0.746440;0.793432;0.806482;0.840054;0.868537;0.890223
NANO_SO150316;0.856920;0.864053;0.791432;0.692762;0.729617;0.748953;0.755123;0.673000;0.582700;0.650322;0.000000;0.737056;0.784309;0.846535;0.952131;0.965766;0.977804;0.961538;0.969221;0.937642;0.854857;0.849292;0.837560;0.813205;0.912056;0.880536;0.838050;0.776427;0.741862;0.804223;0.816033;0.877235;0.843180;0.790640;0.751020;0.713144;0.686258;0.651862;0.717453;0.722138;0.807492;0.766682;0.728460;0.746835;0.773752;0.757882;0.785330;0.814172;0.862316
NANO_SO150420;0.930064;0.948020;0.908563;0.842737;0.878268;0.893747;0.905467;0.855497;0.789292;0.785686;0.737056;0.000000;0.487471;0.614441;0.952926;0.962127;0.973926;0.949543;0.963339;0.930672;0.746780;0.789298;0.775960;0.653260;0.903232;0.924905;0.893128;0.850591;0.731283;0.906879;0.892594;0.951077;0.924755;0.853205;0.862982;0.822857;0.665145;0.681965;0.660172;0.702123;0.758299;0.654138;0.602090;0.579349;0.657390;0.596724;0.651413;0.763729;0.857373
NANO_SO150427;0.949706;0.970583;0.946670;0.887884;0.898636;0.928266;0.942595;0.903937;0.839540;0.825711;0.784309;0.487471;0.000000;0.384820;0.967663;0.971814;0.978260;0.967024;0.972407;0.947127;0.757446;0.821183;0.795866;0.615384;0.924560;0.933522;0.912397;0.884206;0.769531;0.930223;0.915690;0.954863;0.941367;0.878930;0.872723;0.855081;0.537361;0.621214;0.566247;0.745357;0.815481;0.614980;0.727034;0.757200;0.835249;0.810694;0.838220;0.854959;0.894655
NANO_SO150504;0.953924;0.977126;0.958073;0.906670;0.908453;0.941739;0.952528;0.915749;0.869283;0.873690;0.846535;0.614441;0.384820;0.000000;0.967165;0.962625;0.974138;0.959588;0.964435;0.952027;0.779238;0.833992;0.816842;0.652957;0.927521;0.925499;0.908671;0.888601;0.793020;0.939966;0.922625;0.954023;0.948858;0.893396;0.884881;0.879177;0.567685;0.685019;0.575950;0.784723;0.837430;0.676000;0.791709;0.818195;0.880041;0.866324;0.886771;0.889199;0.912725
NANO_SO150601;0.948644;0.960678;0.947527;0.951432;0.956214;0.954051;0.952166;0.953776;0.953714;0.952427;0.952131;0.952926;0.967663;0.967165;0.000000;0.901097;0.945880;0.910362;0.948918;0.879595;0.916691;0.897129;0.909934;0.912745;0.902972;0.949008;0.928712;0.918942;0.910665;0.950164;0.919269;0.958431;0.952850;0.958239;0.956858;0.952365;0.957903;0.954148;0.969132;0.951066;0.926298;0.955526;0.929156;0.918737;0.921886;0.910479;0.922770;0.936971;0.827737
NANO_SO150622;0.967467;0.973706;0.963199;0.961969;0.965153;0.966968;0.968712;0.965923;0.965590;0.967728;0.965766;0.962127;0.971814;0.962625;0.901097;0.000000;0.914526;0.864429;0.928003;0.864505;0.932070;0.908467;0.929170;0.933683;0.917691;0.961658;0.953371;0.951488;0.933625;0.965797;0.948485;0.965260;0.962557;0.965527;0.967688;0.968498;0.968687;0.967404;0.971274;0.969852;0.953678;0.970322;0.963246;0.959389;0.963392;0.954079;0.945704;0.951331;0.874861
NANO_SO150715;0.968342;0.970540;0.968867;0.971766;0.972654;0.973040;0.976838;0.975975;0.977649;0.977302;0.977804;0.973926;0.978260;0.974138;0.945880;0.914526;0.000000;0.884561;0.911464;0.903715;0.952039;0.941114;0.942732;0.959228;0.934347;0.952391;0.956859;0.951366;0.957961;0.971480;0.955561;0.961336;0.959751;0.966173;0.965310;0.969804;0.977767;0.974305;0.984329;0.981060;0.973511;0.979647;0.976709;0.974859;0.977354;0.968724;0.963116;0.960780;0.931162
NANO_SO150720;0.943406;0.969778;0.959026;0.953571;0.958756;0.963527;0.971102;0.962750;0.962967;0.967211;0.961538;0.949543;0.967024;0.959588;0.910362;0.864429;0.884561;0.000000;0.860165;0.832319;0.878438;0.855305;0.877507;0.890878;0.875672;0.949443;0.907475;0.914111;0.925473;0.963067;0.934881;0.969762;0.963147;0.958959;0.964613;0.962108;0.968185;0.962390;0.966208;0.968157;0.965105;0.968847;0.962412;0.956999;0.958214;0.946081;0.928757;0.941531;0.841502
NANO_SO150817;0.962386;0.976272;0.966385;0.961492;0.967537;0.970507;0.976576;0.969853;0.968352;0.973701;0.969221;0.963339;0.972407;0.964435;0.948918;0.928003;0.911464;0.860165;0.000000;0.874935;0.926097;0.909560;0.919340;0.936661;0.909416;0.949312;0.946213;0.939965;0.943773;0.969221;0.954715;0.974655;0.969710;0.964669;0.967906;0.964552;0.972807;0.967323;0.976060;0.974635;0.974841;0.972122;0.972300;0.968555;0.971804;0.963186;0.952451;0.956696;0.919983
NANO_SO150907;0.933921;0.960973;0.943133;0.936993;0.945393;0.948857;0.955056;0.946604;0.940910;0.943204;0.937642;0.930672;0.947127;0.952027;0.879595;0.864505;0.903715;0.832319;0.874935;0.000000;0.851667;0.813590;0.846666;0.856416;0.861535;0.930583;0.902204;0.889695;0.882155;0.938800;0.906056;0.953123;0.943992;0.941750;0.943148;0.937291;0.942843;0.937245;0.949671;0.936233;0.924561;0.940169;0.922514;0.917817;0.920472;0.908233;0.912880;0.923296;0.818300
NANO_SO151012;0.899497;0.951447;0.911505;0.847939;0.860203;0.906965;0.910905;0.867874;0.848147;0.854878;0.854857;0.746780;0.757446;0.779238;0.916691;0.932070;0.952039;0.878438;0.926097;0.851667;0.000000;0.476484;0.477321;0.555003;0.838481;0.873571;0.788457;0.793603;0.717628;0.902659;0.856533;0.936523;0.929624;0.866979;0.881671;0.868635;0.755576;0.758023;0.762172;0.791265;0.833966;0.781391;0.788920;0.791393;0.826688;0.824946;0.854943;0.905836;0.844092
NANO_SO151019;0.889085;0.938934;0.896513;0.837642;0.856404;0.893917;0.898503;0.857279;0.844472;0.849392;0.849292;0.789298;0.821183;0.833992;0.897129;0.908467;0.941114;0.855305;0.909560;0.813590;0.476484;0.000000;0.443958;0.560878;0.793680;0.853005;0.770387;0.776811;0.708821;0.881449;0.831231;0.921947;0.914223;0.852114;0.868477;0.851368;0.790234;0.795548;0.794136;0.813530;0.836627;0.810022;0.798618;0.791120;0.821326;0.818815;0.832216;0.894918;0.814961
NANO_SO151026;0.877825;0.926590;0.884148;0.818727;0.844528;0.882217;0.881699;0.837828;0.824390;0.833606;0.837560;0.775960;0.795866;0.816842;0.909934;0.929170;0.942732;0.877507;0.919340;0.846666;0.477321;0.443958;0.000000;0.587011;0.794978;0.811605;0.747891;0.745800;0.691433;0.858110;0.813052;0.905656;0.903231;0.838405;0.844285;0.833825;0.775296;0.775136;0.780257;0.808327;0.839904;0.808505;0.795768;0.776609;0.814356;0.814738;0.836085;0.902447;0.838840
NANO_SO151109;0.869777;0.923071;0.871071;0.812082;0.834255;0.872122;0.875697;0.829899;0.800895;0.811025;0.813205;0.653260;0.615384;0.652957;0.912745;0.933683;0.959228;0.890878;0.936661;0.856416;0.555003;0.560878;0.587011;0.000000;0.800692;0.852709;0.764291;0.763136;0.684639;0.870081;0.828258;0.921572;0.915183;0.853501;0.865558;0.847540;0.654863;0.687883;0.687385;0.751567;0.786654;0.696930;0.739530;0.761886;0.802995;0.800387;0.843598;0.887729;0.838269
NANO_SO151116;0.910947;0.941517;0.921226;0.903713;0.919652;0.929857;0.936820;0.925742;0.913323;0.922818;0.912056;0.903232;0.924560;0.927521;0.902972;0.917691;0.934347;0.875672;0.909416;0.861535;0.838481;0.793680;0.794978;0.800692;0.000000;0.892366;0.875351;0.848204;0.817405;0.913447;0.871871;0.931312;0.921764;0.905997;0.902030;0.895397;0.915776;0.897562;0.929207;0.903350;0.910602;0.919792;0.907521;0.906622;0.915267;0.894315;0.892663;0.913250;0.840036
NANO_SO151203;0.816350;0.871454;0.842982;0.827175;0.813698;0.847362;0.839083;0.829579;0.843815;0.840376;0.880536;0.924905;0.933522;0.925499;0.949008;0.961658;0.952391;0.949443;0.949312;0.930583;0.873571;0.853005;0.811605;0.852709;0.892366;0.000000;0.651196;0.669605;0.811439;0.791028;0.737479;0.774596;0.848256;0.841656;0.808953;0.829149;0.883679;0.852363;0.886606;0.893305;0.901347;0.834717;0.894059;0.892428;0.909812;0.914676;0.917257;0.929681;0.924472
NANO_SO151214;0.716933;0.802859;0.765626;0.772659;0.732132;0.786888;0.779908;0.767440;0.796455;0.785653;0.838050;0.893128;0.912397;0.908671;0.928712;0.953371;0.956859;0.907475;0.946213;0.902204;0.788457;0.770387;0.747891;0.764291;0.875351;0.651196;0.000000;0.579676;0.774644;0.764699;0.690549;0.750430;0.788722;0.802968;0.778513;0.788327;0.845161;0.817028;0.840220;0.868074;0.878019;0.848822;0.862377;0.865399;0.882786;0.879692;0.887942;0.911354;0.876604
NANO_SO151221;0.732133;0.794616;0.727840;0.713209;0.729272;0.743362;0.737468;0.710582;0.728583;0.741970;0.776427;0.850591;0.884206;0.888601;0.918942;0.951488;0.951366;0.914111;0.939965;0.889695;0.793603;0.776811;0.745800;0.763136;0.848204;0.669605;0.579676;0.000000;0.708650;0.717550;0.662293;0.757470;0.762601;0.748940;0.723893;0.715867;0.793300;0.759762;0.818570;0.805405;0.829580;0.814419;0.811097;0.814200;0.834063;0.836573;0.846600;0.875142;0.856393
NANO_SO160107;0.829919;0.889895;0.812843;0.711199;0.745888;0.796042;0.794333;0.726650;0.697802;0.740335;0.741862;0.731283;0.769531;0.793020;0.910665;0.933625;0.957961;0.925473;0.943773;0.882155;0.717628;0.708821;0.691433;0.684639;0.817405;0.811439;0.774644;0.708650;0.000000;0.764741;0.727207;0.825539;0.831559;0.709473;0.727520;0.705969;0.656798;0.611588;0.680375;0.622373;0.690147;0.672816;0.661840;0.712698;0.765390;0.765386;0.808583;0.818147;0.830689
NANO_SO160111;0.785436;0.800464;0.705289;0.728280;0.764096;0.699898;0.680030;0.696606;0.739696;0.756641;0.804223;0.906879;0.930223;0.939966;0.950164;0.965797;0.971480;0.963067;0.969221;0.938800;0.902659;0.881449;0.858110;0.870081;0.913447;0.791028;0.764699;0.717550;0.764741;0.000000;0.636517;0.765539;0.762471;0.762025;0.721023;0.707437;0.825118;0.780534;0.836974;0.813243;0.844572;0.884801;0.823743;0.848244;0.838875;0.884341;0.893025;0.913899;0.901211
NANO_SO160114;0.754016;0.812078;0.743402;0.759162;0.753703;0.746947;0.729007;0.725498;0.758016;0.750735;0.816033;0.892594;0.915690;0.922625;0.919269;0.948485;0.955561;0.934881;0.954715;0.906056;0.856533;0.831231;0.813052;0.828258;0.871871;0.737479;0.690549;0.662293;0.727207;0.636517;0.000000;0.680367;0.744351;0.736416;0.703910;0.717971;0.816982;0.772443;0.827357;0.809669;0.814555;0.860874;0.811451;0.831512;0.834163;0.864702;0.878668;0.906915;0.872490
NANO_SO160128;0.791852;0.841440;0.809661;0.831239;0.781907;0.825507;0.801941;0.800817;0.822998;0.804445;0.877235;0.951077;0.954863;0.954023;0.958431;0.965260;0.961336;0.969762;0.974655;0.953123;0.936523;0.921947;0.905656;0.921572;0.931312;0.774596;0.750430;0.757470;0.825539;0.765539;0.680367;0.000000;0.760483;0.781595;0.738134;0.791359;0.878733;0.827240;0.880888;0.879394;0.889407;0.916393;0.891107;0.914494;0.924774;0.928423;0.935750;0.950254;0.944866
NANO_SO160215;0.806549;0.791760;0.756528;0.817080;0.827662;0.768889;0.762440;0.780587;0.810581;0.819813;0.843180;0.924755;0.941367;0.948858;0.952850;0.962557;0.959751;0.963147;0.969710;0.943992;0.929624;0.914223;0.903231;0.915183;0.921764;0.848256;0.788722;0.762601;0.831559;0.762471;0.744351;0.760483;0.000000;0.738223;0.693958;0.693674;0.845438;0.791826;0.881891;0.845069;0.844738;0.897333;0.852668;0.872049;0.878903;0.897057;0.902334;0.911990;0.913487
NANO_SO160218;0.804048;0.863303;0.800252;0.732983;0.754543;0.776976;0.772310;0.712922;0.727258;0.742606;0.790640;0.853205;0.878930;0.893396;0.958239;0.965527;0.966173;0.958959;0.964669;0.941750;0.866979;0.852114;0.838405;0.853501;0.905997;0.841656;0.802968;0.748940;0.709473;0.762025;0.736416;0.781595;0.738223;0.000000;0.612745;0.623669;0.734488;0.673061;0.768292;0.737900;0.798692;0.803206;0.774697;0.808239;0.827328;0.851649;0.861679;0.862726;0.896777
NANO_SO160222;0.790530;0.822224;0.765778;0.730820;0.744431;0.743374;0.729986;0.691119;0.697764;0.724293;0.751020;0.862982;0.872723;0.884881;0.956858;0.967688;0.965310;0.964613;0.967906;0.943148;0.881671;0.868477;0.844285;0.865558;0.902030;0.808953;0.778513;0.723893;0.727520;0.721023;0.703910;0.738134;0.693958;0.612745;0.000000;0.568446;0.728502;0.643637;0.771286;0.730006;0.797442;0.815657;0.779014;0.812602;0.828973;0.853656;0.867835;0.881655;0.901481
NANO_SO160225;0.802300;0.816369;0.736347;0.693371;0.756131;0.703899;0.699160;0.662888;0.666941;0.715163;0.713144;0.822857;0.855081;0.879177;0.952365;0.968498;0.969804;0.962108;0.964552;0.937291;0.868635;0.851368;0.833825;0.847540;0.895397;0.829149;0.788327;0.715867;0.705969;0.707437;0.717971;0.791359;0.693674;0.623669;0.568446;0.000000;0.695189;0.618304;0.751298;0.672206;0.755775;0.754489;0.721066;0.756811;0.780957;0.812804;0.825674;0.842323;0.874098
NANO_SO160307;0.880244;0.909250;0.841261;0.751518;0.778119;0.811944;0.808581;0.722508;0.671163;0.696932;0.686258;0.665145;0.537361;0.567685;0.957903;0.968687;0.977767;0.968185;0.972807;0.942843;0.755576;0.790234;0.775296;0.654863;0.915776;0.883679;0.845161;0.793300;0.656798;0.825118;0.816982;0.878733;0.845438;0.734488;0.728502;0.695189;0.000000;0.456341;0.407803;0.569248;0.684633;0.521210;0.600541;0.675756;0.756072;0.754658;0.807004;0.803000;0.882124
NANO_SO160309;0.844170;0.877094;0.812673;0.718977;0.731069;0.773792;0.777041;0.693528;0.637227;0.687347;0.651862;0.681965;0.621214;0.685019;0.954148;0.967404;0.974305;0.962390;0.967323;0.937245;0.758023;0.795548;0.775136;0.687883;0.897562;0.852363;0.817028;0.759762;0.611588;0.780534;0.772443;0.827240;0.791826;0.673061;0.643637;0.618304;0.456341;0.000000;0.538486;0.535401;0.690176;0.574251;0.625926;0.705793;0.761591;0.756303;0.797536;0.809132;0.868535
NANO_SO160314;0.885427;0.927571;0.871870;0.785044;0.770991;0.834590;0.837700;0.748608;0.704453;0.656049;0.717453;0.660172;0.566247;0.575950;0.969132;0.971274;0.984329;0.966208;0.976060;0.949671;0.762172;0.794136;0.780257;0.687385;0.929207;0.886606;0.840220;0.818570;0.680375;0.836974;0.827357;0.880888;0.881891;0.768292;0.771286;0.751298;0.407803;0.538486;0.000000;0.613254;0.726548;0.532070;0.619773;0.680267;0.768539;0.763844;0.809387;0.813545;0.902957
NANO_SO160317;0.890197;0.910122;0.843518;0.754909;0.805998;0.806475;0.798277;0.736147;0.699950;0.751540;0.722138;0.702123;0.745357;0.784723;0.951066;0.969852;0.981060;0.968157;0.974635;0.936233;0.791265;0.813530;0.808327;0.751567;0.903350;0.893305;0.868074;0.805405;0.622373;0.813243;0.809669;0.879394;0.845069;0.737900;0.730006;0.672206;0.569248;0.535401;0.613254;0.000000;0.612559;0.604573;0.579586;0.667998;0.722213;0.733338;0.786560;0.793015;0.869724
NANO_SO160325;0.903627;0.907509;0.854780;0.831083;0.865398;0.837438;0.823676;0.799869;0.783885;0.803388;0.807492;0.758299;0.815481;0.837430;0.926298;0.953678;0.973511;0.965105;0.974841;0.924561;0.833966;0.836627;0.839904;0.786654;0.910602;0.901347;0.878019;0.829580;0.690147;0.844572;0.814555;0.889407;0.844738;0.798692;0.797442;0.755775;0.684633;0.690176;0.726548;0.612559;0.000000;0.652757;0.567291;0.618461;0.681019;0.730293;0.795359;0.793460;0.872004
NANO_SO160331;0.925502;0.950785;0.910530;0.841525;0.858518;0.884954;0.887460;0.830980;0.770102;0.750145;0.766682;0.654138;0.614980;0.676000;0.955526;0.970322;0.979647;0.968847;0.972122;0.940169;0.781391;0.810022;0.808505;0.696930;0.919792;0.834717;0.848822;0.814419;0.672816;0.884801;0.860874;0.916393;0.897333;0.803206;0.815657;0.754489;0.521210;0.574251;0.532070;0.604573;0.652757;0.000000;0.524770;0.571153;0.691371;0.695348;0.754552;0.763304;0.875020
NANO_SO160404;0.892167;0.913119;0.855602;0.803347;0.838568;0.828457;0.822033;0.766497;0.730914;0.717867;0.728460;0.602090;0.727034;0.791709;0.929156;0.963246;0.976709;0.962412;0.972300;0.922514;0.788920;0.798618;0.795768;0.739530;0.907521;0.894059;0.862377;0.811097;0.661840;0.823743;0.811451;0.891107;0.852668;0.774697;0.779014;0.721066;0.600541;0.625926;0.619773;0.579586;0.567291;0.524770;0.000000;0.406488;0.491106;0.555834;0.640203;0.727346;0.832822
NANO_SO160411;0.912924;0.927771;0.875605;0.829242;0.866138;0.855401;0.850937;0.805162;0.763032;0.746440;0.746835;0.579349;0.757200;0.818195;0.918737;0.959389;0.974859;0.956999;0.968555;0.917817;0.791393;0.791120;0.776609;0.761886;0.906622;0.892428;0.865399;0.814200;0.712698;0.848244;0.831512;0.914494;0.872049;0.808239;0.812602;0.756811;0.675756;0.705793;0.680267;0.667998;0.618461;0.571153;0.406488;0.000000;0.373864;0.419273;0.549734;0.697089;0.812705
NANO_SO160414;0.916205;0.927695;0.876055;0.839083;0.883303;0.856970;0.852768;0.813027;0.789208;0.793432;0.773752;0.657390;0.835249;0.880041;0.921886;0.963392;0.977354;0.958214;0.971804;0.920472;0.826688;0.821326;0.814356;0.802995;0.915267;0.909812;0.882786;0.834063;0.765390;0.838875;0.834163;0.924774;0.878903;0.827328;0.828973;0.780957;0.756072;0.761591;0.768539;0.722213;0.681019;0.691371;0.491106;0.373864;0.000000;0.460694;0.549299;0.728275;0.800150
NANO_SO160418;0.923230;0.937408;0.897062;0.846566;0.877392;0.886072;0.888812;0.849284;0.799218;0.806482;0.757882;0.596724;0.810694;0.866324;0.910479;0.954079;0.968724;0.946081;0.963186;0.908233;0.824946;0.818815;0.814738;0.800387;0.894315;0.914676;0.879692;0.836573;0.765386;0.884341;0.864702;0.928423;0.897057;0.851649;0.853656;0.812804;0.754658;0.756303;0.763844;0.733338;0.730293;0.695348;0.555834;0.419273;0.460694;0.000000;0.485379;0.689680;0.788884
NANO_SO160421;0.928273;0.944161;0.910775;0.863476;0.894318;0.898592;0.905451;0.868847;0.835378;0.840054;0.785330;0.651413;0.838220;0.886771;0.922770;0.945704;0.963116;0.928757;0.952451;0.912880;0.854943;0.832216;0.836085;0.843598;0.892663;0.917257;0.887942;0.846600;0.808583;0.893025;0.878668;0.935750;0.902334;0.861679;0.867835;0.825674;0.807004;0.797536;0.809387;0.786560;0.795359;0.754552;0.640203;0.549734;0.549299;0.485379;0.000000;0.676165;0.791065
NANO_SO160425;0.942194;0.954994;0.923296;0.877088;0.914568;0.904523;0.921813;0.880865;0.848555;0.868537;0.814172;0.763729;0.854959;0.889199;0.936971;0.951331;0.960780;0.941531;0.956696;0.923296;0.905836;0.894918;0.902447;0.887729;0.913250;0.929681;0.911354;0.875142;0.818147;0.913899;0.906915;0.950254;0.911990;0.862726;0.881655;0.842323;0.803000;0.809132;0.813545;0.793015;0.793460;0.763304;0.727346;0.697089;0.728275;0.689680;0.676165;0.000000;0.822798
NANO_SO160606;0.924273;0.950645;0.915581;0.891926;0.915815;0.912854;0.921583;0.901485;0.881954;0.890223;0.862316;0.857373;0.894655;0.912725;0.827737;0.874861;0.931162;0.841502;0.919983;0.818300;0.844092;0.814961;0.838840;0.838269;0.840036;0.924472;0.876604;0.856393;0.830689;0.901211;0.872490;0.944866;0.913487;0.896777;0.901481;0.874098;0.882124;0.868535;0.902957;0.869724;0.872004;0.875020;0.832822;0.812705;0.800150;0.788884;0.791065;0.822798;0.000000
